no,date,year,month,lop,service,routes,city_port,service_mode,total_call,bmph,gmph,average_cd,boxes,boxes_teus,on,moves,moves_teus,status,sumber_sheet
1.0,2022-01-01 00:00:00,2022,1,COS,GMI,IDJKT-IDSUB-SGSIN-MYPGU-SGSIN-MYKLA,Jakarta-Surabaya-Singapore-Pasir Gudang-Singapore-Port Kelang West,Feeder,4,37.5425,23.34,1.68,499.75,670.75,0.5,1999,2683,INTERNATIONAL,TOP SERVICES
2.0,2022-01-02 00:00:00,2022,1,COS,SSS-SAT,SGSIN-IDSUB-SGSIN,Singapore-Surabaya-Singapore,Feeder,1,69.53,34.45,2.09,2041,3018,1.0,2041,3018,INTERNATIONAL,TOP SERVICES
3.0,2022-01-03 00:00:00,2022,1,COS,SSS-WED,SGSIN-IDSUB-SGSIN,Singapore-Surabaya-Singapore,Feeder,1,88.67,36.55,2.63,1891,2919,1.0,1891,2919,INTERNATIONAL,TOP SERVICES
4.0,2022-01-04 00:00:00,2022,1,GSL,ITS,MYKLA-SGSIN-IDSRG-IDSUB-MYKLA- SGSIN-THBKK THSCS-THLCH,Port Klang-Singapore-Semarang-Surabaya-Port Klang- Singapore-Bangkok Sahathai Terminal-Laem Chabang,Feeder,1,47.24,24.88,2.08,812,1184,1.0,812,1184,INTERNATIONAL,TOP SERVICES
5.0,2022-01-05 00:00:00,2022,1,EMC,CIT,CNNBO-CNSGH-HKHKG (Zhujiang)-CNSHK-IDSUB-IDSRG-IDJKT-SGSIN-THLCH-HKHKG-CNNBO,Ningbo-Shanghai-Hong Kong (Zhujiang)-Shekou-Surabaya-Semarang-Jakarta-Singapore-Laemchabang-Hong Kong-Ningbo,Direct,3,54.73667,32.47,1.69,388.3333,625.6667,0.333333,1165,1877,INTERNATIONAL,TOP SERVICES
6.0,2022-01-06 00:00:00,2022,1,EMC,JPI-A,JPYOK-JPTYO-JPSMZ-JPNGO-JPUKB-TWTPE-TWKHH-PHMNL South-IDSUB-IDJKT-MYTPP-MYBTU-TWKHH,Yokohama-Tokyo-Shimizu-Nagoya-Kobe-Taipei-Kaohsiung-Manila South-Surabaya-Jakarta-Tanjung Pelepas-Bintulu-Kaohsiung,Direct,4,53.41,27.5325,2.055,757.5,1179.5,1.0,3030,4718,INTERNATIONAL,TOP SERVICES
7.0,2022-01-07 00:00:00,2022,1,EMC,JPI-B,CNSHK-HKHKG-IDJKT-IDSRG-IDSUB-PHMNL South-TWKHH-TWTPE-JPYOK,Shekou-Hong Kong-Jakarta-Semarang-Surabaya-Manila South-Kaohsiung-Taipei-Yokohama,Direct,3,33.73,20.14667,1.643333,691,1076.333,0.0,2073,3229,INTERNATIONAL,TOP SERVICES
8.0,2022-01-08 00:00:00,2022,1,EMC,TMI,IDSUB-IDSRG-MYTPP-THLCH,Surabaya-Semarang-Tanjung Pelepas-Laemchabang,Feeder,3,42.77,23.80667,1.92,521,799,0.0,1563,2397,INTERNATIONAL,TOP SERVICES
9.0,2022-01-09 00:00:00,2022,1,EMC,TIS (Discontinue),0,0,,0,0,0,0,0,0,0.0,0,0,INTERNATIONAL,TOP SERVICES
10.0,2022-01-10 00:00:00,2022,1,KMT,CKI,KRPUS-KRKWA-CNSGH-CNNBO-HKHKG-IDJKT-IDSUB-VNSGN VNCLI-CNNBO-CNSGH-KRPUS,Pusan-Kwangyang-Shanghai-Ningbo-Hongkong-Jakarta-Surabaya-Hochiminh Cat Lai-Ningbo-Shanghai-Pusan,Direct,4,45.57,24.795,2.0175,692.25,1017.5,0.0,2769,4070,INTERNATIONAL,TOP SERVICES
11.0,2022-01-11 00:00:00,2022,1,KAL,Ad Hoc KRL,Various route,Various route,Ad Hoc,1,22.17,22.04,1.12,458,458,1.0,458,458,INTERNATIONAL,TOP SERVICES
12.0,2022-01-12 00:00:00,2022,1,MEL,SDS,IDSUB-TLDIL-IDSUB-SGSIN (optional)-IDSUB,Surabaya-Dili-Surabaya-Singapore (optional)-Surabaya,Feeder,0,0,0,0,0,0,0.0,0,0,INTERNATIONAL,TOP SERVICES
13.0,2022-01-13 00:00:00,2022,1,KSL,KPG,IDJKT-IDSUB-MYKLA West-INNSA-AEJEA-LKCMB-SADMM-PKKHI-INMUN,Jakarta-Surabaya-Port Klang West-Nhava Sheva-Jebel Ali-Colomba-Dammam-Karachi-Mundra,Direct,0,0,0,0,0,0,0.0,0,0,INTERNATIONAL,TOP SERVICES
14.0,2022-01-14 00:00:00,2022,1,MSC,NEW JAVA F,SGSIN-MYTPP-IDJKT-IDSUB-SGSIN,Singapore-Tanjung Pelepas-Jakarta-Surabaya-Singapore,Feeder,3,67,28,2.4,2283,3653,0.67,6849,10960,INTERNATIONAL,TOP SERVICES
15.0,2022-01-15 00:00:00,2022,1,MSC,NEW JAVA T,SGSIN-MYTPP-IDSRG-IDSUB,Singapore-Tanjung Pelepas-Semarang-Surabaya,Feeder,1,16,22,1.5,286,498,0.0,286,498,INTERNATIONAL,TOP SERVICES
16.0,2022-01-16 00:00:00,2022,1,MSC,DOLPHIN,CNSGH-CNNBO-CNXAM-MYTPP-SGSIN-IDJKT-IDSUB-MYTPP-SGSIN-THLCH-VNVUT-CNSGH,Shanghai-Ningbo-Xiamen-Tanjung Pelepas-Singapore-Jakarta-Surabaya-Tanjung Pelepas-Singapore-Laem Chabang-Vung Tau-Shanghai,Direct,0,0,0,0,0,0,0.0,0,0,INTERNATIONAL,TOP SERVICES
17.0,2022-01-17 00:00:00,2022,1,MSK,IA-8,CNSGH-CNTXG-CNQIN-TWKEL-SGSIN-MYTPP-IDJKT-IDSUB-PHDVO-CNSGH,Shanghai-Xingang-Qingdao-Keelung-Singapore-Tanjung Pelepas-Jakarta-Surabaya-Davao-Shanghai,Direct,4,74,27,2.8,2444,3929,0.5,9776,15717,INTERNATIONAL,TOP SERVICES
18.0,2022-01-18 00:00:00,2022,1,ONE,CS 2,HKHKG–CNNSH–CNSHK–IDSUB–IDSRG– IDJKT–MYKLA (North)–MYKLA (West)– HKHKG,HongKong–Nansha–Shekou–Surabaya–Semarang– Jakarta–Port Klang (North)–Port Klang (West)– HongKong,Direct,1,33,21,1.7,614,948,0.0,614,948,INTERNATIONAL,TOP SERVICES
19.0,2022-01-19 00:00:00,2022,1,OOL,ITS,MYKLA-SGSIN-IDSRG-IDSUB-MYKLA- SGSIN-THBKK THSCS-THLCH,Port Klang-Singapore-Semarang-Surabaya-Port Klang- Singapore-Bangkok Sahathai Terminal-Laem Chabang,Feeder,2,45,28,1.8,710,1087,0.0,1420,3260,INTERNATIONAL,TOP SERVICES
20.0,2022-01-20 00:00:00,2022,1,PIL,SSE,SGSIN-IDSUB-SGSIN,Singapore-Surabaya-Singapore,Feeder,0,0,0,0,0,0,0.0,0,0,INTERNATIONAL,TOP SERVICES
21.0,2022-01-21 00:00:00,2022,1,PIL,SUS,0,0,0,0,0,0,0,0,0,0.0,0,0,INTERNATIONAL,TOP SERVICES
22.0,2022-01-22 00:00:00,2022,1,RCL,RMI3,SGSIN-IDSUB-SGSIN-MYKLA-MYNTL-MYKLA-SGSIN,Singapore-Surabaya-Singapore-Port Klang-Penang-Port Klang-Singapore,Feeder,0,0,0,0,0,0,0.0,0,0,INTERNATIONAL,TOP SERVICES
23.0,2022-01-23 00:00:00,2022,1,SIT,CMI,IDJKT-IDSRG-IDSUB-IDMAK-PHBTG-CNSGH-CNXAM-CNSHK-CNNSH-MYBTU-IDJKT,Jakarta-Semarang-Surabaya-Makassar-Batangas-Shanghai-Xiamen-Shekou-Nansha-Bintulu-Jakarta,Direct,5,34,23,1.6,436,697,0.6,2178,3485,INTERNATIONAL,TOP SERVICES
24.0,2022-01-24 00:00:00,2022,1,SIT,CMI2,CNSHK-CNNSH-VNSGN-IDJKT-IDSRG- IDSUB-MYBTU-CNQGS-CNSHK,Shekou-Nansha-Hochiminh-Jakarta-Semarang- Surabaya-Bintulu-Qinzhao-Shekou,Direct,0,0,0,0,0,0,0.0,0,0,INTERNATIONAL,TOP SERVICES
25.0,2022-01-25 00:00:00,2022,1,SSL,SSS-SAT,SGSIN-IDSUB-SGSIN,Singapore-Surabaya-Singapore,Feeder,3,87,37,2.4,2475,3563,1.0,7426,10688,INTERNATIONAL,TOP SERVICES
26.0,2022-01-26 00:00:00,2022,1,SSL,SSS-WED,SGSIN-IDSUB-SGSIN,Singapore-Surabaya-Singapore,Feeder,2,81,32,2.2,2767,4072,1.0,5533,8144,INTERNATIONAL,TOP SERVICES
27.0,2022-01-27 00:00:00,2022,1,SSL,SSE,SGSIN-IDSUB-SGSIN,Singapore-Surabaya-Singapore,Feeder,0,0,0,0,0,0,0.0,0,0,INTERNATIONAL,TOP SERVICES
28.0,2022-01-28 00:00:00,2022,1,WHL,CS 2,HKHKG–CNNSH–CNSHK–IDSUB–IDSRG– IDJKT–MYKLA (North)–MYKLA (West)– HKHKG,HongKong–Nansha–Shekou–Surabaya–Semarang– Jakarta–Port Klang (North)–Port Klang (West)– HongKong,Direct,1,33,20,1.8,507,718,1.0,507,718,INTERNATIONAL,TOP SERVICES
29.0,2022-01-29 00:00:00,2022,1,WHL,TPI,IDJKT-IDSRG-IDSUB-TWKHH-TWTXG-TWKHH-TWTPE,Jakarta-Semarang-Surabaya-Kaohsiung-Taichung-Kaohsiung-Taipei,Direct,3,32,20,1.7,671,990,0.0,2013,2969,INTERNATIONAL,TOP SERVICES
30.0,2022-01-30 00:00:00,2022,1,WHL,Ad Hoc WHL,Various route,Various route,Ad Hoc,0,0,0,0,0,0,0.0,0,0,INTERNATIONAL,TOP SERVICES
31.0,2022-01-31 00:00:00,2022,1,XCL,SSX,SGSIN-IDSUB-SGSIN,Singapore-Surabaya-Singapore,Feeder,3,36,19,1.9,891,1311,0.33,3565,5243,INTERNATIONAL,TOP SERVICES
32.0,2022-01-01 00:00:00,2022,1,YML,ITS,MYKLA-SGSIN-IDSRG-IDSUB-MYKLA- SGSIN-THBKK THSCS-THLCH,Port Klang-Singapore-Semarang-Surabaya-Port Klang- Singapore-Bangkok Sahathai Terminal-Laem Chabang,Feeder,1,57,36,1.7,785,1160,1.0,785,1160,INTERNATIONAL,TOP SERVICES
33.0,2022-01-02 00:00:00,2022,1,CMA,CHINA 1,CNSGH-CNNBO-CNSTG-CNSHK-IDJKT-IDSUB-PHMNL South-PHMNL North-CNSGH,Shanghai-Ningbo-Shantou-Shekou-Jakarta-Surabaya-Manila South-Manila North-Shanghai,Direct,5,44.19,24.68,1.954,705,1083,0.2,3525,5415,INTERNATIONAL,TOP SERVICES
34.0,2022-01-03 00:00:00,2022,1,CMA,CS 2,HKHKG–CNNSH–CNSHK–IDSUB–IDSRG– IDJKT–MYKLA (North)–MYKLA (West)– HKHKG,HongKong–Nansha–Shekou–Surabaya–Semarang– Jakarta–Port Klang (North)–Port Klang (West)– HongKong,Direct,2,42.315,32.945,1.395,475.5,658.5,0.0,951,1317,INTERNATIONAL,TOP SERVICES
35.0,2022-01-04 00:00:00,2022,1,CMA,KCS,North South: CNLYG-CNQIN-CNNSH-MYTPP-SGSIN-IDJKT-IDSUB-PHDVO-CNSGH-CNDAL. East-West: CNYTN-CNNSH-CNCWN-HKHKG-PHMNL South-PHMNL North,North South: Lianyungang-Qingdao-Nansha-Port Kelang-Singapore-Jakarta-Surabaya-Davao-Shanghai-Dalian. East-West: Yantian-Nansha-Chiwan-Hongkong-Manila South-Manila North,Direct,0,0,0,0,0,0,0.0,0,0,INTERNATIONAL,TOP SERVICES
36.0,2022-02-01 00:00:00,2022,2,COS,GMI,IDJKT-IDSUB-SGSIN-MYPGU-SGSIN-MYKLA,Jakarta-Surabaya-Singapore-Pasir Gudang-Singapore-Port Kelang West,Feeder,5,60,30,2,888,1382,0.6,4438,6912,INTERNATIONAL,TOP SERVICES
37.0,2022-02-02 00:00:00,2022,2,COS,SSS-SAT,SGSIN-IDSUB-SGSIN,Singapore-Surabaya-Singapore,Feeder,4,57,26,2.1,1480,2294,1.0,5918,9177,INTERNATIONAL,TOP SERVICES
38.0,2022-02-03 00:00:00,2022,2,COS,SSS-WED,SGSIN-IDSUB-SGSIN,Singapore-Surabaya-Singapore,Feeder,2,86,34,2.6,2176,3384,1.0,4351,6767,INTERNATIONAL,TOP SERVICES
39.0,2022-02-04 00:00:00,2022,2,GSL,ITS,MYKLA-SGSIN-IDSRG-IDSUB-MYKLA- SGSIN-THBKK THSCS-THLCH,Port Klang-Singapore-Semarang-Surabaya-Port Klang- Singapore-Bangkok Sahathai Terminal-Laem Chabang,Feeder,1,35,19,1.7,922,1374,0.0,922,1374,INTERNATIONAL,TOP SERVICES
40.0,2022-02-05 00:00:00,2022,2,EMC,CIT,CNNBO-CNSGH-HKHKG (Zhujiang)-CNSHK-IDSUB-IDSRG-IDJKT-SGSIN-THLCH-HKHKG-CNNBO,Ningbo-Shanghai-Hong Kong (Zhujiang)-Shekou-Surabaya-Semarang-Jakarta-Singapore-Laemchabang-Hong Kong-Ningbo,Direct,5,33,20,1.9,355,553,0.2,1773,2766,INTERNATIONAL,TOP SERVICES
41.0,2022-02-06 00:00:00,2022,2,EMC,JPI-A,JPYOK-JPTYO-JPSMZ-JPNGO-JPUKB-TWTPE-TWKHH-PHMNL South-IDSUB-IDJKT-MYTPP-MYBTU-TWKHH,Yokohama-Tokyo-Shimizu-Nagoya-Kobe-Taipei-Kaohsiung-Manila South-Surabaya-Jakarta-Tanjung Pelepas-Bintulu-Kaohsiung,Direct,3,41,22,1.9,825,1256,0.33,2474,3767,INTERNATIONAL,TOP SERVICES
42.0,2022-02-07 00:00:00,2022,2,EMC,JPI-B,CNSHK-HKHKG-IDJKT-IDSRG-IDSUB-PHMNL South-TWKHH-TWTPE-JPYOK,Shekou-Hong Kong-Jakarta-Semarang-Surabaya-Manila South-Kaohsiung-Taipei-Yokohama,Direct,4,45,23,2.1,735,1151,0.75,2940,4604,INTERNATIONAL,TOP SERVICES
43.0,2022-02-08 00:00:00,2022,2,EMC,TMI,IDSUB-IDSRG-MYTPP-THLCH,Surabaya-Semarang-Tanjung Pelepas-Laemchabang,Feeder,4,39,21,2,473,751,0.5,1892,3003,INTERNATIONAL,TOP SERVICES
44.0,2022-02-09 00:00:00,2022,2,EMC,TIS (Discontinue),0,0,,0,0,0,0,0,0,0.0,0,0,INTERNATIONAL,TOP SERVICES
45.0,2022-02-10 00:00:00,2022,2,KMT,CKI,KRPUS-KRKWA-CNSGH-CNNBO-HKHKG-IDJKT-IDSUB-VNSGN VNCLI-CNNBO-CNSGH-KRPUS,Pusan-Kwangyang-Shanghai-Ningbo-Hongkong-Jakarta-Surabaya-Hochiminh Cat Lai-Ningbo-Shanghai-Pusan,Direct,3,35,19,1.8,654,944,0.67,1961,2831,INTERNATIONAL,TOP SERVICES
46.0,2022-02-11 00:00:00,2022,2,KAL,Ad Hoc KRL,Various route,Various route,Ad Hoc,0,0,0,0,0,0,0.0,0,0,INTERNATIONAL,TOP SERVICES
47.0,2022-02-12 00:00:00,2022,2,MEL,SDS,IDSUB-TLDIL-IDSUB-SGSIN (optional)-IDSUB,Surabaya-Dili-Surabaya-Singapore (optional)-Surabaya,Feeder,0,0,0,0,0,0,0.0,0,0,INTERNATIONAL,TOP SERVICES
48.0,2022-02-13 00:00:00,2022,2,KSL,KPG,IDJKT-IDSUB-MYKLA West-INNSA-AEJEA-LKCMB-SADMM-PKKHI-INMUN,Jakarta-Surabaya-Port Klang West-Nhava Sheva-Jebel Ali-Colomba-Dammam-Karachi-Mundra,Direct,0,0,0,0,0,0,0.0,0,0,INTERNATIONAL,TOP SERVICES
49.0,2022-02-14 00:00:00,2022,2,MSC,NEW JAVA F,SGSIN-MYTPP-IDJKT-IDSUB-SGSIN,Singapore-Tanjung Pelepas-Jakarta-Surabaya-Singapore,Feeder,3,59,26,2.4,1766,2741,0.33,5297,8222,INTERNATIONAL,TOP SERVICES
50.0,2022-02-15 00:00:00,2022,2,MSC,NEW JAVA T,SGSIN-MYTPP-IDSRG-IDSUB,Singapore-Tanjung Pelepas-Semarang-Surabaya,Feeder,1,51,24,2.3,1454,2262,0.0,1454,2262,INTERNATIONAL,TOP SERVICES
51.0,2022-02-16 00:00:00,2022,2,MSC,DOLPHIN,CNSGH-CNNBO-CNXAM-MYTPP-SGSIN-IDJKT-IDSUB-MYTPP-SGSIN-THLCH-VNVUT-CNSGH,Shanghai-Ningbo-Xiamen-Tanjung Pelepas-Singapore-Jakarta-Surabaya-Tanjung Pelepas-Singapore-Laem Chabang-Vung Tau-Shanghai,Direct,0,0,0,0,0,0,0.0,0,0,INTERNATIONAL,TOP SERVICES
52.0,2022-02-17 00:00:00,2022,2,MSK,IA-8,CNSGH-CNTXG-CNQIN-TWKEL-SGSIN-MYTPP-IDJKT-IDSUB-PHDVO-CNSGH,Shanghai-Xingang-Qingdao-Keelung-Singapore-Tanjung Pelepas-Jakarta-Surabaya-Davao-Shanghai,Direct,4,61,25,2.4,2430,3780,0.25,9719,15119,INTERNATIONAL,TOP SERVICES
53.0,2022-02-18 00:00:00,2022,2,ONE,CS 2,HKHKG–CNNSH–CNSHK–IDSUB–IDSRG– IDJKT–MYKLA (North)–MYKLA (West)– HKHKG,HongKong–Nansha–Shekou–Surabaya–Semarang– Jakarta–Port Klang (North)–Port Klang (West)– HongKong,Direct,2,32,24,1.6,651,1022,0.0,1302,2044,INTERNATIONAL,TOP SERVICES
54.0,2022-02-19 00:00:00,2022,2,OOL,ITS,MYKLA-SGSIN-IDSRG-IDSUB-MYKLA- SGSIN-THBKK THSCS-THLCH,Port Klang-Singapore-Semarang-Surabaya-Port Klang- Singapore-Bangkok Sahathai Terminal-Laem Chabang,Feeder,1,33,15,2,710,1120,0.0,710,2240,INTERNATIONAL,TOP SERVICES
55.0,2022-02-20 00:00:00,2022,2,PIL,SSE,SGSIN-IDSUB-SGSIN,Singapore-Surabaya-Singapore,Feeder,0,0,0,0,0,0,0.0,0,0,INTERNATIONAL,TOP SERVICES
56.0,2022-02-21 00:00:00,2022,2,PIL,SUS,0,0,0,0,0,0,0,0,0,0.0,0,0,INTERNATIONAL,TOP SERVICES
57.0,2022-02-22 00:00:00,2022,2,RCL,RMI3,SGSIN-IDSUB-SGSIN-MYKLA-MYNTL-MYKLA-SGSIN,Singapore-Surabaya-Singapore-Port Klang-Penang-Port Klang-Singapore,Feeder,0,0,0,0,0,0,0.0,0,0,INTERNATIONAL,TOP SERVICES
58.0,2022-02-23 00:00:00,2022,2,SIT,CMI,IDJKT-IDSRG-IDSUB-IDMAK-PHBTG-CNSGH-CNXAM-CNSHK-CNNSH-MYBTU-IDJKT,Jakarta-Semarang-Surabaya-Makassar-Batangas-Shanghai-Xiamen-Shekou-Nansha-Bintulu-Jakarta,Direct,6,26,21,1.5,290,417,0.83,1737,2501,INTERNATIONAL,TOP SERVICES
59.0,2022-02-24 00:00:00,2022,2,SIT,CMI2,CNSHK-CNNSH-VNSGN-IDJKT-IDSRG- IDSUB-MYBTU-CNQGS-CNSHK,Shekou-Nansha-Hochiminh-Jakarta-Semarang- Surabaya-Bintulu-Qinzhao-Shekou,Direct,2,20,20,1,195,276,0.0,390,551,INTERNATIONAL,TOP SERVICES
60.0,2022-02-25 00:00:00,2022,2,SSL,SSS-SAT,SGSIN-IDSUB-SGSIN,Singapore-Surabaya-Singapore,Feeder,3,84,31,2.7,2679,3960,0.67,8036,11880,INTERNATIONAL,TOP SERVICES
61.0,2022-02-26 00:00:00,2022,2,SSL,SSS-WED,SGSIN-IDSUB-SGSIN,Singapore-Surabaya-Singapore,Feeder,3,78,30,2.5,2399,3707,1.0,7198,11122,INTERNATIONAL,TOP SERVICES
62.0,2022-02-27 00:00:00,2022,2,SSL,SSE,SGSIN-IDSUB-SGSIN,Singapore-Surabaya-Singapore,Feeder,0,0,0,0,0,0,0.0,0,0,INTERNATIONAL,TOP SERVICES
63.0,2022-02-28 00:00:00,2022,2,WHL,CS 2,HKHKG–CNNSH–CNSHK–IDSUB–IDSRG– IDJKT–MYKLA (North)–MYKLA (West)– HKHKG,HongKong–Nansha–Shekou–Surabaya–Semarang– Jakarta–Port Klang (North)–Port Klang (West)– HongKong,Direct,1,26,19,1.4,538,712,0.0,538,712,INTERNATIONAL,TOP SERVICES
64.0,2022-02-01 00:00:00,2022,2,WHL,TPI,IDJKT-IDSRG-IDSUB-TWKHH-TWTXG-TWKHH-TWTPE,Jakarta-Semarang-Surabaya-Kaohsiung-Taichung-Kaohsiung-Taipei,Direct,5,31,18,1.8,728,1059,0.6,3638,5294,INTERNATIONAL,TOP SERVICES
65.0,2022-02-02 00:00:00,2022,2,WHL,Ad Hoc WHL,Various route,Various route,Ad Hoc,3,27,20,1.5,415,638,1.0,1245,1913,INTERNATIONAL,TOP SERVICES
66.0,2022-02-03 00:00:00,2022,2,XCL,SSX,SGSIN-IDSUB-SGSIN,Singapore-Surabaya-Singapore,Feeder,3,30,20,1.6,522,793,0.33,1566,2379,INTERNATIONAL,TOP SERVICES
67.0,2022-02-04 00:00:00,2022,2,YML,ITS,MYKLA-SGSIN-IDSRG-IDSUB-MYKLA- SGSIN-THBKK THSCS-THLCH,Port Klang-Singapore-Semarang-Surabaya-Port Klang- Singapore-Bangkok Sahathai Terminal-Laem Chabang,Feeder,1,31,19,1.7,751,1119,0.0,751,1119,INTERNATIONAL,TOP SERVICES
68.0,2022-02-05 00:00:00,2022,2,CMA,CHINA 1,CNSGH-CNNBO-CNSTG-CNSHK-IDJKT-IDSUB-PHMNL South-PHMNL North-CNSGH,Shanghai-Ningbo-Shantou-Shekou-Jakarta-Surabaya-Manila South-Manila North-Shanghai,Direct,3,46,26,1.9,601,912,0.33,1803,2736,INTERNATIONAL,TOP SERVICES
69.0,2022-02-06 00:00:00,2022,2,CMA,CS 2,HKHKG–CNNSH–CNSHK–IDSUB–IDSRG– IDJKT–MYKLA (North)–MYKLA (West)– HKHKG,HongKong–Nansha–Shekou–Surabaya–Semarang– Jakarta–Port Klang (North)–Port Klang (West)– HongKong,Direct,0,0,0,0,0,0,0.0,0,0,INTERNATIONAL,TOP SERVICES
70.0,2022-02-07 00:00:00,2022,2,CMA,KCS,North South: CNLYG-CNQIN-CNNSH-MYTPP-SGSIN-IDJKT-IDSUB-PHDVO-CNSGH-CNDAL. East-West: CNYTN-CNNSH-CNCWN-HKHKG-PHMNL South-PHMNL North,North South: Lianyungang-Qingdao-Nansha-Port Kelang-Singapore-Jakarta-Surabaya-Davao-Shanghai-Dalian. East-West: Yantian-Nansha-Chiwan-Hongkong-Manila South-Manila North,Direct,4,70,37,2.1,879,1326,0.0,3515,5302,INTERNATIONAL,TOP SERVICES
71.0,2022-03-01 00:00:00,2022,3,COS,GMI,IDJKT-IDSUB-SGSIN-MYPGU-SGSIN-MYKLA,Jakarta-Surabaya-Singapore-Pasir Gudang-Singapore-Port Kelang West,Feeder,3,43,24,1.9,757,1082,0.33,2272,3247,INTERNATIONAL,TOP SERVICES
72.0,2022-03-02 00:00:00,2022,3,COS,SSS-SAT,SGSIN-IDSUB-SGSIN,Singapore-Surabaya-Singapore,Feeder,1,101,38,2.6,2270,3507,1.0,2270,3507,INTERNATIONAL,TOP SERVICES
73.0,2022-03-03 00:00:00,2022,3,COS,SSS-WED,SGSIN-IDSUB-SGSIN,Singapore-Surabaya-Singapore,Feeder,1,89,34,2.8,2185,3149,1.0,2185,3149,INTERNATIONAL,TOP SERVICES
74.0,2022-03-04 00:00:00,2022,3,GSL,ITS,MYKLA-SGSIN-IDSRG-IDSUB-MYKLA- SGSIN-THBKK THSCS-THLCH,Port Klang-Singapore-Semarang-Surabaya-Port Klang- Singapore-Bangkok Sahathai Terminal-Laem Chabang,Feeder,0,0,0,0,0,0,0.0,0,0,INTERNATIONAL,TOP SERVICES
75.0,2022-03-05 00:00:00,2022,3,EMC,CIT,CNNBO-CNSGH-HKHKG (Zhujiang)-CNSHK-IDSUB-IDSRG-IDJKT-SGSIN-THLCH-HKHKG-CNNBO,Ningbo-Shanghai-Hong Kong (Zhujiang)-Shekou-Surabaya-Semarang-Jakarta-Singapore-Laemchabang-Hong Kong-Ningbo,Direct,3,43,32,1.9,383,575,0.33,1150,1725,INTERNATIONAL,TOP SERVICES
76.0,2022-03-06 00:00:00,2022,3,EMC,JPI-A,JPYOK-JPTYO-JPSMZ-JPNGO-JPUKB-TWTPE-TWKHH-PHMNL South-IDSUB-IDJKT-MYTPP-MYBTU-TWKHH,Yokohama-Tokyo-Shimizu-Nagoya-Kobe-Taipei-Kaohsiung-Manila South-Surabaya-Jakarta-Tanjung Pelepas-Bintulu-Kaohsiung,Direct,4,49,23,2.3,955,1413,0.0,3819,5652,INTERNATIONAL,TOP SERVICES
77.0,2022-03-07 00:00:00,2022,3,EMC,JPI-B,CNSHK-HKHKG-IDJKT-IDSRG-IDSUB-PHMNL South-TWKHH-TWTPE-JPYOK,Shekou-Hong Kong-Jakarta-Semarang-Surabaya-Manila South-Kaohsiung-Taipei-Yokohama,Direct,3,50,25,2.1,877,1366,1.0,2632,4099,INTERNATIONAL,TOP SERVICES
78.0,2022-03-08 00:00:00,2022,3,EMC,TMI,IDSUB-IDSRG-MYTPP-THLCH,Surabaya-Semarang-Tanjung Pelepas-Laemchabang,Feeder,1,49,28,2,505,778,0.0,505,778,INTERNATIONAL,TOP SERVICES
79.0,2022-03-09 00:00:00,2022,3,EMC,TIS (Discontinue),0,0,,0,0,0,0,0,0,0.0,0,0,INTERNATIONAL,TOP SERVICES
80.0,2022-03-10 00:00:00,2022,3,KMT,CKI,KRPUS-KRKWA-CNSGH-CNNBO-HKHKG-IDJKT-IDSUB-VNSGN VNCLI-CNNBO-CNSGH-KRPUS,Pusan-Kwangyang-Shanghai-Ningbo-Hongkong-Jakarta-Surabaya-Hochiminh Cat Lai-Ningbo-Shanghai-Pusan,Direct,,4,39,21,2,695,969.0,0.25,2781,INTERNATIONAL,TOP SERVICES
81.0,2022-03-11 00:00:00,2022,3,KAL,Ad Hoc KRL,Various route,Various route,Ad Hoc,1,26,21,1.4,316,317,1.0,316,317,INTERNATIONAL,TOP SERVICES
82.0,2022-03-12 00:00:00,2022,3,MEL,SDS,IDSUB-TLDIL-IDSUB-SGSIN (optional)-IDSUB,Surabaya-Dili-Surabaya-Singapore (optional)-Surabaya,Feeder,1,31,29,1.4,262,302,0.0,262,302,INTERNATIONAL,TOP SERVICES
83.0,2022-03-13 00:00:00,2022,3,KSL,KPG,IDJKT-IDSUB-MYKLA West-INNSA-AEJEA-LKCMB-SADMM-PKKHI-INMUN,Jakarta-Surabaya-Port Klang West-Nhava Sheva-Jebel Ali-Colomba-Dammam-Karachi-Mundra,Direct,1,14,14,1.2,139,198,1.0,139,198,INTERNATIONAL,TOP SERVICES
84.0,2022-03-14 00:00:00,2022,3,MSC,NEW JAVA F,SGSIN-MYTPP-IDJKT-IDSUB-SGSIN,Singapore-Tanjung Pelepas-Jakarta-Surabaya-Singapore,Feeder,4,64,28,2.4,1894,2815,0.0,7575,11258,INTERNATIONAL,TOP SERVICES
85.0,2022-03-15 00:00:00,2022,3,MSC,NEW JAVA T,SGSIN-MYTPP-IDSRG-IDSUB,Singapore-Tanjung Pelepas-Semarang-Surabaya,Feeder,0,0,0,0,0,0,0.0,0,0,INTERNATIONAL,TOP SERVICES
86.0,2022-03-16 00:00:00,2022,3,MSC,DOLPHIN,CNSGH-CNNBO-CNXAM-MYTPP-SGSIN-IDJKT-IDSUB-MYTPP-SGSIN-THLCH-VNVUT-CNSGH,Shanghai-Ningbo-Xiamen-Tanjung Pelepas-Singapore-Jakarta-Surabaya-Tanjung Pelepas-Singapore-Laem Chabang-Vung Tau-Shanghai,Direct,0,0,0,0,0,0,0.0,0,0,INTERNATIONAL,TOP SERVICES
87.0,2022-03-17 00:00:00,2022,3,MSK,IA-8,CNSGH-CNTXG-CNQIN-TWKEL-SGSIN-MYTPP-IDJKT-IDSUB-PHDVO-CNSGH,Shanghai-Xingang-Qingdao-Keelung-Singapore-Tanjung Pelepas-Jakarta-Surabaya-Davao-Shanghai,Direct,4,80,31,2.7,2275,3552,0.75,9098,14206,INTERNATIONAL,TOP SERVICES
88.0,2022-03-18 00:00:00,2022,3,ONE,CS 2,HKHKG–CNNSH–CNSHK–IDSUB–IDSRG– IDJKT–MYKLA (North)–MYKLA (West)– HKHKG,HongKong–Nansha–Shekou–Surabaya–Semarang– Jakarta–Port Klang (North)–Port Klang (West)– HongKong,Direct,1,71,40,2.5,510,713,0.0,510,713,INTERNATIONAL,TOP SERVICES
89.0,2022-03-19 00:00:00,2022,3,OOL,ITS,MYKLA-SGSIN-IDSRG-IDSUB-MYKLA- SGSIN-THBKK THSCS-THLCH,Port Klang-Singapore-Semarang-Surabaya-Port Klang- Singapore-Bangkok Sahathai Terminal-Laem Chabang,Feeder,2,55,27,2.2,797,1226,0.5,1593,3677,INTERNATIONAL,TOP SERVICES
90.0,2022-03-20 00:00:00,2022,3,PIL,SSE,SGSIN-IDSUB-SGSIN,Singapore-Surabaya-Singapore,Feeder,0,0,0,0,0,0,0.0,0,0,INTERNATIONAL,TOP SERVICES
91.0,2022-03-21 00:00:00,2022,3,PIL,SUS,0,0,0,0,0,0,0,0,0,0.0,0,0,INTERNATIONAL,TOP SERVICES
92.0,2022-03-22 00:00:00,2022,3,RCL,RMI3,SGSIN-IDSUB-SGSIN-MYKLA-MYNTL-MYKLA-SGSIN,Singapore-Surabaya-Singapore-Port Klang-Penang-Port Klang-Singapore,Feeder,2,48,24,2.3,754,1034,0.0,1507,2068,INTERNATIONAL,TOP SERVICES
93.0,2022-03-23 00:00:00,2022,3,SIT,CMI,IDJKT-IDSRG-IDSUB-IDMAK-PHBTG-CNSGH-CNXAM-CNSHK-CNNSH-MYBTU-IDJKT,Jakarta-Semarang-Surabaya-Makassar-Batangas-Shanghai-Xiamen-Shekou-Nansha-Bintulu-Jakarta,Direct,4,29,17,1.7,348,491,1.0,1390,1964,INTERNATIONAL,TOP SERVICES
94.0,2022-03-24 00:00:00,2022,3,SIT,CMI2,CNSHK-CNNSH-VNSGN-IDJKT-IDSRG- IDSUB-MYBTU-CNQGS-CNSHK,Shekou-Nansha-Hochiminh-Jakarta-Semarang- Surabaya-Bintulu-Qinzhao-Shekou,Direct,3,24,24,1.1,222,319,0.33,667,957,INTERNATIONAL,TOP SERVICES
95.0,2022-03-25 00:00:00,2022,3,SSL,SSS-SAT,SGSIN-IDSUB-SGSIN,Singapore-Surabaya-Singapore,Feeder,3,85,36,2.4,2469,3705,1.0,7407,11115,INTERNATIONAL,TOP SERVICES
96.0,2022-03-26 00:00:00,2022,3,SSL,SSS-WED,SGSIN-IDSUB-SGSIN,Singapore-Surabaya-Singapore,Feeder,3,91,33,2.9,2648,4016,1.0,7944,12048,INTERNATIONAL,TOP SERVICES
97.0,2022-03-27 00:00:00,2022,3,SSL,SSE,SGSIN-IDSUB-SGSIN,Singapore-Surabaya-Singapore,Feeder,0,0,0,0,0,0,0.0,0,0,INTERNATIONAL,TOP SERVICES
98.0,2022-03-28 00:00:00,2022,3,WHL,CS 2,HKHKG–CNNSH–CNSHK–IDSUB–IDSRG– IDJKT–MYKLA (North)–MYKLA (West)– HKHKG,HongKong–Nansha–Shekou–Surabaya–Semarang– Jakarta–Port Klang (North)–Port Klang (West)– HongKong,Direct,1,31,19,1.7,569,837,1.0,569,837,INTERNATIONAL,TOP SERVICES
99.0,2022-03-29 00:00:00,2022,3,WHL,TPI,IDJKT-IDSRG-IDSUB-TWKHH-TWTXG-TWKHH-TWTPE,Jakarta-Semarang-Surabaya-Kaohsiung-Taichung-Kaohsiung-Taipei,Direct,4,32,19,1.8,605,913,0.25,2420,3652,INTERNATIONAL,TOP SERVICES
100.0,2022-03-30 00:00:00,2022,3,WHL,Ad Hoc WHL,Various route,Various route,Ad Hoc,0,0,0,0,0,0,0.0,0,0,INTERNATIONAL,TOP SERVICES
101.0,2022-03-31 00:00:00,2022,3,XCL,SSX,SGSIN-IDSUB-SGSIN,Singapore-Surabaya-Singapore,Feeder,4,30,19,1.7,499,708,0.5,1997,2833,INTERNATIONAL,TOP SERVICES
102.0,2022-03-01 00:00:00,2022,3,YML,ITS,MYKLA-SGSIN-IDSRG-IDSUB-MYKLA- SGSIN-THBKK THSCS-THLCH,Port Klang-Singapore-Semarang-Surabaya-Port Klang- Singapore-Bangkok Sahathai Terminal-Laem Chabang,Feeder,1,51,23,2,771,1224,1.0,771,1224,INTERNATIONAL,TOP SERVICES
103.0,2022-03-02 00:00:00,2022,3,CMA,CHINA 1,CNSGH-CNNBO-CNSTG-CNSHK-IDJKT-IDSUB-PHMNL South-PHMNL North-CNSGH,Shanghai-Ningbo-Shantou-Shekou-Jakarta-Surabaya-Manila South-Manila North-Shanghai,Direct,3,48,26,1.9,579,897,0.0,1736,2691,INTERNATIONAL,TOP SERVICES
104.0,2022-03-03 00:00:00,2022,3,CMA,CS 2,HKHKG–CNNSH–CNSHK–IDSUB–IDSRG– IDJKT–MYKLA (North)–MYKLA (West)– HKHKG,HongKong–Nansha–Shekou–Surabaya–Semarang– Jakarta–Port Klang (North)–Port Klang (West)– HongKong,Direct,0,0,0,0,0,0,0.0,0,0,INTERNATIONAL,TOP SERVICES
105.0,2022-03-04 00:00:00,2022,3,CMA,KCS,North South: CNLYG-CNQIN-CNNSH-MYTPP-SGSIN-IDJKT-IDSUB-PHDVO-CNSGH-CNDAL. East-West: CNYTN-CNNSH-CNCWN-HKHKG-PHMNL South-PHMNL North,North South: Lianyungang-Qingdao-Nansha-Port Kelang-Singapore-Jakarta-Surabaya-Davao-Shanghai-Dalian. East-West: Yantian-Nansha-Chiwan-Hongkong-Manila South-Manila North,Direct,3,62,35,2.1,727,1149,0.0,2180,3448,INTERNATIONAL,TOP SERVICES
106.0,2022-04-01 00:00:00,2022,4,COS,GMI,IDJKT-IDSUB-SGSIN-MYPGU-SGSIN-MYKLA,Jakarta-Surabaya-Singapore-Pasir Gudang-Singapore-Port Kelang West,Feeder,4,37,20,1.9,878,1334,0.5,3510,5337,INTERNATIONAL,TOP SERVICES
107.0,2022-04-02 00:00:00,2022,4,COS,SSS-SAT,SGSIN-IDSUB-SGSIN,Singapore-Surabaya-Singapore,Feeder,1,64,35,1.9,2244,3391,1.0,2244,3391,INTERNATIONAL,TOP SERVICES
108.0,2022-04-03 00:00:00,2022,4,COS,SSS-WED,SGSIN-IDSUB-SGSIN,Singapore-Surabaya-Singapore,Feeder,2,79,35,2.5,2142,3274,1.0,4284,6548,INTERNATIONAL,TOP SERVICES
109.0,2022-04-04 00:00:00,2022,4,GSL,ITS,MYKLA-SGSIN-IDSRG-IDSUB-MYKLA- SGSIN-THBKK THSCS-THLCH,Port Klang-Singapore-Semarang-Surabaya-Port Klang- Singapore-Bangkok Sahathai Terminal-Laem Chabang,Feeder,0,0,0,0,0,0,0.0,0,0,INTERNATIONAL,TOP SERVICES
110.0,2022-04-05 00:00:00,2022,4,EMC,CIT,CNNBO-CNSGH-HKHKG (Zhujiang)-CNSHK-IDSUB-IDSRG-IDJKT-SGSIN-THLCH-HKHKG-CNNBO,Ningbo-Shanghai-Hong Kong (Zhujiang)-Shekou-Surabaya-Semarang-Jakarta-Singapore-Laemchabang-Hong Kong-Ningbo,Direct,42,24,18,1.4,444,711,0.33,1332,2134,INTERNATIONAL,TOP SERVICES
111.0,2022-04-06 00:00:00,2022,4,EMC,JPI-A,JPYOK-JPTYO-JPSMZ-JPNGO-JPUKB-TWTPE-TWKHH-PHMNL South-IDSUB-IDJKT-MYTPP-MYBTU-TWKHH,Yokohama-Tokyo-Shimizu-Nagoya-Kobe-Taipei-Kaohsiung-Manila South-Surabaya-Jakarta-Tanjung Pelepas-Bintulu-Kaohsiung,Direct,44,38,20,1.9,900,1358,0.67,2701,4075,INTERNATIONAL,TOP SERVICES
112.0,2022-04-07 00:00:00,2022,4,EMC,JPI-B,CNSHK-HKHKG-IDJKT-IDSRG-IDSUB-PHMNL South-TWKHH-TWTPE-JPYOK,Shekou-Hong Kong-Jakarta-Semarang-Surabaya-Manila South-Kaohsiung-Taipei-Yokohama,Direct,43,38,23,1.9,783,1245,0.8,3915,6225,INTERNATIONAL,TOP SERVICES
113.0,2022-04-08 00:00:00,2022,4,EMC,TMI,IDSUB-IDSRG-MYTPP-THLCH,Surabaya-Semarang-Tanjung Pelepas-Laemchabang,Feeder,3,35,21,1.9,549,847,0.0,1646,2540,INTERNATIONAL,TOP SERVICES
114.0,2022-04-09 00:00:00,2022,4,EMC,TIS (Discontinue),0,0,,0,0,0,0,0,0,0.0,0,0,INTERNATIONAL,TOP SERVICES
115.0,2022-04-10 00:00:00,2022,4,KMT,CKI,KRPUS-KRKWA-CNSGH-CNNBO-HKHKG-IDJKT-IDSUB-VNSGN VNCLI-CNNBO-CNSGH-KRPUS,Pusan-Kwangyang-Shanghai-Ningbo-Hongkong-Jakarta-Surabaya-Hochiminh Cat Lai-Ningbo-Shanghai-Pusan,Direct,1,39,24,1.9,764,1064,0.0,764,1064,INTERNATIONAL,TOP SERVICES
116.0,2022-04-11 00:00:00,2022,4,KAL,Ad Hoc KRL,Various route,Various route,Ad Hoc,0,0,0,0,0,0,0.0,0,0,INTERNATIONAL,TOP SERVICES
117.0,2022-04-12 00:00:00,2022,4,MEL,SDS,IDSUB-TLDIL-IDSUB-SGSIN (optional)-IDSUB,Surabaya-Dili-Surabaya-Singapore (optional)-Surabaya,Feeder,0,0,0,0,0,0,0.0,0,0,INTERNATIONAL,TOP SERVICES
118.0,2022-04-13 00:00:00,2022,4,KSL,KPG,IDJKT-IDSUB-MYKLA West-INNSA-AEJEA-LKCMB-SADMM-PKKHI-INMUN,Jakarta-Surabaya-Port Klang West-Nhava Sheva-Jebel Ali-Colomba-Dammam-Karachi-Mundra,Direct,1,13,19,0.8,119,171,1.0,119,171,INTERNATIONAL,TOP SERVICES
119.0,2022-04-14 00:00:00,2022,4,MSC,NEW JAVA F,SGSIN-MYTPP-IDJKT-IDSUB-SGSIN,Singapore-Tanjung Pelepas-Jakarta-Surabaya-Singapore,Feeder,4,64,28,2.4,1894,2815,0.0,7575,11258,INTERNATIONAL,TOP SERVICES
120.0,2022-04-15 00:00:00,2022,4,MSC,NEW JAVA T,SGSIN-MYTPP-IDSRG-IDSUB,Singapore-Tanjung Pelepas-Semarang-Surabaya,Feeder,0,0,0,0,0,0,0.0,0,0,INTERNATIONAL,TOP SERVICES
121.0,2022-04-16 00:00:00,2022,4,MSC,DOLPHIN,CNSGH-CNNBO-CNXAM-MYTPP-SGSIN-IDJKT-IDSUB-MYTPP-SGSIN-THLCH-VNVUT-CNSGH,Shanghai-Ningbo-Xiamen-Tanjung Pelepas-Singapore-Jakarta-Surabaya-Tanjung Pelepas-Singapore-Laem Chabang-Vung Tau-Shanghai,Direct,0,0,0,0,0,0,0.0,0,0,INTERNATIONAL,TOP SERVICES
122.0,2022-04-17 00:00:00,2022,4,MSK,IA-8,CNSGH-CNTXG-CNQIN-TWKEL-SGSIN-MYTPP-IDJKT-IDSUB-PHDVO-CNSGH,Shanghai-Xingang-Qingdao-Keelung-Singapore-Tanjung Pelepas-Jakarta-Surabaya-Davao-Shanghai,Direct,4,66,28,2.5,2739,4321,1.0,10956,17285,INTERNATIONAL,TOP SERVICES
123.0,2022-04-18 00:00:00,2022,4,ONE,CS 2,HKHKG–CNNSH–CNSHK–IDSUB–IDSRG– IDJKT–MYKLA (North)–MYKLA (West)– HKHKG,HongKong–Nansha–Shekou–Surabaya–Semarang– Jakarta–Port Klang (North)–Port Klang (West)– HongKong,Direct,1,37,24,1.8,562,815,0.0,562,815,INTERNATIONAL,TOP SERVICES
124.0,2022-04-19 00:00:00,2022,4,OOL,ITS,MYKLA-SGSIN-IDSRG-IDSUB-MYKLA- SGSIN-THBKK THSCS-THLCH,Port Klang-Singapore-Semarang-Surabaya-Port Klang- Singapore-Bangkok Sahathai Terminal-Laem Chabang,Feeder,1,38,22,1.9,719,1028,1.0,719,2056,INTERNATIONAL,TOP SERVICES
125.0,2022-04-20 00:00:00,2022,4,PIL,SSE,SGSIN-IDSUB-SGSIN,Singapore-Surabaya-Singapore,Feeder,0,0,0,0,0,0,0.0,0,0,INTERNATIONAL,TOP SERVICES
126.0,2022-04-21 00:00:00,2022,4,PIL,SUS,0,0,0,0,0,0,0,0,0,0.0,0,0,INTERNATIONAL,TOP SERVICES
127.0,2022-04-22 00:00:00,2022,4,RCL,RMI3,SGSIN-IDSUB-SGSIN-MYKLA-MYNTL-MYKLA-SGSIN,Singapore-Surabaya-Singapore-Port Klang-Penang-Port Klang-Singapore,Feeder,4,36,25,1.5,723,952,0.5,2891,3809,INTERNATIONAL,TOP SERVICES
128.0,2022-04-23 00:00:00,2022,4,SIT,CMI,IDJKT-IDSRG-IDSUB-IDMAK-PHBTG-CNSGH-CNXAM-CNSHK-CNNSH-MYBTU-IDJKT,Jakarta-Semarang-Surabaya-Makassar-Batangas-Shanghai-Xiamen-Shekou-Nansha-Bintulu-Jakarta,Direct,19,28,23,2.1,344,482,0.0,1374,1928,INTERNATIONAL,TOP SERVICES
129.0,2022-04-24 00:00:00,2022,4,SIT,CMI2,CNSHK-CNNSH-VNSGN-IDJKT-IDSRG- IDSUB-MYBTU-CNQGS-CNSHK,Shekou-Nansha-Hochiminh-Jakarta-Semarang- Surabaya-Bintulu-Qinzhao-Shekou,Direct,3,22,21,1.2,205,290,0.0,616,870,INTERNATIONAL,TOP SERVICES
130.0,2022-04-25 00:00:00,2022,4,SSL,SSS-SAT,SGSIN-IDSUB-SGSIN,Singapore-Surabaya-Singapore,Feeder,3,77,33,2.4,2584,4027,1.0,7753,12080,INTERNATIONAL,TOP SERVICES
131.0,2022-04-26 00:00:00,2022,4,SSL,SSS-WED,SGSIN-IDSUB-SGSIN,Singapore-Surabaya-Singapore,Feeder,2,75,33,2.4,2741,4154,1.0,5482,8307,INTERNATIONAL,TOP SERVICES
132.0,2022-04-27 00:00:00,2022,4,SSL,SSE,SGSIN-IDSUB-SGSIN,Singapore-Surabaya-Singapore,Feeder,0,0,0,0,0,0,0.0,0,0,INTERNATIONAL,TOP SERVICES
133.0,2022-04-28 00:00:00,2022,4,WHL,CS 2,HKHKG–CNNSH–CNSHK–IDSUB–IDSRG– IDJKT–MYKLA (North)–MYKLA (West)– HKHKG,HongKong–Nansha–Shekou–Surabaya–Semarang– Jakarta–Port Klang (North)–Port Klang (West)– HongKong,Direct,2,36,28,1.7,533,773,0.0,1065,1545,INTERNATIONAL,TOP SERVICES
134.0,2022-04-29 00:00:00,2022,4,WHL,TPI,IDJKT-IDSRG-IDSUB-TWKHH-TWTXG-TWKHH-TWTPE,Jakarta-Semarang-Surabaya-Kaohsiung-Taichung-Kaohsiung-Taipei,Direct,3,26,18,1.6,517,783,0.67,1551,2350,INTERNATIONAL,TOP SERVICES
135.0,2022-04-30 00:00:00,2022,4,WHL,Ad Hoc WHL,Various route,Various route,Ad Hoc,0,0,0,0,0,0,0.0,0,0,INTERNATIONAL,TOP SERVICES
136.0,2022-04-01 00:00:00,2022,4,XCL,SSX,SGSIN-IDSUB-SGSIN,Singapore-Surabaya-Singapore,Feeder,2,36,22,1.9,585,810,0.5,1169,1619,INTERNATIONAL,TOP SERVICES
137.0,2022-04-02 00:00:00,2022,4,YML,ITS,MYKLA-SGSIN-IDSRG-IDSUB-MYKLA- SGSIN-THBKK THSCS-THLCH,Port Klang-Singapore-Semarang-Surabaya-Port Klang- Singapore-Bangkok Sahathai Terminal-Laem Chabang,Feeder,1,41,26,1.7,905,1386,1.0,905,1386,INTERNATIONAL,TOP SERVICES
138.0,2022-04-03 00:00:00,2022,4,CMA,CHINA 1,CNSGH-CNNBO-CNSTG-CNSHK-IDJKT-IDSUB-PHMNL South-PHMNL North-CNSGH,Shanghai-Ningbo-Shantou-Shekou-Jakarta-Surabaya-Manila South-Manila North-Shanghai,Direct,34,55,36,1.7,628,981,0.33,1883,2944,INTERNATIONAL,TOP SERVICES
139.0,2022-04-04 00:00:00,2022,4,CMA,CS 2,HKHKG–CNNSH–CNSHK–IDSUB–IDSRG– IDJKT–MYKLA (North)–MYKLA (West)– HKHKG,HongKong–Nansha–Shekou–Surabaya–Semarang– Jakarta–Port Klang (North)–Port Klang (West)– HongKong,Direct,14,32,18,1.9,668,984,0.0,668,984,INTERNATIONAL,TOP SERVICES
140.0,2022-04-05 00:00:00,2022,4,CMA,KCS,North South: CNLYG-CNQIN-CNNSH-MYTPP-SGSIN-IDJKT-IDSUB-PHDVO-CNSGH-CNDAL. East-West: CNYTN-CNNSH-CNCWN-HKHKG-PHMNL South-PHMNL North,North South: Lianyungang-Qingdao-Nansha-Port Kelang-Singapore-Jakarta-Surabaya-Davao-Shanghai-Dalian. East-West: Yantian-Nansha-Chiwan-Hongkong-Manila South-Manila North,Direct,43,46,27,1.9,757,1222,0.25,3026,4887,INTERNATIONAL,TOP SERVICES
141.0,2022-05-01 00:00:00,2022,5,COS,GMI,IDJKT-IDSUB-SGSIN-MYPGU-SGSIN-MYKLA,Jakarta-Surabaya-Singapore-Pasir Gudang-Singapore-Port Kelang West,Feeder,3,46,29,1.8,787,1143,0.33,2360,3429,INTERNATIONAL,TOP SERVICES
142.0,2022-05-02 00:00:00,2022,5,COS,SSS-SAT,SGSIN-IDSUB-SGSIN,Singapore-Surabaya-Singapore,Feeder,0,0,0,0,0,0,0.0,0,0,INTERNATIONAL,TOP SERVICES
143.0,2022-05-03 00:00:00,2022,5,COS,SSS-WED,SGSIN-IDSUB-SGSIN,Singapore-Surabaya-Singapore,Feeder,4,75,31,2.5,1666,2626,0.75,6662,10502,INTERNATIONAL,TOP SERVICES
144.0,2022-05-04 00:00:00,2022,5,GSL,ITS,MYKLA-SGSIN-IDSRG-IDSUB-MYKLA- SGSIN-THBKK THSCS-THLCH,Port Klang-Singapore-Semarang-Surabaya-Port Klang- Singapore-Bangkok Sahathai Terminal-Laem Chabang,Feeder,1,41,23,2.2,741,1179,0.0,741,1179,INTERNATIONAL,TOP SERVICES
145.0,2022-05-05 00:00:00,2022,5,EMC,CIT,CNNBO-CNSGH-HKHKG (Zhujiang)-CNSHK-IDSUB-IDSRG-IDJKT-SGSIN-THLCH-HKHKG-CNNBO,Ningbo-Shanghai-Hong Kong (Zhujiang)-Shekou-Surabaya-Semarang-Jakarta-Singapore-Laemchabang-Hong Kong-Ningbo,Direct,3,38,24,1.8,448,669,0.33,1345,2007,INTERNATIONAL,TOP SERVICES
146.0,2022-05-06 00:00:00,2022,5,EMC,JPI-A,JPYOK-JPTYO-JPSMZ-JPNGO-JPUKB-TWTPE-TWKHH-PHMNL South-IDSUB-IDJKT-MYTPP-MYBTU-TWKHH,Yokohama-Tokyo-Shimizu-Nagoya-Kobe-Taipei-Kaohsiung-Manila South-Surabaya-Jakarta-Tanjung Pelepas-Bintulu-Kaohsiung,Direct,5,51,29,1.9,753,1106,0.2,3764,5529,INTERNATIONAL,TOP SERVICES
147.0,2022-05-07 00:00:00,2022,5,EMC,JPI-B,CNSHK-HKHKG-IDJKT-IDSRG-IDSUB-PHMNL South-TWKHH-TWTPE-JPYOK,Shekou-Hong Kong-Jakarta-Semarang-Surabaya-Manila South-Kaohsiung-Taipei-Yokohama,Direct,2,43,21,2.2,697,1171,0.5,1393,2341,INTERNATIONAL,TOP SERVICES
148.0,2022-05-08 00:00:00,2022,5,EMC,TMI,IDSUB-IDSRG-MYTPP-THLCH,Surabaya-Semarang-Tanjung Pelepas-Laemchabang,Feeder,0,0,0,0,0,0,0.0,0,0,INTERNATIONAL,TOP SERVICES
149.0,2022-05-09 00:00:00,2022,5,EMC,TIS (Discontinue),0,0,,0,0,0,0,0,0,0.0,0,0,INTERNATIONAL,TOP SERVICES
150.0,2022-05-10 00:00:00,2022,5,KMT,CKI,KRPUS-KRKWA-CNSGH-CNNBO-HKHKG-IDJKT-IDSUB-VNSGN VNCLI-CNNBO-CNSGH-KRPUS,Pusan-Kwangyang-Shanghai-Ningbo-Hongkong-Jakarta-Surabaya-Hochiminh Cat Lai-Ningbo-Shanghai-Pusan,Direct,1,30,18,1.8,636,858,0.0,636,858,INTERNATIONAL,TOP SERVICES
151.0,2022-05-11 00:00:00,2022,5,KAL,Ad Hoc KRL,Various route,Various route,Ad Hoc,0,0,0,0,0,0,0.0,0,0,INTERNATIONAL,TOP SERVICES
152.0,2022-05-12 00:00:00,2022,5,MEL,SDS,IDSUB-TLDIL-IDSUB-SGSIN (optional)-IDSUB,Surabaya-Dili-Surabaya-Singapore (optional)-Surabaya,Feeder,0,0,0,0,0,0,0.0,0,0,INTERNATIONAL,TOP SERVICES
153.0,2022-05-13 00:00:00,2022,5,KSL,KPG,IDJKT-IDSUB-MYKLA West-INNSA-AEJEA-LKCMB-SADMM-PKKHI-INMUN,Jakarta-Surabaya-Port Klang West-Nhava Sheva-Jebel Ali-Colomba-Dammam-Karachi-Mundra,Direct,0,0,0,0,0,0,0.0,0,0,INTERNATIONAL,TOP SERVICES
154.0,2022-05-14 00:00:00,2022,5,MSC,NEW JAVA F,SGSIN-MYTPP-IDJKT-IDSUB-SGSIN,Singapore-Tanjung Pelepas-Jakarta-Surabaya-Singapore,Feeder,4,65,31,2.3,1696,2460,0.0,6783,9838,INTERNATIONAL,TOP SERVICES
155.0,2022-05-15 00:00:00,2022,5,MSC,NEW JAVA T,SGSIN-MYTPP-IDSRG-IDSUB,Singapore-Tanjung Pelepas-Semarang-Surabaya,Feeder,0,0,0,0,0,0,0.0,0,0,INTERNATIONAL,TOP SERVICES
156.0,2022-05-16 00:00:00,2022,5,MSC,DOLPHIN,CNSGH-CNNBO-CNXAM-MYTPP-SGSIN-IDJKT-IDSUB-MYTPP-SGSIN-THLCH-VNVUT-CNSGH,Shanghai-Ningbo-Xiamen-Tanjung Pelepas-Singapore-Jakarta-Surabaya-Tanjung Pelepas-Singapore-Laem Chabang-Vung Tau-Shanghai,Direct,0,0,0,0,0,0,0.0,0,0,INTERNATIONAL,TOP SERVICES
157.0,2022-05-17 00:00:00,2022,5,MSK,IA-8,CNSGH-CNTXG-CNQIN-TWKEL-SGSIN-MYTPP-IDJKT-IDSUB-PHDVO-CNSGH,Shanghai-Xingang-Qingdao-Keelung-Singapore-Tanjung Pelepas-Jakarta-Surabaya-Davao-Shanghai,Direct,5,82,32,2.7,2336,3717,0.4,11680,18587,INTERNATIONAL,TOP SERVICES
158.0,2022-05-18 00:00:00,2022,5,ONE,CS 2,HKHKG–CNNSH–CNSHK–IDSUB–IDSRG– IDJKT–MYKLA (North)–MYKLA (West)– HKHKG,HongKong–Nansha–Shekou–Surabaya–Semarang– Jakarta–Port Klang (North)–Port Klang (West)– HongKong,Direct,2,39,24,2,432,671,0.0,863,1342,INTERNATIONAL,TOP SERVICES
159.0,2022-05-19 00:00:00,2022,5,OOL,ITS,MYKLA-SGSIN-IDSRG-IDSUB-MYKLA- SGSIN-THBKK THSCS-THLCH,Port Klang-Singapore-Semarang-Surabaya-Port Klang- Singapore-Bangkok Sahathai Terminal-Laem Chabang,Feeder,2,49,26,2,734,1144,0.5,1468,3431,INTERNATIONAL,TOP SERVICES
160.0,2022-05-20 00:00:00,2022,5,PIL,SSE,SGSIN-IDSUB-SGSIN,Singapore-Surabaya-Singapore,Feeder,3,67,32,2.2,1344,1981,1.0,4033,5944,INTERNATIONAL,TOP SERVICES
161.0,2022-05-21 00:00:00,2022,5,PIL,SUS,0,0,0,0,0,0,0,0,0,0.0,0,0,INTERNATIONAL,TOP SERVICES
162.0,2022-05-22 00:00:00,2022,5,RCL,RMI3,SGSIN-IDSUB-SGSIN-MYKLA-MYNTL-MYKLA-SGSIN,Singapore-Surabaya-Singapore-Port Klang-Penang-Port Klang-Singapore,Feeder,1,47,22,2.5,870,1134,1.0,870,1134,INTERNATIONAL,TOP SERVICES
163.0,2022-05-23 00:00:00,2022,5,SIT,CMI,IDJKT-IDSRG-IDSUB-IDMAK-PHBTG-CNSGH-CNXAM-CNSHK-CNNSH-MYBTU-IDJKT,Jakarta-Semarang-Surabaya-Makassar-Batangas-Shanghai-Xiamen-Shekou-Nansha-Bintulu-Jakarta,Direct,3,45,30,1.7,400,560,0.0,1201,1680,INTERNATIONAL,TOP SERVICES
164.0,2022-05-24 00:00:00,2022,5,SIT,CMI2,CNSHK-CNNSH-VNSGN-IDJKT-IDSRG- IDSUB-MYBTU-CNQGS-CNSHK,Shekou-Nansha-Hochiminh-Jakarta-Semarang- Surabaya-Bintulu-Qinzhao-Shekou,Direct,2,29,22,1.5,215,353,1.0,429,705,INTERNATIONAL,TOP SERVICES
165.0,2022-05-25 00:00:00,2022,5,SSL,SSS-SAT,SGSIN-IDSUB-SGSIN,Singapore-Surabaya-Singapore,Feeder,5,82,35,2.5,1974,3152,1.0,9868,15760,INTERNATIONAL,TOP SERVICES
166.0,2022-05-26 00:00:00,2022,5,SSL,SSS-WED,SGSIN-IDSUB-SGSIN,Singapore-Surabaya-Singapore,Feeder,0,0,0,0,0,0,0.0,0,0,INTERNATIONAL,TOP SERVICES
167.0,2022-05-27 00:00:00,2022,5,SSL,SSE,SGSIN-IDSUB-SGSIN,Singapore-Surabaya-Singapore,Feeder,0,0,0,0,0,0,0.0,0,0,INTERNATIONAL,TOP SERVICES
168.0,2022-05-28 00:00:00,2022,5,WHL,CS 2,HKHKG–CNNSH–CNSHK–IDSUB–IDSRG– IDJKT–MYKLA (North)–MYKLA (West)– HKHKG,HongKong–Nansha–Shekou–Surabaya–Semarang– Jakarta–Port Klang (North)–Port Klang (West)– HongKong,Direct,1,44,21,2,794,1084,0.0,794,1084,INTERNATIONAL,TOP SERVICES
169.0,2022-05-29 00:00:00,2022,5,WHL,TPI,IDJKT-IDSRG-IDSUB-TWKHH-TWTXG-TWKHH-TWTPE,Jakarta-Semarang-Surabaya-Kaohsiung-Taichung-Kaohsiung-Taipei,Direct,4,31,21,1.6,612,929,0.25,2449,3716,INTERNATIONAL,TOP SERVICES
170.0,2022-05-30 00:00:00,2022,5,WHL,Ad Hoc WHL,Various route,Various route,Ad Hoc,0,0,0,0,0,0,0.0,0,0,INTERNATIONAL,TOP SERVICES
171.0,2022-05-31 00:00:00,2022,5,XCL,SSX,SGSIN-IDSUB-SGSIN,Singapore-Surabaya-Singapore,Feeder,0,0,0,0,0,0,0.0,0,0,INTERNATIONAL,TOP SERVICES
172.0,2022-05-01 00:00:00,2022,5,YML,ITS,MYKLA-SGSIN-IDSRG-IDSUB-MYKLA- SGSIN-THBKK THSCS-THLCH,Port Klang-Singapore-Semarang-Surabaya-Port Klang- Singapore-Bangkok Sahathai Terminal-Laem Chabang,Feeder,1,53,31,1.7,800,1224,1.0,800,1224,INTERNATIONAL,TOP SERVICES
173.0,2022-05-02 00:00:00,2022,5,CMA,CHINA 1,CNSGH-CNNBO-CNSTG-CNSHK-IDJKT-IDSUB-PHMNL South-PHMNL North-CNSGH,Shanghai-Ningbo-Shantou-Shekou-Jakarta-Surabaya-Manila South-Manila North-Shanghai,Direct,17,43,24,2.2,342,549,0.0,1027,1646,INTERNATIONAL,TOP SERVICES
174.0,2022-05-03 00:00:00,2022,5,CMA,CS 2,HKHKG–CNNSH–CNSHK–IDSUB–IDSRG– IDJKT–MYKLA (North)–MYKLA (West)– HKHKG,HongKong–Nansha–Shekou–Surabaya–Semarang– Jakarta–Port Klang (North)–Port Klang (West)– HongKong,Direct,1,33,24,1.6,362,527,1.0,362,527,INTERNATIONAL,TOP SERVICES
175.0,2022-05-04 00:00:00,2022,5,CMA,KCS,North South: CNLYG-CNQIN-CNNSH-MYTPP-SGSIN-IDJKT-IDSUB-PHDVO-CNSGH-CNDAL. East-West: CNYTN-CNNSH-CNCWN-HKHKG-PHMNL South-PHMNL North,North South: Lianyungang-Qingdao-Nansha-Port Kelang-Singapore-Jakarta-Surabaya-Davao-Shanghai-Dalian. East-West: Yantian-Nansha-Chiwan-Hongkong-Manila South-Manila North,Direct,4,71,31,2.5,918,1400,0.0,3672,5598,INTERNATIONAL,TOP SERVICES
176.0,2022-06-01 00:00:00,2022,6,COS,GMI,IDJKT-IDSUB-SGSIN-MYPGU-SGSIN-MYKLA,Jakarta-Surabaya-Singapore-Pasir Gudang-Singapore-Port Kelang West,Feeder,2,47,24,2.1,888,1327,1.0,1776,2654,INTERNATIONAL,TOP SERVICES
177.0,2022-06-02 00:00:00,2022,6,COS,SSS-SAT,SGSIN-IDSUB-SGSIN,Singapore-Surabaya-Singapore,Feeder,0,0,0,0,0,0,0.0,0,0,INTERNATIONAL,TOP SERVICES
178.0,2022-06-03 00:00:00,2022,6,COS,SSS-WED,SGSIN-IDSUB-SGSIN,Singapore-Surabaya-Singapore,Feeder,5,91,35,2.8,2011,3039,1.0,10054,15193,INTERNATIONAL,TOP SERVICES
179.0,2022-06-04 00:00:00,2022,6,GSL,ITS,MYKLA-SGSIN-IDSRG-IDSUB-MYKLA- SGSIN-THBKK THSCS-THLCH,Port Klang-Singapore-Semarang-Surabaya-Port Klang- Singapore-Bangkok Sahathai Terminal-Laem Chabang,Feeder,2,57,31,2,787,1171,0.5,1573,2342,INTERNATIONAL,TOP SERVICES
180.0,2022-06-05 00:00:00,2022,6,EMC,CIT,CNNBO-CNSGH-HKHKG (Zhujiang)-CNSHK-IDSUB-IDSRG-IDJKT-SGSIN-THLCH-HKHKG-CNNBO,Ningbo-Shanghai-Hong Kong (Zhujiang)-Shekou-Surabaya-Semarang-Jakarta-Singapore-Laemchabang-Hong Kong-Ningbo,Direct,3,39,20,2.2,486,763,0.0,1458,2289,INTERNATIONAL,TOP SERVICES
181.0,2022-06-06 00:00:00,2022,6,EMC,JPI-A,JPYOK-JPTYO-JPSMZ-JPNGO-JPUKB-TWTPE-TWKHH-PHMNL South-IDSUB-IDJKT-MYTPP-MYBTU-TWKHH,Yokohama-Tokyo-Shimizu-Nagoya-Kobe-Taipei-Kaohsiung-Manila South-Surabaya-Jakarta-Tanjung Pelepas-Bintulu-Kaohsiung,Direct,4,47,23,2.1,858,1260,0.0,3430,5041,INTERNATIONAL,TOP SERVICES
182.0,2022-06-07 00:00:00,2022,6,EMC,JPI-B,CNSHK-HKHKG-IDJKT-IDSRG-IDSUB-PHMNL South-TWKHH-TWTPE-JPYOK,Shekou-Hong Kong-Jakarta-Semarang-Surabaya-Manila South-Kaohsiung-Taipei-Yokohama,Direct,4,45,23,2.1,779,1257,0.25,3116,5029,INTERNATIONAL,TOP SERVICES
183.0,2022-06-08 00:00:00,2022,6,EMC,TMI,IDSUB-IDSRG-MYTPP-THLCH,Surabaya-Semarang-Tanjung Pelepas-Laemchabang,Feeder,3,58,29,2.2,766,1119,0.67,2298,3356,INTERNATIONAL,TOP SERVICES
184.0,2022-06-09 00:00:00,2022,6,EMC,TIS (Discontinue),0,0,,0,0,0,0,0,0,0.0,0,0,INTERNATIONAL,TOP SERVICES
185.0,2022-06-10 00:00:00,2022,6,KMT,CKI,KRPUS-KRKWA-CNSGH-CNNBO-HKHKG-IDJKT-IDSUB-VNSGN VNCLI-CNNBO-CNSGH-KRPUS,Pusan-Kwangyang-Shanghai-Ningbo-Hongkong-Jakarta-Surabaya-Hochiminh Cat Lai-Ningbo-Shanghai-Pusan,Direct,1,35,19,2,754,1061,0.0,754,1061,INTERNATIONAL,TOP SERVICES
186.0,2022-06-11 00:00:00,2022,6,KAL,Ad Hoc KRL,Various route,Various route,Ad Hoc,1,40,20,2.2,603,690,1.0,603,690,INTERNATIONAL,TOP SERVICES
187.0,2022-06-12 00:00:00,2022,6,MEL,SDS,IDSUB-TLDIL-IDSUB-SGSIN (optional)-IDSUB,Surabaya-Dili-Surabaya-Singapore (optional)-Surabaya,Feeder,0,0,0,0,0,0,0.0,0,0,INTERNATIONAL,TOP SERVICES
188.0,2022-06-13 00:00:00,2022,6,KSL,KPG,IDJKT-IDSUB-MYKLA West-INNSA-AEJEA-LKCMB-SADMM-PKKHI-INMUN,Jakarta-Surabaya-Port Klang West-Nhava Sheva-Jebel Ali-Colomba-Dammam-Karachi-Mundra,Direct,2,21,18,1.5,188,296,0.5,375,592,INTERNATIONAL,TOP SERVICES
189.0,2022-06-14 00:00:00,2022,6,MSC,NEW JAVA F,SGSIN-MYTPP-IDJKT-IDSUB-SGSIN,Singapore-Tanjung Pelepas-Jakarta-Surabaya-Singapore,Feeder,3,66,32,2.2,1894,2837,0.33,5683,8510,INTERNATIONAL,TOP SERVICES
190.0,2022-06-15 00:00:00,2022,6,MSC,NEW JAVA T,SGSIN-MYTPP-IDSRG-IDSUB,Singapore-Tanjung Pelepas-Semarang-Surabaya,Feeder,0,0,0,0,0,0,0.0,0,0,INTERNATIONAL,TOP SERVICES
191.0,2022-06-16 00:00:00,2022,6,MSC,DOLPHIN,CNSGH-CNNBO-CNXAM-MYTPP-SGSIN-IDJKT-IDSUB-MYTPP-SGSIN-THLCH-VNVUT-CNSGH,Shanghai-Ningbo-Xiamen-Tanjung Pelepas-Singapore-Jakarta-Surabaya-Tanjung Pelepas-Singapore-Laem Chabang-Vung Tau-Shanghai,Direct,0,0,0,0,0,0,0.0,0,0,INTERNATIONAL,TOP SERVICES
192.0,2022-06-17 00:00:00,2022,6,MSK,IA-8,CNSGH-CNTXG-CNQIN-TWKEL-SGSIN-MYTPP-IDJKT-IDSUB-PHDVO-CNSGH,Shanghai-Xingang-Qingdao-Keelung-Singapore-Tanjung Pelepas-Jakarta-Surabaya-Davao-Shanghai,Direct,4,64,26,2.6,2290,3413,0.25,9161,13653,INTERNATIONAL,TOP SERVICES
193.0,2022-06-18 00:00:00,2022,6,ONE,CS 2,HKHKG–CNNSH–CNSHK–IDSUB–IDSRG– IDJKT–MYKLA (North)–MYKLA (West)– HKHKG,HongKong–Nansha–Shekou–Surabaya–Semarang– Jakarta–Port Klang (North)–Port Klang (West)– HongKong,Direct,2,35,20,2,450,659,1.0,900,1317,INTERNATIONAL,TOP SERVICES
194.0,2022-06-19 00:00:00,2022,6,OOL,ITS,MYKLA-SGSIN-IDSRG-IDSUB-MYKLA- SGSIN-THBKK THSCS-THLCH,Port Klang-Singapore-Semarang-Surabaya-Port Klang- Singapore-Bangkok Sahathai Terminal-Laem Chabang,Feeder,1,31,19,1.6,784,1151,1.0,784,2302,INTERNATIONAL,TOP SERVICES
195.0,2022-06-20 00:00:00,2022,6,PIL,SSE,SGSIN-IDSUB-SGSIN,Singapore-Surabaya-Singapore,Feeder,4,70,32,2.3,1326,1927,0.5,5302,7708,INTERNATIONAL,TOP SERVICES
196.0,2022-06-21 00:00:00,2022,6,PIL,SUS,0,0,0,0,0,0,0,0,0,0.0,0,0,INTERNATIONAL,TOP SERVICES
197.0,2022-06-22 00:00:00,2022,6,RCL,RMI3,SGSIN-IDSUB-SGSIN-MYKLA-MYNTL-MYKLA-SGSIN,Singapore-Surabaya-Singapore-Port Klang-Penang-Port Klang-Singapore,Feeder,4,42,23,1.9,848,1134,0.75,3392,4534,INTERNATIONAL,TOP SERVICES
198.0,2022-06-23 00:00:00,2022,6,SIT,CMI,IDJKT-IDSRG-IDSUB-IDMAK-PHBTG-CNSGH-CNXAM-CNSHK-CNNSH-MYBTU-IDJKT,Jakarta-Semarang-Surabaya-Makassar-Batangas-Shanghai-Xiamen-Shekou-Nansha-Bintulu-Jakarta,Direct,4,29,21,1.5,349,488,0.25,1394,1952,INTERNATIONAL,TOP SERVICES
199.0,2022-06-24 00:00:00,2022,6,SIT,CMI2,CNSHK-CNNSH-VNSGN-IDJKT-IDSRG- IDSUB-MYBTU-CNQGS-CNSHK,Shekou-Nansha-Hochiminh-Jakarta-Semarang- Surabaya-Bintulu-Qinzhao-Shekou,Direct,0,0,0,0,0,0,0.0,0,0,INTERNATIONAL,TOP SERVICES
200.0,2022-06-25 00:00:00,2022,6,SSL,SSS-SAT,SGSIN-IDSUB-SGSIN,Singapore-Surabaya-Singapore,Feeder,4,79,34,2.4,2241,3462,0.75,8964,13848,INTERNATIONAL,TOP SERVICES
201.0,2022-06-26 00:00:00,2022,6,SSL,SSS-WED,SGSIN-IDSUB-SGSIN,Singapore-Surabaya-Singapore,Feeder,0,0,0,0,0,0,0.0,0,0,INTERNATIONAL,TOP SERVICES
202.0,2022-06-27 00:00:00,2022,6,SSL,SSE,SGSIN-IDSUB-SGSIN,Singapore-Surabaya-Singapore,Feeder,0,0,0,0,0,0,0.0,0,0,INTERNATIONAL,TOP SERVICES
203.0,2022-06-28 00:00:00,2022,6,WHL,CS 2,HKHKG–CNNSH–CNSHK–IDSUB–IDSRG– IDJKT–MYKLA (North)–MYKLA (West)– HKHKG,HongKong–Nansha–Shekou–Surabaya–Semarang– Jakarta–Port Klang (North)–Port Klang (West)– HongKong,Direct,2,37,20,2.2,607,885,0.5,1213,1769,INTERNATIONAL,TOP SERVICES
204.0,2022-06-29 00:00:00,2022,6,WHL,TPI,IDJKT-IDSRG-IDSUB-TWKHH-TWTXG-TWKHH-TWTPE,Jakarta-Semarang-Surabaya-Kaohsiung-Taichung-Kaohsiung-Taipei,Direct,4,29,18,1.8,533,814,0.0,2130,3256,INTERNATIONAL,TOP SERVICES
205.0,2022-06-30 00:00:00,2022,6,WHL,Ad Hoc WHL,Various route,Various route,Ad Hoc,0,0,0,0,0,0,0.0,0,0,INTERNATIONAL,TOP SERVICES
206.0,2022-06-01 00:00:00,2022,6,XCL,SSX,SGSIN-IDSUB-SGSIN,Singapore-Surabaya-Singapore,Feeder,0,0,0,0,0,0,0.0,0,0,INTERNATIONAL,TOP SERVICES
207.0,2022-06-02 00:00:00,2022,6,YML,ITS,MYKLA-SGSIN-IDSRG-IDSUB-MYKLA- SGSIN-THBKK THSCS-THLCH,Port Klang-Singapore-Semarang-Surabaya-Port Klang- Singapore-Bangkok Sahathai Terminal-Laem Chabang,Feeder,1,36,21,1.8,776,1188,0.0,776,1188,INTERNATIONAL,TOP SERVICES
208.0,2022-06-03 00:00:00,2022,6,CMA,CHINA 1,CNSGH-CNNBO-CNSTG-CNSHK-IDJKT-IDSUB-PHMNL South-PHMNL North-CNSGH,Shanghai-Ningbo-Shantou-Shekou-Jakarta-Surabaya-Manila South-Manila North-Shanghai,Direct,3,49,25,1.9,580,914,0.0,1741,2741,INTERNATIONAL,TOP SERVICES
209.0,2022-06-04 00:00:00,2022,6,CMA,CS 2,HKHKG–CNNSH–CNSHK–IDSUB–IDSRG– IDJKT–MYKLA (North)–MYKLA (West)– HKHKG,HongKong–Nansha–Shekou–Surabaya–Semarang– Jakarta–Port Klang (North)–Port Klang (West)– HongKong,Direct,1,40,21,2.1,509,870,0.0,509,870,INTERNATIONAL,TOP SERVICES
210.0,2022-06-05 00:00:00,2022,6,CMA,KCS,North South: CNLYG-CNQIN-CNNSH-MYTPP-SGSIN-IDJKT-IDSUB-PHDVO-CNSGH-CNDAL. East-West: CNYTN-CNNSH-CNCWN-HKHKG-PHMNL South-PHMNL North,North South: Lianyungang-Qingdao-Nansha-Port Kelang-Singapore-Jakarta-Surabaya-Davao-Shanghai-Dalian. East-West: Yantian-Nansha-Chiwan-Hongkong-Manila South-Manila North,Direct,5,64,27,2.6,1264,1934,0.0,6318,9669,INTERNATIONAL,TOP SERVICES
211.0,2022-07-01 00:00:00,2022,7,COS,GMI,IDJKT-IDSUB-SGSIN-MYPGU-SGSIN-MYKLA,Jakarta-Surabaya-Singapore-Pasir Gudang-Singapore-Port Kelang West,Feeder,3,45,24,2.1,1007,1538,0.33,3020,4614,INTERNATIONAL,TOP SERVICES
212.0,2022-07-02 00:00:00,2022,7,COS,SSS-SAT,SGSIN-IDSUB-SGSIN,Singapore-Surabaya-Singapore,Feeder,0,0,0,0,0,0,0.0,0,0,INTERNATIONAL,TOP SERVICES
213.0,2022-07-03 00:00:00,2022,7,COS,SSS-WED,SGSIN-IDSUB-SGSIN,Singapore-Surabaya-Singapore,Feeder,4,84,35,2.6,1867,2837,1.0,7466,11349,INTERNATIONAL,TOP SERVICES
214.0,2022-07-04 00:00:00,2022,7,GSL,ITS,MYKLA-SGSIN-IDSRG-IDSUB-MYKLA- SGSIN-THBKK THSCS-THLCH,Port Klang-Singapore-Semarang-Surabaya-Port Klang- Singapore-Bangkok Sahathai Terminal-Laem Chabang,Feeder,1,43,23,2.1,826,1222,0.0,826,1222,INTERNATIONAL,TOP SERVICES
215.0,2022-07-05 00:00:00,2022,7,EMC,CIT,CNNBO-CNSGH-HKHKG (Zhujiang)-CNSHK-IDSUB-IDSRG-IDJKT-SGSIN-THLCH-HKHKG-CNNBO,Ningbo-Shanghai-Hong Kong (Zhujiang)-Shekou-Surabaya-Semarang-Jakarta-Singapore-Laemchabang-Hong Kong-Ningbo,Direct,3,44,27,1.8,512,801,0.0,1536,2403,INTERNATIONAL,TOP SERVICES
216.0,2022-07-06 00:00:00,2022,7,EMC,JPI-A,JPYOK-JPTYO-JPSMZ-JPNGO-JPUKB-TWTPE-TWKHH-PHMNL South-IDSUB-IDJKT-MYTPP-MYBTU-TWKHH,Yokohama-Tokyo-Shimizu-Nagoya-Kobe-Taipei-Kaohsiung-Manila South-Surabaya-Jakarta-Tanjung Pelepas-Bintulu-Kaohsiung,Direct,4,53,27,2.1,821,1206,0.0,3283,4825,INTERNATIONAL,TOP SERVICES
217.0,2022-07-07 00:00:00,2022,7,EMC,JPI-B,CNSHK-HKHKG-IDJKT-IDSRG-IDSUB-PHMNL South-TWKHH-TWTPE-JPYOK,Shekou-Hong Kong-Jakarta-Semarang-Surabaya-Manila South-Kaohsiung-Taipei-Yokohama,Direct,3,41,26,1.7,711,1053,0.33,2133,3160,INTERNATIONAL,TOP SERVICES
218.0,2022-07-08 00:00:00,2022,7,EMC,TMI,IDSUB-IDSRG-MYTPP-THLCH,Surabaya-Semarang-Tanjung Pelepas-Laemchabang,Feeder,2,60,31,2.1,680,1023,0.0,1360,2046,INTERNATIONAL,TOP SERVICES
219.0,2022-07-09 00:00:00,2022,7,EMC,TIS (Discontinue),0,0,,1,44,26,2,811,1265,1.0,811,1265,INTERNATIONAL,TOP SERVICES
220.0,2022-07-10 00:00:00,2022,7,KMT,CKI,KRPUS-KRKWA-CNSGH-CNNBO-HKHKG-IDJKT-IDSUB-VNSGN VNCLI-CNNBO-CNSGH-KRPUS,Pusan-Kwangyang-Shanghai-Ningbo-Hongkong-Jakarta-Surabaya-Hochiminh Cat Lai-Ningbo-Shanghai-Pusan,Direct,2,60,31,2.2,824,1170,0.5,1648,2340,INTERNATIONAL,TOP SERVICES
221.0,2022-07-11 00:00:00,2022,7,KAL,Ad Hoc KRL,Various route,Various route,Ad Hoc,0,0,0,0,0,0,0.0,0,0,INTERNATIONAL,TOP SERVICES
222.0,2022-07-12 00:00:00,2022,7,MEL,SDS,IDSUB-TLDIL-IDSUB-SGSIN (optional)-IDSUB,Surabaya-Dili-Surabaya-Singapore (optional)-Surabaya,Feeder,0,0,0,0,0,0,0.0,0,0,INTERNATIONAL,TOP SERVICES
223.0,2022-07-13 00:00:00,2022,7,KSL,KPG,IDJKT-IDSUB-MYKLA West-INNSA-AEJEA-LKCMB-SADMM-PKKHI-INMUN,Jakarta-Surabaya-Port Klang West-Nhava Sheva-Jebel Ali-Colomba-Dammam-Karachi-Mundra,Direct,0,0,0,0,0,0,0.0,0,0,INTERNATIONAL,TOP SERVICES
224.0,2022-07-14 00:00:00,2022,7,MSC,NEW JAVA F,SGSIN-MYTPP-IDJKT-IDSUB-SGSIN,Singapore-Tanjung Pelepas-Jakarta-Surabaya-Singapore,Feeder,3,71,32,2.3,2105,3079,0.0,6316,9237,INTERNATIONAL,TOP SERVICES
225.0,2022-07-15 00:00:00,2022,7,MSC,NEW JAVA T,SGSIN-MYTPP-IDSRG-IDSUB,Singapore-Tanjung Pelepas-Semarang-Surabaya,Feeder,0,0,0,0,0,0,0.0,0,0,INTERNATIONAL,TOP SERVICES
226.0,2022-07-16 00:00:00,2022,7,MSC,DOLPHIN,CNSGH-CNNBO-CNXAM-MYTPP-SGSIN-IDJKT-IDSUB-MYTPP-SGSIN-THLCH-VNVUT-CNSGH,Shanghai-Ningbo-Xiamen-Tanjung Pelepas-Singapore-Jakarta-Surabaya-Tanjung Pelepas-Singapore-Laem Chabang-Vung Tau-Shanghai,Direct,0,0,0,0,0,0,0.0,0,0,INTERNATIONAL,TOP SERVICES
227.0,2022-07-17 00:00:00,2022,7,MSK,IA-8,CNSGH-CNTXG-CNQIN-TWKEL-SGSIN-MYTPP-IDJKT-IDSUB-PHDVO-CNSGH,Shanghai-Xingang-Qingdao-Keelung-Singapore-Tanjung Pelepas-Jakarta-Surabaya-Davao-Shanghai,Direct,4,68,28,2.6,2344,3584,0.5,9376,14334,INTERNATIONAL,TOP SERVICES
228.0,2022-07-18 00:00:00,2022,7,ONE,CS 2,HKHKG–CNNSH–CNSHK–IDSUB–IDSRG– IDJKT–MYKLA (North)–MYKLA (West)– HKHKG,HongKong–Nansha–Shekou–Surabaya–Semarang– Jakarta–Port Klang (North)–Port Klang (West)– HongKong,Direct,1,52,26,2.3,528,765,1.0,528,765,INTERNATIONAL,TOP SERVICES
229.0,2022-07-19 00:00:00,2022,7,OOL,ITS,MYKLA-SGSIN-IDSRG-IDSUB-MYKLA- SGSIN-THBKK THSCS-THLCH,Port Klang-Singapore-Semarang-Surabaya-Port Klang- Singapore-Bangkok Sahathai Terminal-Laem Chabang,Feeder,2,53,24,2.4,805,1155,0.5,1609,3464,INTERNATIONAL,TOP SERVICES
230.0,2022-07-20 00:00:00,2022,7,PIL,SSE,SGSIN-IDSUB-SGSIN,Singapore-Surabaya-Singapore,Feeder,5,66,31,2.3,1384,2014,0.0,6920,10068,INTERNATIONAL,TOP SERVICES
231.0,2022-07-21 00:00:00,2022,7,PIL,SUS,0,0,0,0,0,0,0,0,0,0.0,0,0,INTERNATIONAL,TOP SERVICES
232.0,2022-07-22 00:00:00,2022,7,RCL,RMI3,SGSIN-IDSUB-SGSIN-MYKLA-MYNTL-MYKLA-SGSIN,Singapore-Surabaya-Singapore-Port Klang-Penang-Port Klang-Singapore,Feeder,4,43,24,1.9,829,1052,0.0,3316,4207,INTERNATIONAL,TOP SERVICES
233.0,2022-07-23 00:00:00,2022,7,SIT,CMI,IDJKT-IDSRG-IDSUB-IDMAK-PHBTG-CNSGH-CNXAM-CNSHK-CNNSH-MYBTU-IDJKT,Jakarta-Semarang-Surabaya-Makassar-Batangas-Shanghai-Xiamen-Shekou-Nansha-Bintulu-Jakarta,Direct,3,48,27,1.9,623,842,0.67,1869,2527,INTERNATIONAL,TOP SERVICES
234.0,2022-07-24 00:00:00,2022,7,SIT,CMI2,CNSHK-CNNSH-VNSGN-IDJKT-IDSRG- IDSUB-MYBTU-CNQGS-CNSHK,Shekou-Nansha-Hochiminh-Jakarta-Semarang- Surabaya-Bintulu-Qinzhao-Shekou,Direct,0,0,0,0,0,0,0.0,0,0,INTERNATIONAL,TOP SERVICES
235.0,2022-07-25 00:00:00,2022,7,SSL,SSS-SAT,SGSIN-IDSUB-SGSIN,Singapore-Surabaya-Singapore,Feeder,4,74,36,2.2,2072,3273,0.0,8289,13091,INTERNATIONAL,TOP SERVICES
236.0,2022-07-26 00:00:00,2022,7,SSL,SSS-WED,SGSIN-IDSUB-SGSIN,Singapore-Surabaya-Singapore,Feeder,0,0,0,0,0,0,0.0,0,0,INTERNATIONAL,TOP SERVICES
237.0,2022-07-27 00:00:00,2022,7,SSL,SSE,SGSIN-IDSUB-SGSIN,Singapore-Surabaya-Singapore,Feeder,0,0,0,0,0,0,0.0,0,0,INTERNATIONAL,TOP SERVICES
238.0,2022-07-28 00:00:00,2022,7,WHL,CS 2,HKHKG–CNNSH–CNSHK–IDSUB–IDSRG– IDJKT–MYKLA (North)–MYKLA (West)– HKHKG,HongKong–Nansha–Shekou–Surabaya–Semarang– Jakarta–Port Klang (North)–Port Klang (West)– HongKong,Direct,1,34,18,2.1,723,1082,0.0,723,1082,INTERNATIONAL,TOP SERVICES
239.0,2022-07-29 00:00:00,2022,7,WHL,TPI,IDJKT-IDSRG-IDSUB-TWKHH-TWTXG-TWKHH-TWTPE,Jakarta-Semarang-Surabaya-Kaohsiung-Taichung-Kaohsiung-Taipei,Direct,3,38,20,2.1,602,881,0.33,1805,2644,INTERNATIONAL,TOP SERVICES
240.0,2022-07-30 00:00:00,2022,7,WHL,Ad Hoc WHL,Various route,Various route,Ad Hoc,0,0,0,0,0,0,0.0,0,0,INTERNATIONAL,TOP SERVICES
241.0,2022-07-31 00:00:00,2022,7,XCL,SSX,SGSIN-IDSUB-SGSIN,Singapore-Surabaya-Singapore,Feeder,0,0,0,0,0,0,0.0,0,0,INTERNATIONAL,TOP SERVICES
242.0,2022-07-01 00:00:00,2022,7,YML,ITS,MYKLA-SGSIN-IDSRG-IDSUB-MYKLA- SGSIN-THBKK THSCS-THLCH,Port Klang-Singapore-Semarang-Surabaya-Port Klang- Singapore-Bangkok Sahathai Terminal-Laem Chabang,Feeder,1,38,23,1.9,519,790,0.0,519,790,INTERNATIONAL,TOP SERVICES
243.0,2022-07-02 00:00:00,2022,7,CMA,CHINA 1,CNSGH-CNNBO-CNSTG-CNSHK-IDJKT-IDSUB-PHMNL South-PHMNL North-CNSGH,Shanghai-Ningbo-Shantou-Shekou-Jakarta-Surabaya-Manila South-Manila North-Shanghai,Direct,5,39,21,2,618,941,0.0,3092,4704,INTERNATIONAL,TOP SERVICES
244.0,2022-07-03 00:00:00,2022,7,CMA,CS 2,HKHKG–CNNSH–CNSHK–IDSUB–IDSRG– IDJKT–MYKLA (North)–MYKLA (West)– HKHKG,HongKong–Nansha–Shekou–Surabaya–Semarang– Jakarta–Port Klang (North)–Port Klang (West)– HongKong,Direct,3,59,36,1.8,687,1017,0.33,2062,3050,INTERNATIONAL,TOP SERVICES
245.0,2022-07-04 00:00:00,2022,7,CMA,KCS,North South: CNLYG-CNQIN-CNNSH-MYTPP-SGSIN-IDJKT-IDSUB-PHDVO-CNSGH-CNDAL. East-West: CNYTN-CNNSH-CNCWN-HKHKG-PHMNL South-PHMNL North,North South: Lianyungang-Qingdao-Nansha-Port Kelang-Singapore-Jakarta-Surabaya-Davao-Shanghai-Dalian. East-West: Yantian-Nansha-Chiwan-Hongkong-Manila South-Manila North,Direct,2,49,21,2.5,1162,1856,0.0,2324,3712,INTERNATIONAL,TOP SERVICES
246.0,2022-08-01 00:00:00,2022,8,COS,GMI,IDJKT-IDSUB-SGSIN-MYPGU-SGSIN-MYKLA,Jakarta-Surabaya-Singapore-Pasir Gudang-Singapore-Port Kelang West,Feeder,3,59,32,2.2,881,1291,0.33,2644,3872,INTERNATIONAL,TOP SERVICES
247.0,2022-08-02 00:00:00,2022,8,COS,SSS-SAT,SGSIN-IDSUB-SGSIN,Singapore-Surabaya-Singapore,Feeder,0,0,0,0,0,0,0.0,0,0,INTERNATIONAL,TOP SERVICES
248.0,2022-08-03 00:00:00,2022,8,COS,SSS-WED,SGSIN-IDSUB-SGSIN,Singapore-Surabaya-Singapore,Feeder,5,92,36,2.7,1893,2831,1.0,9467,14157,INTERNATIONAL,TOP SERVICES
249.0,2022-08-04 00:00:00,2022,8,GSL,ITS,MYKLA-SGSIN-IDSRG-IDSUB-MYKLA- SGSIN-THBKK THSCS-THLCH,Port Klang-Singapore-Semarang-Surabaya-Port Klang- Singapore-Bangkok Sahathai Terminal-Laem Chabang,Feeder,2,39,27,1.6,822,1233,0.0,1644,2466,INTERNATIONAL,TOP SERVICES
250.0,2022-08-05 00:00:00,2022,8,EMC,CIT,CNNBO-CNSGH-HKHKG (Zhujiang)-CNSHK-IDSUB-IDSRG-IDJKT-SGSIN-THLCH-HKHKG-CNNBO,Ningbo-Shanghai-Hong Kong (Zhujiang)-Shekou-Surabaya-Semarang-Jakarta-Singapore-Laemchabang-Hong Kong-Ningbo,Direct,3,49,31,2,413,648,1.0,1239,1945,INTERNATIONAL,TOP SERVICES
251.0,2022-08-06 00:00:00,2022,8,EMC,JPI-A,JPYOK-JPTYO-JPSMZ-JPNGO-JPUKB-TWTPE-TWKHH-PHMNL South-IDSUB-IDJKT-MYTPP-MYBTU-TWKHH,Yokohama-Tokyo-Shimizu-Nagoya-Kobe-Taipei-Kaohsiung-Manila South-Surabaya-Jakarta-Tanjung Pelepas-Bintulu-Kaohsiung,Direct,3,69,32,2.4,911,1328,0.0,2733,3984,INTERNATIONAL,TOP SERVICES
252.0,2022-08-07 00:00:00,2022,8,EMC,JPI-B,CNSHK-HKHKG-IDJKT-IDSRG-IDSUB-PHMNL South-TWKHH-TWTPE-JPYOK,Shekou-Hong Kong-Jakarta-Semarang-Surabaya-Manila South-Kaohsiung-Taipei-Yokohama,Direct,3,41,26,1.7,711,1053,0.33,2133,3160,INTERNATIONAL,TOP SERVICES
253.0,2022-08-08 00:00:00,2022,8,EMC,TMI,IDSUB-IDSRG-MYTPP-THLCH,Surabaya-Semarang-Tanjung Pelepas-Laemchabang,Feeder,4,56,30,2.1,625,940,0.25,2501,3760,INTERNATIONAL,TOP SERVICES
254.0,2022-08-09 00:00:00,2022,8,EMC,TIS (Discontinue),0,0,,0,0,0,0,0,0,0.0,0,0,INTERNATIONAL,TOP SERVICES
255.0,2022-08-10 00:00:00,2022,8,KMT,CKI,KRPUS-KRKWA-CNSGH-CNNBO-HKHKG-IDJKT-IDSUB-VNSGN VNCLI-CNNBO-CNSGH-KRPUS,Pusan-Kwangyang-Shanghai-Ningbo-Hongkong-Jakarta-Surabaya-Hochiminh Cat Lai-Ningbo-Shanghai-Pusan,Direct,4,41,22,2.1,725,1033,0.0,2901,4130,INTERNATIONAL,TOP SERVICES
256.0,2022-08-11 00:00:00,2022,8,KAL,Ad Hoc KRL,Various route,Various route,Ad Hoc,0,0,0,0,0,0,0.0,0,0,INTERNATIONAL,TOP SERVICES
257.0,2022-08-12 00:00:00,2022,8,MEL,SDS,IDSUB-TLDIL-IDSUB-SGSIN (optional)-IDSUB,Surabaya-Dili-Surabaya-Singapore (optional)-Surabaya,Feeder,1,26,30,1.2,226,273,0.0,226,273,INTERNATIONAL,TOP SERVICES
258.0,2022-08-13 00:00:00,2022,8,KSL,KPG,IDJKT-IDSUB-MYKLA West-INNSA-AEJEA-LKCMB-SADMM-PKKHI-INMUN,Jakarta-Surabaya-Port Klang West-Nhava Sheva-Jebel Ali-Colomba-Dammam-Karachi-Mundra,Direct,1,33,26,1.4,217,385,1.0,217,385,INTERNATIONAL,TOP SERVICES
259.0,2022-08-14 00:00:00,2022,8,MSC,NEW JAVA F,SGSIN-MYTPP-IDJKT-IDSUB-SGSIN,Singapore-Tanjung Pelepas-Jakarta-Surabaya-Singapore,Feeder,5,69,31,2.4,1599,2444,0.2,7993,12222,INTERNATIONAL,TOP SERVICES
260.0,2022-08-15 00:00:00,2022,8,MSC,NEW JAVA T,SGSIN-MYTPP-IDSRG-IDSUB,Singapore-Tanjung Pelepas-Semarang-Surabaya,Feeder,0,0,0,0,0,0,0.0,0,0,INTERNATIONAL,TOP SERVICES
261.0,2022-08-16 00:00:00,2022,8,MSC,DOLPHIN,CNSGH-CNNBO-CNXAM-MYTPP-SGSIN-IDJKT-IDSUB-MYTPP-SGSIN-THLCH-VNVUT-CNSGH,Shanghai-Ningbo-Xiamen-Tanjung Pelepas-Singapore-Jakarta-Surabaya-Tanjung Pelepas-Singapore-Laem Chabang-Vung Tau-Shanghai,Direct,0,0,0,0,0,0,0.0,0,0,INTERNATIONAL,TOP SERVICES
262.0,2022-08-17 00:00:00,2022,8,MSK,IA-8,CNSGH-CNTXG-CNQIN-TWKEL-SGSIN-MYTPP-IDJKT-IDSUB-PHDVO-CNSGH,Shanghai-Xingang-Qingdao-Keelung-Singapore-Tanjung Pelepas-Jakarta-Surabaya-Davao-Shanghai,Direct,5,81,32,2.7,2261,3432,0.2,11307,17162,INTERNATIONAL,TOP SERVICES
263.0,2022-08-18 00:00:00,2022,8,ONE,CS 2,HKHKG–CNNSH–CNSHK–IDSUB–IDSRG– IDJKT–MYKLA (North)–MYKLA (West)– HKHKG,HongKong–Nansha–Shekou–Surabaya–Semarang– Jakarta–Port Klang (North)–Port Klang (West)– HongKong,Direct,2,46,25,2,518,804,1.0,1035,1608,INTERNATIONAL,TOP SERVICES
264.0,2022-08-19 00:00:00,2022,8,OOL,ITS,MYKLA-SGSIN-IDSRG-IDSUB-MYKLA- SGSIN-THBKK THSCS-THLCH,Port Klang-Singapore-Semarang-Surabaya-Port Klang- Singapore-Bangkok Sahathai Terminal-Laem Chabang,Feeder,1,40,19,2.2,787,1064,1.0,787,2128,INTERNATIONAL,TOP SERVICES
265.0,2022-08-20 00:00:00,2022,8,PIL,SSE,SGSIN-IDSUB-SGSIN,Singapore-Surabaya-Singapore,Feeder,5,67,32,2.3,1357,2040,0.6,6786,10198,INTERNATIONAL,TOP SERVICES
266.0,2022-08-21 00:00:00,2022,8,PIL,SUS,0,0,0,1,83,37,2.4,1864,2663,0.0,1864,2663,INTERNATIONAL,TOP SERVICES
267.0,2022-08-22 00:00:00,2022,8,RCL,RMI3,SGSIN-IDSUB-SGSIN-MYKLA-MYNTL-MYKLA-SGSIN,Singapore-Surabaya-Singapore-Port Klang-Penang-Port Klang-Singapore,Feeder,5,45,25,2,735,1031,0.6,3677,5156,INTERNATIONAL,TOP SERVICES
268.0,2022-08-23 00:00:00,2022,8,SIT,CMI,IDJKT-IDSRG-IDSUB-IDMAK-PHBTG-CNSGH-CNXAM-CNSHK-CNNSH-MYBTU-IDJKT,Jakarta-Semarang-Surabaya-Makassar-Batangas-Shanghai-Xiamen-Shekou-Nansha-Bintulu-Jakarta,Direct,5,30,18,1.9,406,587,0.8,2032,2935,INTERNATIONAL,TOP SERVICES
269.0,2022-08-24 00:00:00,2022,8,SIT,CMI2,CNSHK-CNNSH-VNSGN-IDJKT-IDSRG- IDSUB-MYBTU-CNQGS-CNSHK,Shekou-Nansha-Hochiminh-Jakarta-Semarang- Surabaya-Bintulu-Qinzhao-Shekou,Direct,0,0,0,0,0,0,0.0,0,0,INTERNATIONAL,TOP SERVICES
270.0,2022-08-25 00:00:00,2022,8,SSL,SSS-SAT,SGSIN-IDSUB-SGSIN,Singapore-Surabaya-Singapore,Feeder,4,86,38,2.4,1940,2974,0.75,7759,11895,INTERNATIONAL,TOP SERVICES
271.0,2022-08-26 00:00:00,2022,8,SSL,SSS-WED,SGSIN-IDSUB-SGSIN,Singapore-Surabaya-Singapore,Feeder,0,0,0,0,0,0,0.0,0,0,INTERNATIONAL,TOP SERVICES
272.0,2022-08-27 00:00:00,2022,8,SSL,SSE,SGSIN-IDSUB-SGSIN,Singapore-Surabaya-Singapore,Feeder,0,0,0,0,0,0,0.0,0,0,INTERNATIONAL,TOP SERVICES
273.0,2022-08-28 00:00:00,2022,8,WHL,CS 2,HKHKG–CNNSH–CNSHK–IDSUB–IDSRG– IDJKT–MYKLA (North)–MYKLA (West)– HKHKG,HongKong–Nansha–Shekou–Surabaya–Semarang– Jakarta–Port Klang (North)–Port Klang (West)– HongKong,Direct,2,41,22,2.1,668,1034,0.0,1336,2067,INTERNATIONAL,TOP SERVICES
274.0,2022-08-29 00:00:00,2022,8,WHL,TPI,IDJKT-IDSRG-IDSUB-TWKHH-TWTXG-TWKHH-TWTPE,Jakarta-Semarang-Surabaya-Kaohsiung-Taichung-Kaohsiung-Taipei,Direct,5,34,19,1.9,614,926,0.4,3071,4629,INTERNATIONAL,TOP SERVICES
275.0,2022-08-30 00:00:00,2022,8,WHL,Ad Hoc WHL,Various route,Various route,Ad Hoc,0,0,0,0,0,0,0.0,0,0,INTERNATIONAL,TOP SERVICES
276.0,2022-08-31 00:00:00,2022,8,XCL,SSX,SGSIN-IDSUB-SGSIN,Singapore-Surabaya-Singapore,Feeder,0,0,0,0,0,0,0.0,0,0,INTERNATIONAL,TOP SERVICES
277.0,2022-08-01 00:00:00,2022,8,YML,ITS,MYKLA-SGSIN-IDSRG-IDSUB-MYKLA- SGSIN-THBKK THSCS-THLCH,Port Klang-Singapore-Semarang-Surabaya-Port Klang- Singapore-Bangkok Sahathai Terminal-Laem Chabang,Feeder,2,46,22,2.2,883,1251,0.0,1766,2502,INTERNATIONAL,TOP SERVICES
278.0,2022-08-02 00:00:00,2022,8,CMA,CHINA 1,CNSGH-CNNBO-CNSTG-CNSHK-IDJKT-IDSUB-PHMNL South-PHMNL North-CNSGH,Shanghai-Ningbo-Shantou-Shekou-Jakarta-Surabaya-Manila South-Manila North-Shanghai,Direct,5,40,23,1.9,643,971,0.0,3213,4855,INTERNATIONAL,TOP SERVICES
279.0,2022-08-03 00:00:00,2022,8,CMA,CS 2,HKHKG–CNNSH–CNSHK–IDSUB–IDSRG– IDJKT–MYKLA (North)–MYKLA (West)– HKHKG,HongKong–Nansha–Shekou–Surabaya–Semarang– Jakarta–Port Klang (North)–Port Klang (West)– HongKong,Direct,1,58,30,2.1,861,1303,0.0,861,1303,INTERNATIONAL,TOP SERVICES
280.0,2022-08-04 00:00:00,2022,8,CMA,KCS,North South: CNLYG-CNQIN-CNNSH-MYTPP-SGSIN-IDJKT-IDSUB-PHDVO-CNSGH-CNDAL. East-West: CNYTN-CNNSH-CNCWN-HKHKG-PHMNL South-PHMNL North,North South: Lianyungang-Qingdao-Nansha-Port Kelang-Singapore-Jakarta-Surabaya-Davao-Shanghai-Dalian. East-West: Yantian-Nansha-Chiwan-Hongkong-Manila South-Manila North,Direct,5,77,30,2.9,1299,2031,0.4,6496,10154,INTERNATIONAL,TOP SERVICES
281.0,2022-09-01 00:00:00,2022,9,COS,GMI,IDJKT-IDSUB-SGSIN-MYPGU-SGSIN-MYKLA,Jakarta-Surabaya-Singapore-Pasir Gudang-Singapore-Port Kelang West,Feeder,3,49,35,1.8,431,626,0.0,1294,1879,INTERNATIONAL,TOP SERVICES
282.0,2022-09-02 00:00:00,2022,9,COS,SSS-SAT,SGSIN-IDSUB-SGSIN,Singapore-Surabaya-Singapore,Feeder,1,86,35,2.7,1995,2882,1.0,1995,2882,INTERNATIONAL,TOP SERVICES
283.0,2022-09-03 00:00:00,2022,9,COS,SSS-WED,SGSIN-IDSUB-SGSIN,Singapore-Surabaya-Singapore,Feeder,4,94,37,2.7,1911,2762,1.0,7645,11046,INTERNATIONAL,TOP SERVICES
284.0,2022-09-04 00:00:00,2022,9,GSL,ITS,MYKLA-SGSIN-IDSRG-IDSUB-MYKLA- SGSIN-THBKK THSCS-THLCH,Port Klang-Singapore-Semarang-Surabaya-Port Klang- Singapore-Bangkok Sahathai Terminal-Laem Chabang,Feeder,1,41,23,2,909,1254,0.0,909,1254,INTERNATIONAL,TOP SERVICES
285.0,2022-09-05 00:00:00,2022,9,EMC,CIT,CNNBO-CNSGH-HKHKG (Zhujiang)-CNSHK-IDSUB-IDSRG-IDJKT-SGSIN-THLCH-HKHKG-CNNBO,Ningbo-Shanghai-Hong Kong (Zhujiang)-Shekou-Surabaya-Semarang-Jakarta-Singapore-Laemchabang-Hong Kong-Ningbo,Direct,4,39,25,1.8,349,529,0.5,1394,2115,INTERNATIONAL,TOP SERVICES
286.0,2022-09-06 00:00:00,2022,9,EMC,JPI-A,JPYOK-JPTYO-JPSMZ-JPNGO-JPUKB-TWTPE-TWKHH-PHMNL South-IDSUB-IDJKT-MYTPP-MYBTU-TWKHH,Yokohama-Tokyo-Shimizu-Nagoya-Kobe-Taipei-Kaohsiung-Manila South-Surabaya-Jakarta-Tanjung Pelepas-Bintulu-Kaohsiung,Direct,2,66,37,2,925,1333,0.5,1850,2665,INTERNATIONAL,TOP SERVICES
287.0,2022-09-07 00:00:00,2022,9,EMC,JPI-B,CNSHK-HKHKG-IDJKT-IDSRG-IDSUB-PHMNL South-TWKHH-TWTPE-JPYOK,Shekou-Hong Kong-Jakarta-Semarang-Surabaya-Manila South-Kaohsiung-Taipei-Yokohama,Direct,3,50,25,2.1,787,1214,0.0,2361,3643,INTERNATIONAL,TOP SERVICES
288.0,2022-09-08 00:00:00,2022,9,EMC,TMI,IDSUB-IDSRG-MYTPP-THLCH,Surabaya-Semarang-Tanjung Pelepas-Laemchabang,Feeder,2,63,30,2.3,644,917,0.0,1287,1833,INTERNATIONAL,TOP SERVICES
289.0,2022-09-09 00:00:00,2022,9,EMC,TIS (Discontinue),0,0,,0,0,0,0,0,0,0.0,0,0,INTERNATIONAL,TOP SERVICES
290.0,2022-09-10 00:00:00,2022,9,KMT,CKI,KRPUS-KRKWA-CNSGH-CNNBO-HKHKG-IDJKT-IDSUB-VNSGN VNCLI-CNNBO-CNSGH-KRPUS,Pusan-Kwangyang-Shanghai-Ningbo-Hongkong-Jakarta-Surabaya-Hochiminh Cat Lai-Ningbo-Shanghai-Pusan,Direct,2,40,24,1.8,584,793,0.0,1167,1585,INTERNATIONAL,TOP SERVICES
291.0,2022-09-11 00:00:00,2022,9,KAL,Ad Hoc KRL,Various route,Various route,Ad Hoc,1,47,25,2.3,631,645,1.0,631,645,INTERNATIONAL,TOP SERVICES
292.0,2022-09-12 00:00:00,2022,9,MEL,SDS,IDSUB-TLDIL-IDSUB-SGSIN (optional)-IDSUB,Surabaya-Dili-Surabaya-Singapore (optional)-Surabaya,Feeder,0,0,0,0,0,0,0.0,0,0,INTERNATIONAL,TOP SERVICES
293.0,2022-09-13 00:00:00,2022,9,KSL,KPG,IDJKT-IDSUB-MYKLA West-INNSA-AEJEA-LKCMB-SADMM-PKKHI-INMUN,Jakarta-Surabaya-Port Klang West-Nhava Sheva-Jebel Ali-Colomba-Dammam-Karachi-Mundra,Direct,0,0,0,0,0,0,0.0,0,0,INTERNATIONAL,TOP SERVICES
294.0,2022-09-14 00:00:00,2022,9,MSC,NEW JAVA F,SGSIN-MYTPP-IDJKT-IDSUB-SGSIN,Singapore-Tanjung Pelepas-Jakarta-Surabaya-Singapore,Feeder,4,63,29,2.4,1243,1864,0.25,4970,7457,INTERNATIONAL,TOP SERVICES
295.0,2022-09-15 00:00:00,2022,9,MSC,NEW JAVA T,SGSIN-MYTPP-IDSRG-IDSUB,Singapore-Tanjung Pelepas-Semarang-Surabaya,Feeder,0,0,0,0,0,0,0.0,0,0,INTERNATIONAL,TOP SERVICES
296.0,2022-09-16 00:00:00,2022,9,MSC,DOLPHIN,CNSGH-CNNBO-CNXAM-MYTPP-SGSIN-IDJKT-IDSUB-MYTPP-SGSIN-THLCH-VNVUT-CNSGH,Shanghai-Ningbo-Xiamen-Tanjung Pelepas-Singapore-Jakarta-Surabaya-Tanjung Pelepas-Singapore-Laem Chabang-Vung Tau-Shanghai,Direct,0,0,0,0,0,0,0.0,0,0,INTERNATIONAL,TOP SERVICES
297.0,2022-09-17 00:00:00,2022,9,MSK,IA-8,CNSGH-CNTXG-CNQIN-TWKEL-SGSIN-MYTPP-IDJKT-IDSUB-PHDVO-CNSGH,Shanghai-Xingang-Qingdao-Keelung-Singapore-Tanjung Pelepas-Jakarta-Surabaya-Davao-Shanghai,Direct,4,80,32,2.7,2242,3310,0.5,8969,13238,INTERNATIONAL,TOP SERVICES
298.0,2022-09-18 00:00:00,2022,9,ONE,CS 2,HKHKG–CNNSH–CNSHK–IDSUB–IDSRG– IDJKT–MYKLA (North)–MYKLA (West)– HKHKG,HongKong–Nansha–Shekou–Surabaya–Semarang– Jakarta–Port Klang (North)–Port Klang (West)– HongKong,Direct,1,38,26,1.6,539,820,1.0,539,820,INTERNATIONAL,TOP SERVICES
299.0,2022-09-19 00:00:00,2022,9,OOL,ITS,MYKLA-SGSIN-IDSRG-IDSUB-MYKLA- SGSIN-THBKK THSCS-THLCH,Port Klang-Singapore-Semarang-Surabaya-Port Klang- Singapore-Bangkok Sahathai Terminal-Laem Chabang,Feeder,2,53,30,2.1,677,988,0.5,1353,2963,INTERNATIONAL,TOP SERVICES
300.0,2022-09-20 00:00:00,2022,9,PIL,SSE,SGSIN-IDSUB-SGSIN,Singapore-Surabaya-Singapore,Feeder,4,75,33,2.5,1338,1939,1.0,5350,7754,INTERNATIONAL,TOP SERVICES
301.0,2022-09-21 00:00:00,2022,9,PIL,SUS,0,0,0,0,0,0,0,0,0,0.0,0,0,INTERNATIONAL,TOP SERVICES
302.0,2022-09-22 00:00:00,2022,9,RCL,RMI3,SGSIN-IDSUB-SGSIN-MYKLA-MYNTL-MYKLA-SGSIN,Singapore-Surabaya-Singapore-Port Klang-Penang-Port Klang-Singapore,Feeder,4,43,23,2.1,814,1086,0.75,3255,4343,INTERNATIONAL,TOP SERVICES
303.0,2022-09-23 00:00:00,2022,9,SIT,CMI,IDJKT-IDSRG-IDSUB-IDMAK-PHBTG-CNSGH-CNXAM-CNSHK-CNNSH-MYBTU-IDJKT,Jakarta-Semarang-Surabaya-Makassar-Batangas-Shanghai-Xiamen-Shekou-Nansha-Bintulu-Jakarta,Direct,4,44,29,1.7,451,613,0.5,1804,2451,INTERNATIONAL,TOP SERVICES
304.0,2022-09-24 00:00:00,2022,9,SIT,CMI2,CNSHK-CNNSH-VNSGN-IDJKT-IDSRG- IDSUB-MYBTU-CNQGS-CNSHK,Shekou-Nansha-Hochiminh-Jakarta-Semarang- Surabaya-Bintulu-Qinzhao-Shekou,Direct,0,0,0,0,0,0,0.0,0,0,INTERNATIONAL,TOP SERVICES
305.0,2022-09-25 00:00:00,2022,9,SSL,SSS-SAT,SGSIN-IDSUB-SGSIN,Singapore-Surabaya-Singapore,Feeder,4,83,34,2.6,2299,3290,0.5,9194,13161,INTERNATIONAL,TOP SERVICES
306.0,2022-09-26 00:00:00,2022,9,SSL,SSS-WED,SGSIN-IDSUB-SGSIN,Singapore-Surabaya-Singapore,Feeder,0,0,0,0,0,0,0.0,0,0,INTERNATIONAL,TOP SERVICES
307.0,2022-09-27 00:00:00,2022,9,SSL,SSE,SGSIN-IDSUB-SGSIN,Singapore-Surabaya-Singapore,Feeder,0,0,0,0,0,0,0.0,0,0,INTERNATIONAL,TOP SERVICES
308.0,2022-09-28 00:00:00,2022,9,WHL,CS 2,HKHKG–CNNSH–CNSHK–IDSUB–IDSRG– IDJKT–MYKLA (North)–MYKLA (West)– HKHKG,HongKong–Nansha–Shekou–Surabaya–Semarang– Jakarta–Port Klang (North)–Port Klang (West)– HongKong,Direct,1,35,18,2.2,635,881,0.0,635,881,INTERNATIONAL,TOP SERVICES
309.0,2022-09-29 00:00:00,2022,9,WHL,TPI,IDJKT-IDSRG-IDSUB-TWKHH-TWTXG-TWKHH-TWTPE,Jakarta-Semarang-Surabaya-Kaohsiung-Taichung-Kaohsiung-Taipei,Direct,5,34,19,1.9,614,926,0.4,3071,4629,INTERNATIONAL,TOP SERVICES
310.0,2022-09-30 00:00:00,2022,9,WHL,Ad Hoc WHL,Various route,Various route,Ad Hoc,0,0,0,0,0,0,0.0,0,0,INTERNATIONAL,TOP SERVICES
311.0,2022-09-01 00:00:00,2022,9,XCL,SSX,SGSIN-IDSUB-SGSIN,Singapore-Surabaya-Singapore,Feeder,0,0,0,0,0,0,0.0,0,0,INTERNATIONAL,TOP SERVICES
312.0,2022-09-02 00:00:00,2022,9,YML,ITS,MYKLA-SGSIN-IDSRG-IDSUB-MYKLA- SGSIN-THBKK THSCS-THLCH,Port Klang-Singapore-Semarang-Surabaya-Port Klang- Singapore-Bangkok Sahathai Terminal-Laem Chabang,Feeder,1,43,25,1.8,833,1128,0.0,833,1128,INTERNATIONAL,TOP SERVICES
313.0,2022-09-03 00:00:00,2022,9,CMA,CHINA 1,CNSGH-CNNBO-CNSTG-CNSHK-IDJKT-IDSUB-PHMNL South-PHMNL North-CNSGH,Shanghai-Ningbo-Shantou-Shekou-Jakarta-Surabaya-Manila South-Manila North-Shanghai,Direct,4,38,23,1.9,425,663,0.5,1698,2650,INTERNATIONAL,TOP SERVICES
314.0,2022-09-04 00:00:00,2022,9,CMA,CS 2,HKHKG–CNNSH–CNSHK–IDSUB–IDSRG– IDJKT–MYKLA (North)–MYKLA (West)– HKHKG,HongKong–Nansha–Shekou–Surabaya–Semarang– Jakarta–Port Klang (North)–Port Klang (West)– HongKong,Direct,1,44,26,1.9,795,1290,0.0,795,1290,INTERNATIONAL,TOP SERVICES
315.0,2022-09-05 00:00:00,2022,9,CMA,KCS,North South: CNLYG-CNQIN-CNNSH-MYTPP-SGSIN-IDJKT-IDSUB-PHDVO-CNSGH-CNDAL. East-West: CNYTN-CNNSH-CNCWN-HKHKG-PHMNL South-PHMNL North,North South: Lianyungang-Qingdao-Nansha-Port Kelang-Singapore-Jakarta-Surabaya-Davao-Shanghai-Dalian. East-West: Yantian-Nansha-Chiwan-Hongkong-Manila South-Manila North,Direct,4,64,30,2.4,868,1469,0.5,3473,5874,INTERNATIONAL,TOP SERVICES
316.0,2022-10-01 00:00:00,2022,10,COS,GMI,IDJKT-IDSUB-SGSIN-MYPGU-SGSIN-MYKLA,Jakarta-Surabaya-Singapore-Pasir Gudang-Singapore-Port Kelang West,Feeder,3,20,25,1.6,271,422,0.0,812,1265,INTERNATIONAL,TOP SERVICES
317.0,2022-10-02 00:00:00,2022,10,COS,SSS-SAT,SGSIN-IDSUB-SGSIN,Singapore-Surabaya-Singapore,Feeder,0,0,0,0,0,0,0.0,0,0,INTERNATIONAL,TOP SERVICES
318.0,2022-10-03 00:00:00,2022,10,COS,SSS-WED,SGSIN-IDSUB-SGSIN,Singapore-Surabaya-Singapore,Feeder,4,90,36,2.7,1910,2808,1.0,7641,11231,INTERNATIONAL,TOP SERVICES
319.0,2022-10-04 00:00:00,2022,10,GSL,ITS,MYKLA-SGSIN-IDSRG-IDSUB-MYKLA- SGSIN-THBKK THSCS-THLCH,Port Klang-Singapore-Semarang-Surabaya-Port Klang- Singapore-Bangkok Sahathai Terminal-Laem Chabang,Feeder,2,36,23,1.6,854,1218,0.0,1708,2436,INTERNATIONAL,TOP SERVICES
320.0,2022-10-05 00:00:00,2022,10,EMC,CIT,CNNBO-CNSGH-HKHKG (Zhujiang)-CNSHK-IDSUB-IDSRG-IDJKT-SGSIN-THLCH-HKHKG-CNNBO,Ningbo-Shanghai-Hong Kong (Zhujiang)-Shekou-Surabaya-Semarang-Jakarta-Singapore-Laemchabang-Hong Kong-Ningbo,Direct,4,38,27,1.8,354,572,0.5,1416,2289,INTERNATIONAL,TOP SERVICES
321.0,2022-10-06 00:00:00,2022,10,EMC,JPI-A,JPYOK-JPTYO-JPSMZ-JPNGO-JPUKB-TWTPE-TWKHH-PHMNL South-IDSUB-IDJKT-MYTPP-MYBTU-TWKHH,Yokohama-Tokyo-Shimizu-Nagoya-Kobe-Taipei-Kaohsiung-Manila South-Surabaya-Jakarta-Tanjung Pelepas-Bintulu-Kaohsiung,Direct,5,51,25,2.2,855,1270,0.2,4277,6348,INTERNATIONAL,TOP SERVICES
322.0,2022-10-07 00:00:00,2022,10,EMC,JPI-B,CNSHK-HKHKG-IDJKT-IDSRG-IDSUB-PHMNL South-TWKHH-TWTPE-JPYOK,Shekou-Hong Kong-Jakarta-Semarang-Surabaya-Manila South-Kaohsiung-Taipei-Yokohama,Direct,4,47,22,2.3,770,1157,0.25,3078,4626,INTERNATIONAL,TOP SERVICES
323.0,2022-10-08 00:00:00,2022,10,EMC,TMI,IDSUB-IDSRG-MYTPP-THLCH,Surabaya-Semarang-Tanjung Pelepas-Laemchabang,Feeder,3,59,32,2,526,765,0.0,1577,2294,INTERNATIONAL,TOP SERVICES
324.0,2022-10-09 00:00:00,2022,10,EMC,TIS (Discontinue),0,0,,0,0,0,0,0,0,0.0,0,0,INTERNATIONAL,TOP SERVICES
325.0,2022-10-10 00:00:00,2022,10,KMT,CKI,KRPUS-KRKWA-CNSGH-CNNBO-HKHKG-IDJKT-IDSUB-VNSGN VNCLI-CNNBO-CNSGH-KRPUS,Pusan-Kwangyang-Shanghai-Ningbo-Hongkong-Jakarta-Surabaya-Hochiminh Cat Lai-Ningbo-Shanghai-Pusan,Direct,5,44,24,2,572,823,0.8,2858,4117,INTERNATIONAL,TOP SERVICES
326.0,2022-10-11 00:00:00,2022,10,KAL,Ad Hoc KRL,Various route,Various route,Ad Hoc,1,36,23,1.7,718,742,1.0,718,742,INTERNATIONAL,TOP SERVICES
327.0,2022-10-12 00:00:00,2022,10,MEL,SDS,IDSUB-TLDIL-IDSUB-SGSIN (optional)-IDSUB,Surabaya-Dili-Surabaya-Singapore (optional)-Surabaya,Feeder,0,0,0,0,0,0,0.0,0,0,INTERNATIONAL,TOP SERVICES
328.0,2022-10-13 00:00:00,2022,10,KSL,KPG,IDJKT-IDSUB-MYKLA West-INNSA-AEJEA-LKCMB-SADMM-PKKHI-INMUN,Jakarta-Surabaya-Port Klang West-Nhava Sheva-Jebel Ali-Colomba-Dammam-Karachi-Mundra,Direct,0,0,0,0,0,0,0.0,0,0,INTERNATIONAL,TOP SERVICES
329.0,2022-10-14 00:00:00,2022,10,MSC,NEW JAVA F,SGSIN-MYTPP-IDJKT-IDSUB-SGSIN,Singapore-Tanjung Pelepas-Jakarta-Surabaya-Singapore,Feeder,5,67,28,2.6,1302,1893,0.2,6512,9467,INTERNATIONAL,TOP SERVICES
330.0,2022-10-15 00:00:00,2022,10,MSC,NEW JAVA T,SGSIN-MYTPP-IDSRG-IDSUB,Singapore-Tanjung Pelepas-Semarang-Surabaya,Feeder,0,0,0,0,0,0,0.0,0,0,INTERNATIONAL,TOP SERVICES
331.0,2022-10-16 00:00:00,2022,10,MSC,DOLPHIN,CNSGH-CNNBO-CNXAM-MYTPP-SGSIN-IDJKT-IDSUB-MYTPP-SGSIN-THLCH-VNVUT-CNSGH,Shanghai-Ningbo-Xiamen-Tanjung Pelepas-Singapore-Jakarta-Surabaya-Tanjung Pelepas-Singapore-Laem Chabang-Vung Tau-Shanghai,Direct,0,0,0,0,0,0,0.0,0,0,INTERNATIONAL,TOP SERVICES
332.0,2022-10-17 00:00:00,2022,10,MSK,IA-8,CNSGH-CNTXG-CNQIN-TWKEL-SGSIN-MYTPP-IDJKT-IDSUB-PHDVO-CNSGH,Shanghai-Xingang-Qingdao-Keelung-Singapore-Tanjung Pelepas-Jakarta-Surabaya-Davao-Shanghai,Direct,5,60,30,2.6,2405,3601,0.6,12024,18003,INTERNATIONAL,TOP SERVICES
333.0,2022-10-18 00:00:00,2022,10,ONE,CS 2,HKHKG–CNNSH–CNSHK–IDSUB–IDSRG– IDJKT–MYKLA (North)–MYKLA (West)– HKHKG,HongKong–Nansha–Shekou–Surabaya–Semarang– Jakarta–Port Klang (North)–Port Klang (West)– HongKong,Direct,1,50,2,2.4,433,653,0.0,433,653,INTERNATIONAL,TOP SERVICES
334.0,2022-10-19 00:00:00,2022,10,OOL,ITS,MYKLA-SGSIN-IDSRG-IDSUB-MYKLA- SGSIN-THBKK THSCS-THLCH,Port Klang-Singapore-Semarang-Surabaya-Port Klang- Singapore-Bangkok Sahathai Terminal-Laem Chabang,Feeder,1,51,22,2.5,896,1245,1.0,896,2490,INTERNATIONAL,TOP SERVICES
335.0,2022-10-20 00:00:00,2022,10,PIL,SSE,SGSIN-IDSUB-SGSIN,Singapore-Surabaya-Singapore,Feeder,3,71,31,2.4,1312,1904,1.0,3937,5711,INTERNATIONAL,TOP SERVICES
336.0,2022-10-21 00:00:00,2022,10,PIL,SUS,0,0,0,0,0,0,0,0,0,0.0,0,0,INTERNATIONAL,TOP SERVICES
337.0,2022-10-22 00:00:00,2022,10,RCL,RMI3,SGSIN-IDSUB-SGSIN-MYKLA-MYNTL-MYKLA-SGSIN,Singapore-Surabaya-Singapore-Port Klang-Penang-Port Klang-Singapore,Feeder,4,39,22,1.9,775,1065,1.0,3101,4259,INTERNATIONAL,TOP SERVICES
338.0,2022-10-23 00:00:00,2022,10,SIT,CMI,IDJKT-IDSRG-IDSUB-IDMAK-PHBTG-CNSGH-CNXAM-CNSHK-CNNSH-MYBTU-IDJKT,Jakarta-Semarang-Surabaya-Makassar-Batangas-Shanghai-Xiamen-Shekou-Nansha-Bintulu-Jakarta,Direct,4,32,21,1.7,448,635,0.75,1791,2539,INTERNATIONAL,TOP SERVICES
339.0,2022-10-24 00:00:00,2022,10,SIT,CMI2,CNSHK-CNNSH-VNSGN-IDJKT-IDSRG- IDSUB-MYBTU-CNQGS-CNSHK,Shekou-Nansha-Hochiminh-Jakarta-Semarang- Surabaya-Bintulu-Qinzhao-Shekou,Direct,0,0,0,0,0,0,0.0,0,0,INTERNATIONAL,TOP SERVICES
340.0,2022-10-25 00:00:00,2022,10,SSL,SSS-SAT,SGSIN-IDSUB-SGSIN,Singapore-Surabaya-Singapore,Feeder,5,83,36,2.4,2334,3433,0.8,11671,17163,INTERNATIONAL,TOP SERVICES
341.0,2022-10-26 00:00:00,2022,10,SSL,SSS-WED,SGSIN-IDSUB-SGSIN,Singapore-Surabaya-Singapore,Feeder,0,0,0,0,0,0,0.0,0,0,INTERNATIONAL,TOP SERVICES
342.0,2022-10-27 00:00:00,2022,10,SSL,SSE,SGSIN-IDSUB-SGSIN,Singapore-Surabaya-Singapore,Feeder,1,65,39,1.8,1286,1930,1.0,1286,1930,INTERNATIONAL,TOP SERVICES
343.0,2022-10-28 00:00:00,2022,10,WHL,CS 2,HKHKG–CNNSH–CNSHK–IDSUB–IDSRG– IDJKT–MYKLA (North)–MYKLA (West)– HKHKG,HongKong–Nansha–Shekou–Surabaya–Semarang– Jakarta–Port Klang (North)–Port Klang (West)– HongKong,Direct,2,35,19,2.1,627,954,0.5,1253,1908,INTERNATIONAL,TOP SERVICES
344.0,2022-10-29 00:00:00,2022,10,WHL,TPI,IDJKT-IDSRG-IDSUB-TWKHH-TWTXG-TWKHH-TWTPE,Jakarta-Semarang-Surabaya-Kaohsiung-Taichung-Kaohsiung-Taipei,Direct,4,29,18,1.7,640,1011,1.0,2560,4045,INTERNATIONAL,TOP SERVICES
345.0,2022-10-30 00:00:00,2022,10,WHL,Ad Hoc WHL,Various route,Various route,Ad Hoc,0,0,0,0,0,0,0.0,0,0,INTERNATIONAL,TOP SERVICES
346.0,2022-10-31 00:00:00,2022,10,XCL,SSX,SGSIN-IDSUB-SGSIN,Singapore-Surabaya-Singapore,Feeder,0,0,0,0,0,0,0.0,0,0,INTERNATIONAL,TOP SERVICES
347.0,2022-10-01 00:00:00,2022,10,YML,ITS,MYKLA-SGSIN-IDSRG-IDSUB-MYKLA- SGSIN-THBKK THSCS-THLCH,Port Klang-Singapore-Semarang-Surabaya-Port Klang- Singapore-Bangkok Sahathai Terminal-Laem Chabang,Feeder,2,44,25,1.9,771,1109,0.5,1542,2218,INTERNATIONAL,TOP SERVICES
348.0,2022-10-02 00:00:00,2022,10,CMA,CHINA 1,CNSGH-CNNBO-CNSTG-CNSHK-IDJKT-IDSUB-PHMNL South-PHMNL North-CNSGH,Shanghai-Ningbo-Shantou-Shekou-Jakarta-Surabaya-Manila South-Manila North-Shanghai,Direct,3,51,28,2,759,1181,0.0,2277,3544,INTERNATIONAL,TOP SERVICES
349.0,2022-10-03 00:00:00,2022,10,CMA,CS 2,HKHKG–CNNSH–CNSHK–IDSUB–IDSRG– IDJKT–MYKLA (North)–MYKLA (West)– HKHKG,HongKong–Nansha–Shekou–Surabaya–Semarang– Jakarta–Port Klang (North)–Port Klang (West)– HongKong,Direct,1,46,24,2.1,873,1354,0.0,873,1354,INTERNATIONAL,TOP SERVICES
350.0,2022-10-04 00:00:00,2022,10,CMA,KCS,North South: CNLYG-CNQIN-CNNSH-MYTPP-SGSIN-IDJKT-IDSUB-PHDVO-CNSGH-CNDAL. East-West: CNYTN-CNNSH-CNCWN-HKHKG-PHMNL South-PHMNL North,North South: Lianyungang-Qingdao-Nansha-Port Kelang-Singapore-Jakarta-Surabaya-Davao-Shanghai-Dalian. East-West: Yantian-Nansha-Chiwan-Hongkong-Manila South-Manila North,Direct,3,49,22,2.4,1171,1940,0.0,3513,5821,INTERNATIONAL,TOP SERVICES
351.0,2022-11-01 00:00:00,2022,11,COS,GMI,IDJKT-IDSUB-SGSIN-MYPGU-SGSIN-MYKLA,Jakarta-Surabaya-Singapore-Pasir Gudang-Singapore-Port Kelang West,Feeder,3,33,25,1.9,208,300,0.0,625,901,INTERNATIONAL,TOP SERVICES
352.0,2022-11-02 00:00:00,2022,11,COS,SSS-SAT,SGSIN-IDSUB-SGSIN,Singapore-Surabaya-Singapore,Feeder,0,0,0,0,0,0,0.0,0,0,INTERNATIONAL,TOP SERVICES
353.0,2022-11-03 00:00:00,2022,11,COS,SSS-WED,SGSIN-IDSUB-SGSIN,Singapore-Surabaya-Singapore,Feeder,4,82,34,2.6,1789,2684,1.0,7157,10735,INTERNATIONAL,TOP SERVICES
354.0,2022-11-04 00:00:00,2022,11,GSL,ITS,MYKLA-SGSIN-IDSRG-IDSUB-MYKLA- SGSIN-THBKK THSCS-THLCH,Port Klang-Singapore-Semarang-Surabaya-Port Klang- Singapore-Bangkok Sahathai Terminal-Laem Chabang,Feeder,1,40,22,2,817,1211,0.0,817,1211,INTERNATIONAL,TOP SERVICES
355.0,2022-11-05 00:00:00,2022,11,EMC,CIT,CNNBO-CNSGH-HKHKG (Zhujiang)-CNSHK-IDSUB-IDSRG-IDJKT-SGSIN-THLCH-HKHKG-CNNBO,Ningbo-Shanghai-Hong Kong (Zhujiang)-Shekou-Surabaya-Semarang-Jakarta-Singapore-Laemchabang-Hong Kong-Ningbo,Direct,3,35,23,1.8,394,587,0.0,1182,1762,INTERNATIONAL,TOP SERVICES
356.0,2022-11-06 00:00:00,2022,11,EMC,JPI-A,JPYOK-JPTYO-JPSMZ-JPNGO-JPUKB-TWTPE-TWKHH-PHMNL South-IDSUB-IDJKT-MYTPP-MYBTU-TWKHH,Yokohama-Tokyo-Shimizu-Nagoya-Kobe-Taipei-Kaohsiung-Manila South-Surabaya-Jakarta-Tanjung Pelepas-Bintulu-Kaohsiung,Direct,3,49,24,2.3,824,1238,0.0,2473,3714,INTERNATIONAL,TOP SERVICES
357.0,2022-11-07 00:00:00,2022,11,EMC,JPI-B,CNSHK-HKHKG-IDJKT-IDSRG-IDSUB-PHMNL South-TWKHH-TWTPE-JPYOK,Shekou-Hong Kong-Jakarta-Semarang-Surabaya-Manila South-Kaohsiung-Taipei-Yokohama,Direct,4,48,24,2.3,671,1069,0.0,2684,4275,INTERNATIONAL,TOP SERVICES
358.0,2022-11-08 00:00:00,2022,11,EMC,TMI,IDSUB-IDSRG-MYTPP-THLCH,Surabaya-Semarang-Tanjung Pelepas-Laemchabang,Feeder,3,50,26,2.2,630,890,0.0,1891,2669,INTERNATIONAL,TOP SERVICES
359.0,2022-11-09 00:00:00,2022,11,EMC,TIS (Discontinue),0,0,,0,0,0,0,0,0,0.0,0,0,INTERNATIONAL,TOP SERVICES
360.0,2022-11-10 00:00:00,2022,11,KMT,CKI,KRPUS-KRKWA-CNSGH-CNNBO-HKHKG-IDJKT-IDSUB-VNSGN VNCLI-CNNBO-CNSGH-KRPUS,Pusan-Kwangyang-Shanghai-Ningbo-Hongkong-Jakarta-Surabaya-Hochiminh Cat Lai-Ningbo-Shanghai-Pusan,Direct,3,38,20,2,630,878,0.0,1890,2635,INTERNATIONAL,TOP SERVICES
361.0,2022-11-11 00:00:00,2022,11,KAL,Ad Hoc KRL,Various route,Various route,Ad Hoc,1,46,58,1.5,273,277,1.0,273,277,INTERNATIONAL,TOP SERVICES
362.0,2022-11-12 00:00:00,2022,11,MEL,SDS,IDSUB-TLDIL-IDSUB-SGSIN (optional)-IDSUB,Surabaya-Dili-Surabaya-Singapore (optional)-Surabaya,Feeder,0,0,0,0,0,0,0.0,0,0,INTERNATIONAL,TOP SERVICES
363.0,2022-11-13 00:00:00,2022,11,KSL,KPG,IDJKT-IDSUB-MYKLA West-INNSA-AEJEA-LKCMB-SADMM-PKKHI-INMUN,Jakarta-Surabaya-Port Klang West-Nhava Sheva-Jebel Ali-Colomba-Dammam-Karachi-Mundra,Direct,0,0,0,0,0,0,0.0,0,0,INTERNATIONAL,TOP SERVICES
364.0,2022-11-14 00:00:00,2022,11,MSC,NEW JAVA F,SGSIN-MYTPP-IDJKT-IDSUB-SGSIN,Singapore-Tanjung Pelepas-Jakarta-Surabaya-Singapore,Feeder,4,49,26,2.2,1347,1897,0.0,5387,7587,INTERNATIONAL,TOP SERVICES
365.0,2022-11-15 00:00:00,2022,11,MSC,NEW JAVA T,SGSIN-MYTPP-IDSRG-IDSUB,Singapore-Tanjung Pelepas-Semarang-Surabaya,Feeder,0,0,0,0,0,0,0.0,0,0,INTERNATIONAL,TOP SERVICES
366.0,2022-11-16 00:00:00,2022,11,MSC,DOLPHIN,CNSGH-CNNBO-CNXAM-MYTPP-SGSIN-IDJKT-IDSUB-MYTPP-SGSIN-THLCH-VNVUT-CNSGH,Shanghai-Ningbo-Xiamen-Tanjung Pelepas-Singapore-Jakarta-Surabaya-Tanjung Pelepas-Singapore-Laem Chabang-Vung Tau-Shanghai,Direct,3,50,26,2.5,573,819,0.0,1718,2457,INTERNATIONAL,TOP SERVICES
367.0,2022-11-17 00:00:00,2022,11,MSK,IA-8,CNSGH-CNTXG-CNQIN-TWKEL-SGSIN-MYTPP-IDJKT-IDSUB-PHDVO-CNSGH,Shanghai-Xingang-Qingdao-Keelung-Singapore-Tanjung Pelepas-Jakarta-Surabaya-Davao-Shanghai,Direct,4,74,29,2.7,2474,3931,0.75,9894,15725,INTERNATIONAL,TOP SERVICES
368.0,2022-11-18 00:00:00,2022,11,ONE,CS 2,HKHKG–CNNSH–CNSHK–IDSUB–IDSRG– IDJKT–MYKLA (North)–MYKLA (West)– HKHKG,HongKong–Nansha–Shekou–Surabaya–Semarang– Jakarta–Port Klang (North)–Port Klang (West)– HongKong,Direct,1,37,17,2.4,653,923,0.0,653,923,INTERNATIONAL,TOP SERVICES
369.0,2022-11-19 00:00:00,2022,11,OOL,ITS,MYKLA-SGSIN-IDSRG-IDSUB-MYKLA- SGSIN-THBKK THSCS-THLCH,Port Klang-Singapore-Semarang-Surabaya-Port Klang- Singapore-Bangkok Sahathai Terminal-Laem Chabang,Feeder,2,68,35,2.2,820,1180,1.0,1639,3540,INTERNATIONAL,TOP SERVICES
370.0,2022-11-20 00:00:00,2022,11,PIL,SSE,SGSIN-IDSUB-SGSIN,Singapore-Surabaya-Singapore,Feeder,5,63,31,2.2,1216,1790,1.0,6079,8952,INTERNATIONAL,TOP SERVICES
371.0,2022-11-21 00:00:00,2022,11,PIL,SUS,0,0,0,0,0,0,0,0,0,0.0,0,0,INTERNATIONAL,TOP SERVICES
372.0,2022-11-22 00:00:00,2022,11,RCL,RMI3,SGSIN-IDSUB-SGSIN-MYKLA-MYNTL-MYKLA-SGSIN,Singapore-Surabaya-Singapore-Port Klang-Penang-Port Klang-Singapore,Feeder,5,43,23,2,811,1083,1.0,4055,5416,INTERNATIONAL,TOP SERVICES
373.0,2022-11-23 00:00:00,2022,11,SIT,CMI,IDJKT-IDSRG-IDSUB-IDMAK-PHBTG-CNSGH-CNXAM-CNSHK-CNNSH-MYBTU-IDJKT,Jakarta-Semarang-Surabaya-Makassar-Batangas-Shanghai-Xiamen-Shekou-Nansha-Bintulu-Jakarta,Direct,5,31,20,1.7,430,610,0.6,2150,3052,INTERNATIONAL,TOP SERVICES
374.0,2022-11-24 00:00:00,2022,11,SIT,CMI2,CNSHK-CNNSH-VNSGN-IDJKT-IDSRG- IDSUB-MYBTU-CNQGS-CNSHK,Shekou-Nansha-Hochiminh-Jakarta-Semarang- Surabaya-Bintulu-Qinzhao-Shekou,Direct,0,0,0,0,0,0,0.0,0,0,INTERNATIONAL,TOP SERVICES
375.0,2022-11-25 00:00:00,2022,11,SSL,SSS-SAT,SGSIN-IDSUB-SGSIN,Singapore-Surabaya-Singapore,Feeder,4,87,36,2.6,2153,3173,0.75,8612,12692,INTERNATIONAL,TOP SERVICES
376.0,2022-11-26 00:00:00,2022,11,SSL,SSS-WED,SGSIN-IDSUB-SGSIN,Singapore-Surabaya-Singapore,Feeder,0,0,0,0,0,0,0.0,0,0,INTERNATIONAL,TOP SERVICES
377.0,2022-11-27 00:00:00,2022,11,SSL,SSE,SGSIN-IDSUB-SGSIN,Singapore-Surabaya-Singapore,Feeder,0,0,0,0,0,0,0.0,0,0,INTERNATIONAL,TOP SERVICES
378.0,2022-11-28 00:00:00,2022,11,WHL,CS 2,HKHKG–CNNSH–CNSHK–IDSUB–IDSRG– IDJKT–MYKLA (North)–MYKLA (West)– HKHKG,HongKong–Nansha–Shekou–Surabaya–Semarang– Jakarta–Port Klang (North)–Port Klang (West)– HongKong,Direct,1,48,19,2.7,708,1024,0.0,708,1024,INTERNATIONAL,TOP SERVICES
379.0,2022-11-29 00:00:00,2022,11,WHL,TPI,IDJKT-IDSRG-IDSUB-TWKHH-TWTXG-TWKHH-TWTPE,Jakarta-Semarang-Surabaya-Kaohsiung-Taichung-Kaohsiung-Taipei,Direct,5,32,20,1.7,580,899,0.0,2902,4497,INTERNATIONAL,TOP SERVICES
380.0,2022-11-30 00:00:00,2022,11,WHL,Ad Hoc WHL,Various route,Various route,Ad Hoc,0,0,0,0,0,0,0.0,0,0,INTERNATIONAL,TOP SERVICES
381.0,2022-11-01 00:00:00,2022,11,XCL,SSX,SGSIN-IDSUB-SGSIN,Singapore-Surabaya-Singapore,Feeder,0,0,0,0,0,0,0.0,0,0,INTERNATIONAL,TOP SERVICES
382.0,2022-11-02 00:00:00,2022,11,YML,ITS,MYKLA-SGSIN-IDSRG-IDSUB-MYKLA- SGSIN-THBKK THSCS-THLCH,Port Klang-Singapore-Semarang-Surabaya-Port Klang- Singapore-Bangkok Sahathai Terminal-Laem Chabang,Feeder,1,63,44,2,645,992,1.0,645,992,INTERNATIONAL,TOP SERVICES
383.0,2022-11-03 00:00:00,2022,11,CMA,CHINA 1,CNSGH-CNNBO-CNSTG-CNSHK-IDJKT-IDSUB-PHMNL South-PHMNL North-CNSGH,Shanghai-Ningbo-Shantou-Shekou-Jakarta-Surabaya-Manila South-Manila North-Shanghai,Direct,3,62,34,2.1,754,1208,0.33,2263,3624,INTERNATIONAL,TOP SERVICES
384.0,2022-11-04 00:00:00,2022,11,CMA,CS 2,HKHKG–CNNSH–CNSHK–IDSUB–IDSRG– IDJKT–MYKLA (North)–MYKLA (West)– HKHKG,HongKong–Nansha–Shekou–Surabaya–Semarang– Jakarta–Port Klang (North)–Port Klang (West)– HongKong,Direct,1,51,28,2.1,683,987,0.0,683,987,INTERNATIONAL,TOP SERVICES
385.0,2022-11-05 00:00:00,2022,11,CMA,KCS,North South: CNLYG-CNQIN-CNNSH-MYTPP-SGSIN-IDJKT-IDSUB-PHDVO-CNSGH-CNDAL. East-West: CNYTN-CNNSH-CNCWN-HKHKG-PHMNL South-PHMNL North,North South: Lianyungang-Qingdao-Nansha-Port Kelang-Singapore-Jakarta-Surabaya-Davao-Shanghai-Dalian. East-West: Yantian-Nansha-Chiwan-Hongkong-Manila South-Manila North,Direct,4,56,29,2.2,1116,1838,0.0,4463,7353,INTERNATIONAL,TOP SERVICES
386.0,2022-12-01 00:00:00,2022,12,COS,GMI,IDJKT-IDSUB-SGSIN-MYPGU-SGSIN-MYKLA,Jakarta-Surabaya-Singapore-Pasir Gudang-Singapore-Port Kelang West,Feeder,4,28,23,1.5,270,383,0.0,1079,1531,INTERNATIONAL,TOP SERVICES
387.0,2022-12-02 00:00:00,2022,12,COS,SSS-SAT,SGSIN-IDSUB-SGSIN,Singapore-Surabaya-Singapore,Feeder,0,0,0,0,0,0,0.0,0,0,INTERNATIONAL,TOP SERVICES
388.0,2022-12-03 00:00:00,2022,12,COS,SSS-WED,SGSIN-IDSUB-SGSIN,Singapore-Surabaya-Singapore,Feeder,5,67,32,2.4,1685,2485,0.4,8426,12424,INTERNATIONAL,TOP SERVICES
389.0,2022-12-04 00:00:00,2022,12,GSL,ITS,MYKLA-SGSIN-IDSRG-IDSUB-MYKLA- SGSIN-THBKK THSCS-THLCH,Port Klang-Singapore-Semarang-Surabaya-Port Klang- Singapore-Bangkok Sahathai Terminal-Laem Chabang,Feeder,2,47,31,1.7,889,1224,1.0,1777,2448,INTERNATIONAL,TOP SERVICES
390.0,2022-12-05 00:00:00,2022,12,EMC,CIT,CNNBO-CNSGH-HKHKG (Zhujiang)-CNSHK-IDSUB-IDSRG-IDJKT-SGSIN-THLCH-HKHKG-CNNBO,Ningbo-Shanghai-Hong Kong (Zhujiang)-Shekou-Surabaya-Semarang-Jakarta-Singapore-Laemchabang-Hong Kong-Ningbo,Direct,5,46,36,1.5,373,561,0.4,1867,2806,INTERNATIONAL,TOP SERVICES
391.0,2022-12-06 00:00:00,2022,12,EMC,JPI-A,JPYOK-JPTYO-JPSMZ-JPNGO-JPUKB-TWTPE-TWKHH-PHMNL South-IDSUB-IDJKT-MYTPP-MYBTU-TWKHH,Yokohama-Tokyo-Shimizu-Nagoya-Kobe-Taipei-Kaohsiung-Manila South-Surabaya-Jakarta-Tanjung Pelepas-Bintulu-Kaohsiung,Direct,4,55,27,2.3,786,1147,0.25,3145,4589,INTERNATIONAL,TOP SERVICES
392.0,2022-12-07 00:00:00,2022,12,EMC,JPI-B,CNSHK-HKHKG-IDJKT-IDSRG-IDSUB-PHMNL South-TWKHH-TWTPE-JPYOK,Shekou-Hong Kong-Jakarta-Semarang-Surabaya-Manila South-Kaohsiung-Taipei-Yokohama,Direct,4,39,20,2.1,755,1192,0.0,3018,4767,INTERNATIONAL,TOP SERVICES
393.0,2022-12-08 00:00:00,2022,12,EMC,TMI,IDSUB-IDSRG-MYTPP-THLCH,Surabaya-Semarang-Tanjung Pelepas-Laemchabang,Feeder,3,36,22,1.8,738,1081,0.33,2214,3244,INTERNATIONAL,TOP SERVICES
394.0,2022-12-09 00:00:00,2022,12,EMC,TIS (Discontinue),0,0,,0,0,0,0,0,0,0.0,0,0,INTERNATIONAL,TOP SERVICES
395.0,2022-12-10 00:00:00,2022,12,KMT,CKI,KRPUS-KRKWA-CNSGH-CNNBO-HKHKG-IDJKT-IDSUB-VNSGN VNCLI-CNNBO-CNSGH-KRPUS,Pusan-Kwangyang-Shanghai-Ningbo-Hongkong-Jakarta-Surabaya-Hochiminh Cat Lai-Ningbo-Shanghai-Pusan,Direct,3,41,20,2.2,701,934,0.67,2103,2802,INTERNATIONAL,TOP SERVICES
396.0,2022-12-11 00:00:00,2022,12,KAL,Ad Hoc KRL,Various route,Various route,Ad Hoc,1,33,28,1.5,235,240,1.0,235,240,INTERNATIONAL,TOP SERVICES
397.0,2022-12-12 00:00:00,2022,12,MEL,SDS,IDSUB-TLDIL-IDSUB-SGSIN (optional)-IDSUB,Surabaya-Dili-Surabaya-Singapore (optional)-Surabaya,Feeder,0,0,0,0,0,0,0.0,0,0,INTERNATIONAL,TOP SERVICES
398.0,2022-12-13 00:00:00,2022,12,KSL,KPG,IDJKT-IDSUB-MYKLA West-INNSA-AEJEA-LKCMB-SADMM-PKKHI-INMUN,Jakarta-Surabaya-Port Klang West-Nhava Sheva-Jebel Ali-Colomba-Dammam-Karachi-Mundra,Direct,0,0,0,0,0,0,0.0,0,0,INTERNATIONAL,TOP SERVICES
399.0,2022-12-14 00:00:00,2022,12,MSC,NEW JAVA F,SGSIN-MYTPP-IDJKT-IDSUB-SGSIN,Singapore-Tanjung Pelepas-Jakarta-Surabaya-Singapore,Feeder,3,36,19,2.1,765,1054,1.0,2294,3162,INTERNATIONAL,TOP SERVICES
400.0,2022-12-15 00:00:00,2022,12,MSC,NEW JAVA T,SGSIN-MYTPP-IDSRG-IDSUB,Singapore-Tanjung Pelepas-Semarang-Surabaya,Feeder,0,0,0,0,0,0,0.0,0,0,INTERNATIONAL,TOP SERVICES
401.0,2022-12-16 00:00:00,2022,12,MSC,DOLPHIN,CNSGH-CNNBO-CNXAM-MYTPP-SGSIN-IDJKT-IDSUB-MYTPP-SGSIN-THLCH-VNVUT-CNSGH,Shanghai-Ningbo-Xiamen-Tanjung Pelepas-Singapore-Jakarta-Surabaya-Tanjung Pelepas-Singapore-Laem Chabang-Vung Tau-Shanghai,Direct,4,49,29,2.1,715,1008,0.5,2859,4031,INTERNATIONAL,TOP SERVICES
402.0,2022-12-17 00:00:00,2022,12,MSK,IA-8,CNSGH-CNTXG-CNQIN-TWKEL-SGSIN-MYTPP-IDJKT-IDSUB-PHDVO-CNSGH,Shanghai-Xingang-Qingdao-Keelung-Singapore-Tanjung Pelepas-Jakarta-Surabaya-Davao-Shanghai,Direct,5,64,28,2.6,2119,3430,0.2,10593,17152,INTERNATIONAL,TOP SERVICES
403.0,2022-12-18 00:00:00,2022,12,ONE,CS 2,HKHKG–CNNSH–CNSHK–IDSUB–IDSRG– IDJKT–MYKLA (North)–MYKLA (West)– HKHKG,HongKong–Nansha–Shekou–Surabaya–Semarang– Jakarta–Port Klang (North)–Port Klang (West)– HongKong,Direct,2,42,23,2,665,1026,0.0,1330,2052,INTERNATIONAL,TOP SERVICES
404.0,2022-12-19 00:00:00,2022,12,OOL,ITS,MYKLA-SGSIN-IDSRG-IDSUB-MYKLA- SGSIN-THBKK THSCS-THLCH,Port Klang-Singapore-Semarang-Surabaya-Port Klang- Singapore-Bangkok Sahathai Terminal-Laem Chabang,Feeder,1,43,21,2.3,815,1153,1.0,815,2306,INTERNATIONAL,TOP SERVICES
405.0,2022-12-20 00:00:00,2022,12,PIL,SSE,SGSIN-IDSUB-SGSIN,Singapore-Surabaya-Singapore,Feeder,4,56,26,2.3,1330,2020,0.25,5320,8081,INTERNATIONAL,TOP SERVICES
406.0,2022-12-21 00:00:00,2022,12,PIL,SUS,0,0,0,0,0,0,0,0,0,0.0,0,0,INTERNATIONAL,TOP SERVICES
407.0,2022-12-22 00:00:00,2022,12,RCL,RMI3,SGSIN-IDSUB-SGSIN-MYKLA-MYNTL-MYKLA-SGSIN,Singapore-Surabaya-Singapore-Port Klang-Penang-Port Klang-Singapore,Feeder,4,40,21,2,806,1086,0.75,3225,4343,INTERNATIONAL,TOP SERVICES
408.0,2022-12-23 00:00:00,2022,12,SIT,CMI,IDJKT-IDSRG-IDSUB-IDMAK-PHBTG-CNSGH-CNXAM-CNSHK-CNNSH-MYBTU-IDJKT,Jakarta-Semarang-Surabaya-Makassar-Batangas-Shanghai-Xiamen-Shekou-Nansha-Bintulu-Jakarta,Direct,4,30,20,1.6,478,719,0.75,1911,2877,INTERNATIONAL,TOP SERVICES
409.0,2022-12-24 00:00:00,2022,12,SIT,CMI2,CNSHK-CNNSH-VNSGN-IDJKT-IDSRG- IDSUB-MYBTU-CNQGS-CNSHK,Shekou-Nansha-Hochiminh-Jakarta-Semarang- Surabaya-Bintulu-Qinzhao-Shekou,Direct,0,0,0,0,0,0,0.0,0,0,INTERNATIONAL,TOP SERVICES
410.0,2022-12-25 00:00:00,2022,12,SSL,SSS-SAT,SGSIN-IDSUB-SGSIN,Singapore-Surabaya-Singapore,Feeder,4,76,33,2.5,2317,3508,0.5,9266,14032,INTERNATIONAL,TOP SERVICES
411.0,2022-12-26 00:00:00,2022,12,SSL,SSS-WED,SGSIN-IDSUB-SGSIN,Singapore-Surabaya-Singapore,Feeder,0,0,0,0,0,0,0.0,0,0,INTERNATIONAL,TOP SERVICES
412.0,2022-12-27 00:00:00,2022,12,SSL,SSE,SGSIN-IDSUB-SGSIN,Singapore-Surabaya-Singapore,Feeder,0,0,0,0,0,0,0.0,0,0,INTERNATIONAL,TOP SERVICES
413.0,2022-12-28 00:00:00,2022,12,WHL,CS 2,HKHKG–CNNSH–CNSHK–IDSUB–IDSRG– IDJKT–MYKLA (North)–MYKLA (West)– HKHKG,HongKong–Nansha–Shekou–Surabaya–Semarang– Jakarta–Port Klang (North)–Port Klang (West)– HongKong,Direct,2,34,28,1.7,493,723,0.5,986,1446,INTERNATIONAL,TOP SERVICES
414.0,2022-12-29 00:00:00,2022,12,WHL,TPI,IDJKT-IDSRG-IDSUB-TWKHH-TWTXG-TWKHH-TWTPE,Jakarta-Semarang-Surabaya-Kaohsiung-Taichung-Kaohsiung-Taipei,Direct,4,31,20,1.7,710,1056,0.5,2840,4224,INTERNATIONAL,TOP SERVICES
415.0,2022-12-30 00:00:00,2022,12,WHL,Ad Hoc WHL,Various route,Various route,Ad Hoc,0,0,0,0,0,0,0.0,0,0,INTERNATIONAL,TOP SERVICES
416.0,2022-12-31 00:00:00,2022,12,XCL,SSX,SGSIN-IDSUB-SGSIN,Singapore-Surabaya-Singapore,Feeder,0,0,0,0,0,0,0.0,0,0,INTERNATIONAL,TOP SERVICES
417.0,2022-12-01 00:00:00,2022,12,YML,ITS,MYKLA-SGSIN-IDSRG-IDSUB-MYKLA- SGSIN-THBKK THSCS-THLCH,Port Klang-Singapore-Semarang-Surabaya-Port Klang- Singapore-Bangkok Sahathai Terminal-Laem Chabang,Feeder,3,63,36,2,828,1228,1.0,2484,3684,INTERNATIONAL,TOP SERVICES
418.0,2022-12-02 00:00:00,2022,12,CMA,CHINA 1,CNSGH-CNNBO-CNSTG-CNSHK-IDJKT-IDSUB-PHMNL South-PHMNL North-CNSGH,Shanghai-Ningbo-Shantou-Shekou-Jakarta-Surabaya-Manila South-Manila North-Shanghai,Direct,5,66,34,2.3,862,1387,0.0,4309,6936,INTERNATIONAL,TOP SERVICES
419.0,2022-12-03 00:00:00,2022,12,CMA,CS 2,HKHKG–CNNSH–CNSHK–IDSUB–IDSRG– IDJKT–MYKLA (North)–MYKLA (West)– HKHKG,HongKong–Nansha–Shekou–Surabaya–Semarang– Jakarta–Port Klang (North)–Port Klang (West)– HongKong,Direct,2,42,22,2.1,789,1130,0.0,1577,2260,INTERNATIONAL,TOP SERVICES
420.0,2022-12-04 00:00:00,2022,12,CMA,KCS,North South: CNLYG-CNQIN-CNNSH-MYTPP-SGSIN-IDJKT-IDSUB-PHDVO-CNSGH-CNDAL. East-West: CNYTN-CNNSH-CNCWN-HKHKG-PHMNL South-PHMNL North,North South: Lianyungang-Qingdao-Nansha-Port Kelang-Singapore-Jakarta-Surabaya-Davao-Shanghai-Dalian. East-West: Yantian-Nansha-Chiwan-Hongkong-Manila South-Manila North,Direct,5,56,29,2.2,1094,1893,0.4,5472,9467,INTERNATIONAL,TOP SERVICES
421.0,2023-01-01 00:00:00,2023,1,COS,GMI,IDJKT-IDSUB-SGSIN-MYPGU-SGSIN-MYKLA,Jakarta-Surabaya-Singapore-Pasir Gudang-Singapore-Port Kelang West,Feeder,2,29,32,1.3,219,310,0.5,438,620,INTERNATIONAL,TOP SERVICES
422.0,2023-01-02 00:00:00,2023,1,COS,SSS-SAT,SGSIN-IDSUB-SGSIN,Singapore-Surabaya-Singapore,Feeder,0,0,0,0,0,0,0.0,0,0,INTERNATIONAL,TOP SERVICES
423.0,2023-01-03 00:00:00,2023,1,COS,SSS-WED,SGSIN-IDSUB-SGSIN,Singapore-Surabaya-Singapore,Feeder,4,72,34,2.4,1306,1939,1.0,5222,7755,INTERNATIONAL,TOP SERVICES
424.0,2023-01-04 00:00:00,2023,1,GSL,ITS,MYKLA-SGSIN-IDSRG-IDSUB-MYKLA- SGSIN-THBKK THSCS-THLCH,Port Klang-Singapore-Semarang-Surabaya-Port Klang- Singapore-Bangkok Sahathai Terminal-Laem Chabang,Feeder,0,0,0,0,0,0,0.0,0,0,INTERNATIONAL,TOP SERVICES
425.0,2023-01-05 00:00:00,2023,1,EMC,CIT,CNNBO-CNSGH-HKHKG (Zhujiang)-CNSHK-IDSUB-IDSRG-IDJKT-SGSIN-THLCH-HKHKG-CNNBO,Ningbo-Shanghai-Hong Kong (Zhujiang)-Shekou-Surabaya-Semarang-Jakarta-Singapore-Laemchabang-Hong Kong-Ningbo,Direct,0,0,0,0,0,0,0.0,0,0,INTERNATIONAL,TOP SERVICES
426.0,2023-01-06 00:00:00,2023,1,EMC,JPI-A,JPYOK-JPTYO-JPSMZ-JPNGO-JPUKB-TWTPE-TWKHH-PHMNL South-IDSUB-IDJKT-MYTPP-MYBTU-TWKHH,Yokohama-Tokyo-Shimizu-Nagoya-Kobe-Taipei-Kaohsiung-Manila South-Surabaya-Jakarta-Tanjung Pelepas-Bintulu-Kaohsiung,Direct,0,0,0,0,0,0,0.0,0,0,INTERNATIONAL,TOP SERVICES
427.0,2023-01-07 00:00:00,2023,1,EMC,JPI-B,CNSHK-HKHKG-IDJKT-IDSRG-IDSUB-PHMNL South-TWKHH-TWTPE-JPYOK,Shekou-Hong Kong-Jakarta-Semarang-Surabaya-Manila South-Kaohsiung-Taipei-Yokohama,Direct,0,0,0,0,0,0,0.0,0,0,INTERNATIONAL,TOP SERVICES
428.0,2023-01-08 00:00:00,2023,1,EMC,TMI,IDSUB-IDSRG-MYTPP-THLCH,Surabaya-Semarang-Tanjung Pelepas-Laemchabang,Feeder,0,0,0,0,0,0,0.0,0,0,INTERNATIONAL,TOP SERVICES
429.0,2023-01-09 00:00:00,2023,1,EMC,VMI,VNHPH-VNSGN-MYKLA West Port-MYTPP-IDJKT-IDSRG-IDSUB,Haipong-Ho Chi Minh City-Port Klang West Port-Tanjung Pelepas-Jakarta-Semarang-Surabaya,Direct,0,0,0,0,0,0,0.0,0,0,INTERNATIONAL,TOP SERVICES
430.0,2023-01-10 00:00:00,2023,1,KMT,CKI,KRPUS-KRKWA-CNSGH-CNNBO-HKHKG-IDJKT-IDSUB-VNSGN VNCLI-CNNBO-CNSGH-KRPUS,Pusan-Kwangyang-Shanghai-Ningbo-Hongkong-Jakarta-Surabaya-Hochiminh Cat Lai-Ningbo-Shanghai-Pusan,Direct,2,47,32,1.8,452,649,0.0,904,1298,INTERNATIONAL,TOP SERVICES
431.0,2023-01-11 00:00:00,2023,1,KAL,Ad Hoc KRL,Various route,Various route,Ad Hoc,0,0,0,0,0,0,0.0,0,0,INTERNATIONAL,TOP SERVICES
432.0,2023-01-12 00:00:00,2023,1,MEL,Ad Hoc MKP,Various route,Various route,Ad Hoc,0,0,0,0,0,0,0.0,0,0,INTERNATIONAL,TOP SERVICES
433.0,2023-01-13 00:00:00,2023,1,KSL,KPG,IDJKT-IDSUB-MYKLA West-INNSA-AEJEA-LKCMB-SADMM-PKKHI-INMUN,Jakarta-Surabaya-Port Klang West-Nhava Sheva-Jebel Ali-Colomba-Dammam-Karachi-Mundra,Direct,0,0,0,0,0,0,0.0,0,0,INTERNATIONAL,TOP SERVICES
434.0,2023-01-14 00:00:00,2023,1,MSC,NEW JAVA F,SGSIN-MYTPP-IDJKT-IDSUB-SGSIN,Singapore-Tanjung Pelepas-Jakarta-Surabaya-Singapore,Feeder,5,49,30,2,1028,1505,0.0,5141,7524,INTERNATIONAL,TOP SERVICES
435.0,2023-01-15 00:00:00,2023,1,MSC,NEW JAVA T,SGSIN-MYTPP-IDSRG-IDSUB,Singapore-Tanjung Pelepas-Semarang-Surabaya,Feeder,0,0,0,0,0,0,0.0,0,0,INTERNATIONAL,TOP SERVICES
436.0,2023-01-16 00:00:00,2023,1,MSC,DOLPHIN,CNSGH-CNNBO-CNXAM-MYTPP-SGSIN-IDJKT-IDSUB-MYTPP-SGSIN-THLCH-VNVUT-CNSGH,Shanghai-Ningbo-Xiamen-Tanjung Pelepas-Singapore-Jakarta-Surabaya-Tanjung Pelepas-Singapore-Laem Chabang-Vung Tau-Shanghai,Direct,4,54,29,2.1,625,880,0.25,2498,3518,INTERNATIONAL,TOP SERVICES
437.0,2023-01-17 00:00:00,2023,1,MSK,IA-8,CNSGH-CNTXG-CNQIN-TWKEL-SGSIN-MYTPP-IDJKT-IDSUB-PHDVO-CNSGH,Shanghai-Xingang-Qingdao-Keelung-Singapore-Tanjung Pelepas-Jakarta-Surabaya-Davao-Shanghai,Direct,3,74,29,2.7,1897,3045,0.0,5691,9135,INTERNATIONAL,TOP SERVICES
438.0,2023-01-18 00:00:00,2023,1,ONE,CS 2,HKHKG–CNNSH–CNSHK–IDSUB–IDSRG– IDJKT–MYKLA (North)–MYKLA (West)– HKHKG,HongKong–Nansha–Shekou–Surabaya–Semarang– Jakarta–Port Klang (North)–Port Klang (West)– HongKong,Direct,1,40,21,2.1,640,908,0.0,640,908,INTERNATIONAL,TOP SERVICES
439.0,2023-01-19 00:00:00,2023,1,ONE,KCI,IDJKT-IDSUB-CNSHK-CNXAM-KRPUS-CNQIN-CNSGH-CNNBO-IDJKT,Jakarta-Surabaya-Shekou-Xiamen-Pusan-Qingdao-Shanghai-Ningbo-Jakarta,Direct,0,0,0,0,0,0,0.0,0,0,INTERNATIONAL,TOP SERVICES
440.0,2023-01-20 00:00:00,2023,1,OOL,ITS,MYKLA-SGSIN-IDSRG-IDSUB-MYKLA- SGSIN-THBKK THSCS-THLCH,Port Klang-Singapore-Semarang-Surabaya-Port Klang- Singapore-Bangkok Sahathai Terminal-Laem Chabang,Feeder,1,71,35,2.5,688,973,1.0,688,973,INTERNATIONAL,TOP SERVICES
441.0,2023-01-21 00:00:00,2023,1,PIL,SSE,SGSIN-IDSUB-SGSIN,Singapore-Surabaya-Singapore,Feeder,5,52,30,1.9,777,1150,1.0,3885,5749,INTERNATIONAL,TOP SERVICES
442.0,2023-01-22 00:00:00,2023,1,PIL,SUS,0,0,0,0,0,0,0,0,0,0.0,0,0,INTERNATIONAL,TOP SERVICES
443.0,2023-01-23 00:00:00,2023,1,RCL,RMI3,SGSIN-IDSUB-SGSIN-MYKLA-MYNTL-MYKLA-SGSIN,Singapore-Surabaya-Singapore-Port Klang-Penang-Port Klang-Singapore,Feeder,4,42,25,2,671,971,0.75,2685,3883,INTERNATIONAL,TOP SERVICES
444.0,2023-01-24 00:00:00,2023,1,SIT,CMI,IDJKT-IDSRG-IDSUB-IDMAK-PHBTG-CNSGH-CNXAM-CNSHK-CNNSH-MYBTU-IDJKT,Jakarta-Semarang-Surabaya-Makassar-Batangas-Shanghai-Xiamen-Shekou-Nansha-Bintulu-Jakarta,Direct,5,36,26,1.6,384,545,0.6,1918,2727,INTERNATIONAL,TOP SERVICES
445.0,2023-01-25 00:00:00,2023,1,SIT,CMI2,CNSHK-CNNSH-VNSGN-IDJKT-IDSRG- IDSUB-MYBTU-CNQGS-CNSHK,Shekou-Nansha-Hochiminh-Jakarta-Semarang- Surabaya-Bintulu-Qinzhao-Shekou,Direct,3,19,23,1.4,81,134,0.33,243,403,INTERNATIONAL,TOP SERVICES
446.0,2023-01-26 00:00:00,2023,1,SIT,KCI,IDJKT-IDSUB-CNSHK-CNXAM-KRPUS-CNQIN-CNSGH-CNNBO-IDJKT,Jakarta-Surabaya-Shekou-Xiamen-Pusan-Qingdao-Shanghai-Ningbo-Jakarta,,0,0,0,0,0,0,0.0,0,0,INTERNATIONAL,TOP SERVICES
447.0,2023-01-27 00:00:00,2023,1,SSL,SSS-SAT,SGSIN-IDSUB-SGSIN,Singapore-Surabaya-Singapore,Feeder,5,82,37,2.4,1983,2891,0.6,9916,14456,INTERNATIONAL,TOP SERVICES
448.0,2023-01-28 00:00:00,2023,1,SSL,SSS-WED,SGSIN-IDSUB-SGSIN,Singapore-Surabaya-Singapore,Feeder,0,0,0,0,0,0,0.0,0,0,INTERNATIONAL,TOP SERVICES
449.0,2023-01-29 00:00:00,2023,1,SSL,SSE,SGSIN-IDSUB-SGSIN,Singapore-Surabaya-Singapore,Feeder,0,0,0,0,0,0,0.0,0,0,INTERNATIONAL,TOP SERVICES
450.0,2023-01-30 00:00:00,2023,1,WHL,CS 2,HKHKG–CNNSH–CNSHK–IDSUB–IDSRG– IDJKT–MYKLA (North)–MYKLA (West)– HKHKG,HongKong–Nansha–Shekou–Surabaya–Semarang– Jakarta–Port Klang (North)–Port Klang (West)– HongKong,Direct,1,43,31,1.6,613,776,0.0,613,776,INTERNATIONAL,TOP SERVICES
451.0,2023-01-31 00:00:00,2023,1,WHL,TPI,IDJKT-IDSRG-IDSUB-TWKHH-TWTXG-TWKHH-TWTPE,Jakarta-Semarang-Surabaya-Kaohsiung-Taichung-Kaohsiung-Taipei,Direct,5,38,22,2,819,1273,0.8,4096,6365,INTERNATIONAL,TOP SERVICES
452.0,2023-01-01 00:00:00,2023,1,WHL,Ad Hoc WHL,Various route,Various route,Ad Hoc,0,0,0,0,0,0,0.0,0,0,INTERNATIONAL,TOP SERVICES
453.0,2023-01-02 00:00:00,2023,1,WHL,C18,IDSUB-SGSIN-MYKLA- INMUN-INNSA,Surabaya-Singapore-Port Klang- Mundra-Nhava Sheva,Direct,0,0,0,0,0,0,0.0,0,0,INTERNATIONAL,TOP SERVICES
454.0,2023-01-03 00:00:00,2023,1,XCL,SSX,SGSIN-IDSUB-SGSIN,Singapore-Surabaya-Singapore,Feeder,0,0,0,0,0,0,0.0,0,0,INTERNATIONAL,TOP SERVICES
455.0,2023-01-04 00:00:00,2023,1,YML,ITS,MYKLA-SGSIN-IDSRG-IDSUB-MYKLA- SGSIN-THBKK THSCS-THLCH,Port Klang-Singapore-Semarang-Surabaya-Port Klang- Singapore-Bangkok Sahathai Terminal-Laem Chabang,Feeder,1,38,25,1.8,708,1013,1.0,708,1013,INTERNATIONAL,TOP SERVICES
456.0,2023-01-05 00:00:00,2023,1,CMA,CHINA 1,CNSGH-CNNBO-CNSTG-CNSHK-IDJKT-IDSUB-PHMNL South-PHMNL North-CNSGH,Shanghai-Ningbo-Shantou-Shekou-Jakarta-Surabaya-Manila South-Manila North-Shanghai,Direct,5,46,30,2,527,820,0.0,2634,4100,INTERNATIONAL,TOP SERVICES
457.0,2023-01-06 00:00:00,2023,1,CMA,CS 2,HKHKG–CNNSH–CNSHK–IDSUB–IDSRG– IDJKT–MYKLA (North)–MYKLA (West)– HKHKG,HongKong–Nansha–Shekou–Surabaya–Semarang– Jakarta–Port Klang (North)–Port Klang (West)– HongKong,Direct,2,33,30,1.9,592,831,0.0,1184,1661,INTERNATIONAL,TOP SERVICES
458.0,2023-01-07 00:00:00,2023,1,CMA,KCS,North South: CNLYG-CNQIN-CNNSH-MYTPP-SGSIN-IDJKT-IDSUB-PHDVO-CNSGH-CNDAL. East-West: CNYTN-CNNSH-CNCWN-HKHKG-PHMNL South-PHMNL North,North South: Lianyungang-Qingdao-Nansha-Port Kelang-Singapore-Jakarta-Surabaya-Davao-Shanghai-Dalian. East-West: Yantian-Nansha-Chiwan-Hongkong-Manila South-Manila North,Direct,5,66,29,2.6,962,1459,0.0,4811,7293,INTERNATIONAL,TOP SERVICES
459.0,2023-01-08 00:00:00,2023,1,CMA,JSS,SGSIN-IDSRG-IDSUB-SGSIN,Singapore-Semarang-Surabaya-Singapore,Feeder,0,0,0,0,0,0,0.0,0,0,INTERNATIONAL,TOP SERVICES
460.0,2023-01-09 00:00:00,2023,1,CMA,Ad Hoc CMA,SGSIN-IDSRG-IDSUB-SGSIN,Singapore-Semarang-Surabaya-Singapore,Ad Hoc,2,32,22,1.7,688,1062,1.0,1375,2124,INTERNATIONAL,TOP SERVICES
461.0,2023-01-10 00:00:00,2023,1,ANL,APR,MYKLA-SGSIN-IDJKT-IDSUB-PGLAE-PGKIM-PGMTK- AUTSV-MYKLA,Port Klang-Singapore-Jakarta-Surabaya-Lae-Kimbe-Motukea Island- Townsville-Port Klang,Direct,0,0,0,0,0,0,0.0,0,0,INTERNATIONAL,TOP SERVICES
462.0,2023-01-11 00:00:00,2023,1,ANL,PAX,SGSIN-IDSUB-TLDIL-AUDRW-SGSIN,Singapore-Surabaya-Dili-Darwin-Singapore,Direct,0,0,0,0,0,0,0.0,0,0,INTERNATIONAL,TOP SERVICES
463.0,2023-01-12 00:00:00,2023,1,BEN,ETS/SDD,SGSIN-IDSUB-TLDIL,Singapore-Surabaya-Dili,Direct,0,0,0,0,0,0,0.0,0,0,INTERNATIONAL,TOP SERVICES
464.0,2023-01-13 00:00:00,2023,1,LMA,ETS/SDD,SGSIN-IDSUB-TLDIL,Singapore-Surabaya-Dili,Direct,0,0,0,0,0,0,0.0,0,0,INTERNATIONAL,TOP SERVICES
465.0,2023-01-14 00:00:00,2023,1,MSC,Seahorse,CNSGH-CNNBO-THLCH-MYKLA-SGSIN-IDSUB-IDJKT-MYTPP-CNQZH-HKHKG-CNSGH,Shanghai-Ningbo-Laem Chabang-Port Klang-Singapore-Surabaya-Jakarta-Tanjung Pelepas-Qinzhou-Hongkong-Shanghai,Direct,0,0,0,0,0,0,0.0,0,0,INTERNATIONAL,TOP SERVICES
466.0,2023-01-15 00:00:00,2023,1,TSL,KCI,IDJKT-IDSUB-CNSHK-CNXAM-KRPUS-CNQIN-CNSGH-CNNBO-IDJKT,Jakarta-Surabaya-Shekou-Xiamen-Pusan-Qingdao-Shanghai-Ningbo-Jakarta,Direct,0,0,0,0,0,0,0.0,0,0,INTERNATIONAL,TOP SERVICES
467.0,2023-01-16 00:00:00,2023,1,COS,JSS,SGSIN-IDSRG-IDSUB-SGSIN,Singapore-Semarang-Surabaya-Singapore,Feeder,0,0,0,0,0,0,0.0,0,0,INTERNATIONAL,TOP SERVICES
468.0,2023-01-17 00:00:00,2023,1,NSS,KCI,IDJKT-IDSUB-CNSHK-CNXAM-KRPUS-CNQIN-CNSGH-CNNBO-IDJKT,Jakarta-Surabaya-Shekou-Xiamen-Pusan-Qingdao-Shanghai-Ningbo-Jakarta,Direct,0,0,0,0,0,0,0.0,0,0,INTERNATIONAL,TOP SERVICES
469.0,2023-01-18 00:00:00,2023,1,MPN,MPN AD HOC,,,,0,0,0,0,0,0,0.0,0,0,INTERNATIONAL,TOP SERVICES
470.0,2023-02-01 00:00:00,2023,2,COS,GMI,IDJKT-IDSUB-SGSIN-MYPGU-SGSIN-MYKLA,Jakarta-Surabaya-Singapore-Pasir Gudang-Singapore-Port Kelang West,Feeder,3,32,24,1.6,342,498,0.0,1026,1494,INTERNATIONAL,TOP SERVICES
471.0,2023-02-02 00:00:00,2023,2,COS,SSS-SAT,SGSIN-IDSUB-SGSIN,Singapore-Surabaya-Singapore,Feeder,0,0,0,0,0,0,0.0,0,0,INTERNATIONAL,TOP SERVICES
472.0,2023-02-03 00:00:00,2023,2,COS,SSS-WED,SGSIN-IDSUB-SGSIN,Singapore-Surabaya-Singapore,Feeder,4,67,34,2.3,1483,2232,1.0,5930,8928,INTERNATIONAL,TOP SERVICES
473.0,2023-02-04 00:00:00,2023,2,GSL,ITS,MYKLA-SGSIN-IDSRG-IDSUB-MYKLA- SGSIN-THBKK THSCS-THLCH,Port Klang-Singapore-Semarang-Surabaya-Port Klang- Singapore-Bangkok Sahathai Terminal-Laem Chabang,Feeder,1,60,39,1.9,878,1230,1.0,878,1230,INTERNATIONAL,TOP SERVICES
474.0,2023-02-05 00:00:00,2023,2,EMC,CIT,CNNBO-CNSGH-HKHKG (Zhujiang)-CNSHK-IDSUB-IDSRG-IDJKT-SGSIN-THLCH-HKHKG-CNNBO,Ningbo-Shanghai-Hong Kong (Zhujiang)-Shekou-Surabaya-Semarang-Jakarta-Singapore-Laemchabang-Hong Kong-Ningbo,Direct,3,41,27,1.9,364,503,0.0,1093,1509,INTERNATIONAL,TOP SERVICES
475.0,2023-02-06 00:00:00,2023,2,EMC,JPI-A,JPYOK-JPTYO-JPSMZ-JPNGO-JPUKB-TWTPE-TWKHH-PHMNL South-IDSUB-IDJKT-MYTPP-MYBTU-TWKHH,Yokohama-Tokyo-Shimizu-Nagoya-Kobe-Taipei-Kaohsiung-Manila South-Surabaya-Jakarta-Tanjung Pelepas-Bintulu-Kaohsiung,Direct,4,70,41,2,786,1111,1.0,3142,4442,INTERNATIONAL,TOP SERVICES
476.0,2023-02-07 00:00:00,2023,2,EMC,JPI-B,CNSHK-HKHKG-IDJKT-IDSRG-IDSUB-PHMNL South-TWKHH-TWTPE-JPYOK,Shekou-Hong Kong-Jakarta-Semarang-Surabaya-Manila South-Kaohsiung-Taipei-Yokohama,Direct,3,40,23,2.1,526,852,0.0,1578,2556,INTERNATIONAL,TOP SERVICES
477.0,2023-02-08 00:00:00,2023,2,EMC,TMI,IDSUB-IDSRG-MYTPP-THLCH,Surabaya-Semarang-Tanjung Pelepas-Laemchabang,Feeder,2,36,24,1.6,591,807,1.0,1182,1613,INTERNATIONAL,TOP SERVICES
478.0,2023-02-09 00:00:00,2023,2,EMC,VMI,VNHPH-VNSGN-MYKLA West Port-MYTPP-IDJKT-IDSRG-IDSUB,Haipong-Ho Chi Minh City-Port Klang West Port-Tanjung Pelepas-Jakarta-Semarang-Surabaya,Direct,2,44,25,2,1368,1964,0.0,1368,1964,INTERNATIONAL,TOP SERVICES
479.0,2023-02-10 00:00:00,2023,2,KMT,CKI,KRPUS-KRKWA-CNSGH-CNNBO-HKHKG-IDJKT-IDSUB-VNSGN VNCLI-CNNBO-CNSGH-KRPUS,Pusan-Kwangyang-Shanghai-Ningbo-Hongkong-Jakarta-Surabaya-Hochiminh Cat Lai-Ningbo-Shanghai-Pusan,Direct,3,36,24,1.8,591,801,0.33,1772,2404,INTERNATIONAL,TOP SERVICES
480.0,2023-02-11 00:00:00,2023,2,KAL,Ad Hoc KRL,Various route,Various route,Ad Hoc,1,19,18,1.2,184,217,1.0,184,217,INTERNATIONAL,TOP SERVICES
481.0,2023-02-12 00:00:00,2023,2,MEL,Ad Hoc MKP,Various route,Various route,Ad Hoc,0,0,0,0,0,0,0.0,0,0,INTERNATIONAL,TOP SERVICES
482.0,2023-02-13 00:00:00,2023,2,KSL,KPG,IDJKT-IDSUB-MYKLA West-INNSA-AEJEA-LKCMB-SADMM-PKKHI-INMUN,Jakarta-Surabaya-Port Klang West-Nhava Sheva-Jebel Ali-Colomba-Dammam-Karachi-Mundra,Direct,0,0,0,0,0,0,0.0,0,0,INTERNATIONAL,TOP SERVICES
483.0,2023-02-14 00:00:00,2023,2,MSC,NEW JAVA F,SGSIN-MYTPP-IDJKT-IDSUB-SGSIN,Singapore-Tanjung Pelepas-Jakarta-Surabaya-Singapore,Feeder,4,55,31,2.1,1061,1482,0.25,4243,5926,INTERNATIONAL,TOP SERVICES
484.0,2023-02-15 00:00:00,2023,2,MSC,NEW JAVA T,SGSIN-MYTPP-IDSRG-IDSUB,Singapore-Tanjung Pelepas-Semarang-Surabaya,Feeder,0,0,0,0,0,0,0.0,0,0,INTERNATIONAL,TOP SERVICES
485.0,2023-02-16 00:00:00,2023,2,MSC,DOLPHIN,CNSGH-CNNBO-CNXAM-MYTPP-SGSIN-IDJKT-IDSUB-MYTPP-SGSIN-THLCH-VNVUT-CNSGH,Shanghai-Ningbo-Xiamen-Tanjung Pelepas-Singapore-Jakarta-Surabaya-Tanjung Pelepas-Singapore-Laem Chabang-Vung Tau-Shanghai,Direct,4,36,29,1.8,422,614,0.25,1689,2454,INTERNATIONAL,TOP SERVICES
486.0,2023-02-17 00:00:00,2023,2,MSK,IA-8,CNSGH-CNTXG-CNQIN-TWKEL-SGSIN-MYTPP-IDJKT-IDSUB-PHDVO-CNSGH,Shanghai-Xingang-Qingdao-Keelung-Singapore-Tanjung Pelepas-Jakarta-Surabaya-Davao-Shanghai,Direct,5,64,32,2.2,1782,2787,0.8,8912,13935,INTERNATIONAL,TOP SERVICES
487.0,2023-02-18 00:00:00,2023,2,ONE,CS 2,HKHKG–CNNSH–CNSHK–IDSUB–IDSRG– IDJKT–MYKLA (North)–MYKLA (West)– HKHKG,HongKong–Nansha–Shekou–Surabaya–Semarang– Jakarta–Port Klang (North)–Port Klang (West)– HongKong,Direct,1,29,22,1.4,624,968,1.0,624,968,INTERNATIONAL,TOP SERVICES
488.0,2023-02-19 00:00:00,2023,2,ONE,KCI,IDJKT-IDSUB-CNSHK-CNXAM-KRPUS-CNQIN-CNSGH-CNNBO-IDJKT,Jakarta-Surabaya-Shekou-Xiamen-Pusan-Qingdao-Shanghai-Ningbo-Jakarta,Direct,0,0,0,0,0,0,0.0,0,0,INTERNATIONAL,TOP SERVICES
489.0,2023-02-20 00:00:00,2023,2,OOL,ITS,MYKLA-SGSIN-IDSRG-IDSUB-MYKLA- SGSIN-THBKK THSCS-THLCH,Port Klang-Singapore-Semarang-Surabaya-Port Klang- Singapore-Bangkok Sahathai Terminal-Laem Chabang,Feeder,2,50,27,2.1,812,1231,1.0,1623,2461,INTERNATIONAL,TOP SERVICES
490.0,2023-02-21 00:00:00,2023,2,PIL,SSE,SGSIN-IDSUB-SGSIN,Singapore-Surabaya-Singapore,Feeder,4,37,29,1.5,324,430,1.0,1294,1719,INTERNATIONAL,TOP SERVICES
491.0,2023-02-22 00:00:00,2023,2,PIL,SUS,0,0,0,0,0,0,0,0,0,0.0,0,0,INTERNATIONAL,TOP SERVICES
492.0,2023-02-23 00:00:00,2023,2,RCL,RMI3,SGSIN-IDSUB-SGSIN-MYKLA-MYNTL-MYKLA-SGSIN,Singapore-Surabaya-Singapore-Port Klang-Penang-Port Klang-Singapore,Feeder,5,44,24,1.9,891,1274,0.8,4455,6372,INTERNATIONAL,TOP SERVICES
493.0,2023-02-24 00:00:00,2023,2,SIT,CMI,IDJKT-IDSRG-IDSUB-IDMAK-PHBTG-CNSGH-CNXAM-CNSHK-CNNSH-MYBTU-IDJKT,Jakarta-Semarang-Surabaya-Makassar-Batangas-Shanghai-Xiamen-Shekou-Nansha-Bintulu-Jakarta,Direct,4,27,23,1.5,359,504,1.0,1437,2015,INTERNATIONAL,TOP SERVICES
494.0,2023-02-25 00:00:00,2023,2,SIT,CMI2,CNSHK-CNNSH-VNSGN-IDJKT-IDSRG- IDSUB-MYBTU-CNQGS-CNSHK,Shekou-Nansha-Hochiminh-Jakarta-Semarang- Surabaya-Bintulu-Qinzhao-Shekou,Direct,3,15,23,1.3,68,97,0.0,205,291,INTERNATIONAL,TOP SERVICES
495.0,2023-02-26 00:00:00,2023,2,SIT,KCI,IDJKT-IDSUB-CNSHK-CNXAM-KRPUS-CNQIN-CNSGH-CNNBO-IDJKT,Jakarta-Surabaya-Shekou-Xiamen-Pusan-Qingdao-Shanghai-Ningbo-Jakarta,,0,0,0,0,0,0,0.0,0,0,INTERNATIONAL,TOP SERVICES
496.0,2023-02-27 00:00:00,2023,2,SSL,SSS-SAT,SGSIN-IDSUB-SGSIN,Singapore-Surabaya-Singapore,Feeder,4,81,35,2.5,2090,3228,0.75,8361,12911,INTERNATIONAL,TOP SERVICES
497.0,2023-02-28 00:00:00,2023,2,SSL,SSS-WED,SGSIN-IDSUB-SGSIN,Singapore-Surabaya-Singapore,Feeder,0,0,0,0,0,0,0.0,0,0,INTERNATIONAL,TOP SERVICES
498.0,2023-02-01 00:00:00,2023,2,SSL,SSE,SGSIN-IDSUB-SGSIN,Singapore-Surabaya-Singapore,Feeder,0,0,0,0,0,0,0.0,0,0,INTERNATIONAL,TOP SERVICES
499.0,2023-02-02 00:00:00,2023,2,WHL,CS 2,HKHKG–CNNSH–CNSHK–IDSUB–IDSRG– IDJKT–MYKLA (North)–MYKLA (West)– HKHKG,HongKong–Nansha–Shekou–Surabaya–Semarang– Jakarta–Port Klang (North)–Port Klang (West)– HongKong,Direct,2,37,25,1.3,526,787,0.5,1051,1573,INTERNATIONAL,TOP SERVICES
500.0,2023-02-03 00:00:00,2023,2,WHL,TPI,IDJKT-IDSRG-IDSUB-TWKHH-TWTXG-TWKHH-TWTPE,Jakarta-Semarang-Surabaya-Kaohsiung-Taichung-Kaohsiung-Taipei,Direct,4,40,21,2.1,894,1455,1.0,3576,5820,INTERNATIONAL,TOP SERVICES
501.0,2023-02-04 00:00:00,2023,2,WHL,Ad Hoc WHL,Various route,Various route,Ad Hoc,0,0,0,0,0,0,0.0,0,0,INTERNATIONAL,TOP SERVICES
502.0,2023-02-05 00:00:00,2023,2,WHL,C18,IDSUB-SGSIN-MYKLA- INMUN-INNSA,Surabaya-Singapore-Port Klang- Mundra-Nhava Sheva,Direct,0,0,0,0,0,0,0.0,0,0,INTERNATIONAL,TOP SERVICES
503.0,2023-02-06 00:00:00,2023,2,XCL,SSX,SGSIN-IDSUB-SGSIN,Singapore-Surabaya-Singapore,Feeder,0,0,0,0,0,0,0.0,0,0,INTERNATIONAL,TOP SERVICES
504.0,2023-02-07 00:00:00,2023,2,YML,ITS,MYKLA-SGSIN-IDSRG-IDSUB-MYKLA- SGSIN-THBKK THSCS-THLCH,Port Klang-Singapore-Semarang-Surabaya-Port Klang- Singapore-Bangkok Sahathai Terminal-Laem Chabang,Feeder,1,54,27,2.2,811,1245,1.0,811,1245,INTERNATIONAL,TOP SERVICES
505.0,2023-02-08 00:00:00,2023,2,CMA,CHINA 1,CNSGH-CNNBO-CNSTG-CNSHK-IDJKT-IDSUB-PHMNL South-PHMNL North-CNSGH,Shanghai-Ningbo-Shantou-Shekou-Jakarta-Surabaya-Manila South-Manila North-Shanghai,Direct,3,50,33,1.9,736,1018,0.33,2209,3053,INTERNATIONAL,TOP SERVICES
506.0,2023-02-09 00:00:00,2023,2,CMA,CS 2,HKHKG–CNNSH–CNSHK–IDSUB–IDSRG– IDJKT–MYKLA (North)–MYKLA (West)– HKHKG,HongKong–Nansha–Shekou–Surabaya–Semarang– Jakarta–Port Klang (North)–Port Klang (West)– HongKong,Direct,1,39,27,1.7,500,724,0.0,500,724,INTERNATIONAL,TOP SERVICES
507.0,2023-02-10 00:00:00,2023,2,CMA,KCS,North South: CNLYG-CNQIN-CNNSH-MYTPP-SGSIN-IDJKT-IDSUB-PHDVO-CNSGH-CNDAL. East-West: CNYTN-CNNSH-CNCWN-HKHKG-PHMNL South-PHMNL North,North South: Lianyungang-Qingdao-Nansha-Port Kelang-Singapore-Jakarta-Surabaya-Davao-Shanghai-Dalian. East-West: Yantian-Nansha-Chiwan-Hongkong-Manila South-Manila North,Direct,3,60,31,2.1,1056,1672,0.33,3169,5015,INTERNATIONAL,TOP SERVICES
508.0,2023-02-11 00:00:00,2023,2,CMA,JSS,SGSIN-IDSRG-IDSUB-SGSIN,Singapore-Semarang-Surabaya-Singapore,Feeder,0,0,0,0,0,0,0.0,0,0,INTERNATIONAL,TOP SERVICES
509.0,2023-02-12 00:00:00,2023,2,CMA,Ad Hoc CMA,SGSIN-IDSRG-IDSUB-SGSIN,Singapore-Semarang-Surabaya-Singapore,Ad Hoc,3,40,27,1.6,770,1189,1.0,2311,3568,INTERNATIONAL,TOP SERVICES
510.0,2023-02-13 00:00:00,2023,2,ANL,APR,MYKLA-SGSIN-IDJKT-IDSUB-PGLAE-PGKIM-PGMTK- AUTSV-MYKLA,Port Klang-Singapore-Jakarta-Surabaya-Lae-Kimbe-Motukea Island- Townsville-Port Klang,Direct,1,8,20,1.3,37,59,0.0,37,59,INTERNATIONAL,TOP SERVICES
511.0,2023-02-14 00:00:00,2023,2,ANL,PAX,SGSIN-IDSUB-TLDIL-AUDRW-SGSIN,Singapore-Surabaya-Dili-Darwin-Singapore,Direct,3,10,20,0.8,61,97,0.67,182,291,INTERNATIONAL,TOP SERVICES
512.0,2023-02-15 00:00:00,2023,2,BEN,ETS/SDD,SGSIN-IDSUB-TLDIL,Singapore-Surabaya-Dili,Direct,0,0,0,0,0,0,0.0,0,0,INTERNATIONAL,TOP SERVICES
513.0,2023-02-16 00:00:00,2023,2,LMA,ETS/SDD,SGSIN-IDSUB-TLDIL,Singapore-Surabaya-Dili,Direct,0,0,0,0,0,0,0.0,0,0,INTERNATIONAL,TOP SERVICES
514.0,2023-02-17 00:00:00,2023,2,MSC,Seahorse,CNSGH-CNNBO-THLCH-MYKLA-SGSIN-IDSUB-IDJKT-MYTPP-CNQZH-HKHKG-CNSGH,Shanghai-Ningbo-Laem Chabang-Port Klang-Singapore-Surabaya-Jakarta-Tanjung Pelepas-Qinzhou-Hongkong-Shanghai,Direct,0,0,0,0,0,0,0.0,0,0,INTERNATIONAL,TOP SERVICES
515.0,2023-02-18 00:00:00,2023,2,TSL,KCI,IDJKT-IDSUB-CNSHK-CNXAM-KRPUS-CNQIN-CNSGH-CNNBO-IDJKT,Jakarta-Surabaya-Shekou-Xiamen-Pusan-Qingdao-Shanghai-Ningbo-Jakarta,Direct,0,0,0,0,0,0,0.0,0,0,INTERNATIONAL,TOP SERVICES
516.0,2023-02-19 00:00:00,2023,2,COS,JSS,SGSIN-IDSRG-IDSUB-SGSIN,Singapore-Semarang-Surabaya-Singapore,Feeder,0,0,0,0,0,0,0.0,0,0,INTERNATIONAL,TOP SERVICES
517.0,2023-02-20 00:00:00,2023,2,NSS,KCI,IDJKT-IDSUB-CNSHK-CNXAM-KRPUS-CNQIN-CNSGH-CNNBO-IDJKT,Jakarta-Surabaya-Shekou-Xiamen-Pusan-Qingdao-Shanghai-Ningbo-Jakarta,Direct,0,0,0,0,0,0,0.0,0,0,INTERNATIONAL,TOP SERVICES
518.0,2023-02-21 00:00:00,2023,2,MPN,MPN AD HOC,,,,0,0,0,0,0,0,0.0,0,0,INTERNATIONAL,TOP SERVICES
519.0,2023-03-01 00:00:00,2023,3,COS,GMI,IDJKT-IDSUB-SGSIN-MYPGU-SGSIN-MYKLA,Jakarta-Surabaya-Singapore-Pasir Gudang-Singapore-Port Kelang West,Feeder,3,33,37,1.7,256,340,0.33,768,1020,INTERNATIONAL,TOP SERVICES
520.0,2023-03-02 00:00:00,2023,3,COS,SSS-SAT,SGSIN-IDSUB-SGSIN,Singapore-Surabaya-Singapore,Feeder,0,0,0,0,0,0,0.0,0,0,INTERNATIONAL,TOP SERVICES
521.0,2023-03-03 00:00:00,2023,3,COS,SSS-WED,SGSIN-IDSUB-SGSIN,Singapore-Surabaya-Singapore,Feeder,5,82,38,2.5,1674,2497,1.0,8368,12486,INTERNATIONAL,TOP SERVICES
522.0,2023-03-04 00:00:00,2023,3,GSL,ITS,MYKLA-SGSIN-IDSRG-IDSUB-MYKLA- SGSIN-THBKK THSCS-THLCH,Port Klang-Singapore-Semarang-Surabaya-Port Klang- Singapore-Bangkok Sahathai Terminal-Laem Chabang,Feeder,2,48,28,1.9,915,1309,1.0,1830,2617,INTERNATIONAL,TOP SERVICES
523.0,2023-03-05 00:00:00,2023,3,EMC,CIT,CNNBO-CNSGH-HKHKG (Zhujiang)-CNSHK-IDSUB-IDSRG-IDJKT-SGSIN-THLCH-HKHKG-CNNBO,Ningbo-Shanghai-Hong Kong (Zhujiang)-Shekou-Surabaya-Semarang-Jakarta-Singapore-Laemchabang-Hong Kong-Ningbo,Direct,4,52,32,1.9,546,818,0.0,2182,3273,INTERNATIONAL,TOP SERVICES
524.0,2023-03-06 00:00:00,2023,3,EMC,JPI-A,JPYOK-JPTYO-JPSMZ-JPNGO-JPUKB-TWTPE-TWKHH-PHMNL South-IDSUB-IDJKT-MYTPP-MYBTU-TWKHH,Yokohama-Tokyo-Shimizu-Nagoya-Kobe-Taipei-Kaohsiung-Manila South-Surabaya-Jakarta-Tanjung Pelepas-Bintulu-Kaohsiung,Direct,4,56,30,2.1,925,1442,0.75,3699,5767,INTERNATIONAL,TOP SERVICES
525.0,2023-03-07 00:00:00,2023,3,EMC,JPI-B,CNSHK-HKHKG-IDJKT-IDSRG-IDSUB-PHMNL South-TWKHH-TWTPE-JPYOK,Shekou-Hong Kong-Jakarta-Semarang-Surabaya-Manila South-Kaohsiung-Taipei-Yokohama,Direct,5,39,28,1.6,533,856,0.0,2663,4279,INTERNATIONAL,TOP SERVICES
526.0,2023-03-08 00:00:00,2023,3,EMC,TMI,IDSUB-IDSRG-MYTPP-THLCH,Surabaya-Semarang-Tanjung Pelepas-Laemchabang,Feeder,0,0,0,0,0,0,0.0,0,0,INTERNATIONAL,TOP SERVICES
527.0,2023-03-09 00:00:00,2023,3,EMC,VMI,VNHPH-VNSGN-MYKLA West Port-MYTPP-IDJKT-IDSRG-IDSUB,Haipong-Ho Chi Minh City-Port Klang West Port-Tanjung Pelepas-Jakarta-Semarang-Surabaya,Direct,4,47,28,2,2760,4085,0.0,2760,4085,INTERNATIONAL,TOP SERVICES
528.0,2023-03-10 00:00:00,2023,3,KMT,CKI,KRPUS-KRKWA-CNSGH-CNNBO-HKHKG-IDJKT-IDSUB-VNSGN VNCLI-CNNBO-CNSGH-KRPUS,Pusan-Kwangyang-Shanghai-Ningbo-Hongkong-Jakarta-Surabaya-Hochiminh Cat Lai-Ningbo-Shanghai-Pusan,Direct,4,32,23,1.6,453,645,0.5,1811,2581,INTERNATIONAL,TOP SERVICES
529.0,2023-03-11 00:00:00,2023,3,KAL,Ad Hoc KRL,Various route,Various route,Ad Hoc,0,0,0,0,0,0,0.0,0,0,INTERNATIONAL,TOP SERVICES
530.0,2023-03-12 00:00:00,2023,3,LMA,Ad Hoc MKP,Various route,Various route,Ad Hoc,1,32,26,2,269,326,1.0,269,326,INTERNATIONAL,TOP SERVICES
531.0,2023-03-13 00:00:00,2023,3,KSL,KPG,IDJKT-IDSUB-MYKLA West-INNSA-AEJEA-LKCMB-SADMM-PKKHI-INMUN,Jakarta-Surabaya-Port Klang West-Nhava Sheva-Jebel Ali-Colomba-Dammam-Karachi-Mundra,Direct,0,0,0,0,0,0,0.0,0,0,INTERNATIONAL,TOP SERVICES
532.0,2023-03-14 00:00:00,2023,3,MSC,NEW JAVA F,SGSIN-MYTPP-IDJKT-IDSUB-SGSIN,Singapore-Tanjung Pelepas-Jakarta-Surabaya-Singapore,Feeder,4,65,29,2.3,1322,1782,0.25,5287,7129,INTERNATIONAL,TOP SERVICES
533.0,2023-03-15 00:00:00,2023,3,MSC,NEW JAVA T,SGSIN-MYTPP-IDSRG-IDSUB,Singapore-Tanjung Pelepas-Semarang-Surabaya,Feeder,0,0,0,0,0,0,0.0,0,0,INTERNATIONAL,TOP SERVICES
534.0,2023-03-16 00:00:00,2023,3,MSC,DOLPHIN,CNSGH-CNNBO-CNXAM-MYTPP-SGSIN-IDJKT-IDSUB-MYTPP-SGSIN-THLCH-VNVUT-CNSGH,Shanghai-Ningbo-Xiamen-Tanjung Pelepas-Singapore-Jakarta-Surabaya-Tanjung Pelepas-Singapore-Laem Chabang-Vung Tau-Shanghai,Direct,4,45,31,1.8,518,752,0.25,2071,3008,INTERNATIONAL,TOP SERVICES
535.0,2023-03-17 00:00:00,2023,3,MSK,IA-8,CNSGH-CNTXG-CNQIN-TWKEL-SGSIN-MYTPP-IDJKT-IDSUB-PHDVO-CNSGH,Shanghai-Xingang-Qingdao-Keelung-Singapore-Tanjung Pelepas-Jakarta-Surabaya-Davao-Shanghai,Direct,4,80,30,2.8,2128,3432,0.5,8510,13727,INTERNATIONAL,TOP SERVICES
536.0,2023-03-18 00:00:00,2023,3,ONE,CS 2,HKHKG–CNNSH–CNSHK–IDSUB–IDSRG– IDJKT–MYKLA (North)–MYKLA (West)– HKHKG,HongKong–Nansha–Shekou–Surabaya–Semarang– Jakarta–Port Klang (North)–Port Klang (West)– HongKong,Direct,1,65,35,2.1,1068,1487,1.0,1068,1487,INTERNATIONAL,TOP SERVICES
537.0,2023-03-19 00:00:00,2023,3,ONE,KCI,IDJKT-IDSUB-CNSHK-CNXAM-KRPUS-CNQIN-CNSGH-CNNBO-IDJKT,Jakarta-Surabaya-Shekou-Xiamen-Pusan-Qingdao-Shanghai-Ningbo-Jakarta,Direct,0,0,0,0,0,0,0.0,0,0,INTERNATIONAL,TOP SERVICES
538.0,2023-03-20 00:00:00,2023,3,OOL,ITS,MYKLA-SGSIN-IDSRG-IDSUB-MYKLA- SGSIN-THBKK THSCS-THLCH,Port Klang-Singapore-Semarang-Surabaya-Port Klang- Singapore-Bangkok Sahathai Terminal-Laem Chabang,Feeder,1,48,26,2,963,1455,0.0,963,1455,INTERNATIONAL,TOP SERVICES
539.0,2023-03-21 00:00:00,2023,3,PIL,SSE,SGSIN-IDSUB-SGSIN,Singapore-Surabaya-Singapore,Feeder,2,32,28,1.4,330,453,0.5,660,906,INTERNATIONAL,TOP SERVICES
540.0,2023-03-22 00:00:00,2023,3,PIL,SUS,0,0,0,0,0,0,0,0,0,0.0,0,0,INTERNATIONAL,TOP SERVICES
541.0,2023-03-23 00:00:00,2023,3,RCL,RMI3,SGSIN-IDSUB-SGSIN-MYKLA-MYNTL-MYKLA-SGSIN,Singapore-Surabaya-Singapore-Port Klang-Penang-Port Klang-Singapore,Feeder,2,46,22,2.2,892,1255,0.0,1783,2509,INTERNATIONAL,TOP SERVICES
542.0,2023-03-24 00:00:00,2023,3,SIT,CMI,IDJKT-IDSRG-IDSUB-IDMAK-PHBTG-CNSGH-CNXAM-CNSHK-CNNSH-MYBTU-IDJKT,Jakarta-Semarang-Surabaya-Makassar-Batangas-Shanghai-Xiamen-Shekou-Nansha-Bintulu-Jakarta,Direct,4,29,18,1.8,374,538,1.0,1497,2153,INTERNATIONAL,TOP SERVICES
543.0,2023-03-25 00:00:00,2023,3,SIT,CMI2,CNSHK-CNNSH-VNSGN-IDJKT-IDSRG- IDSUB-MYBTU-CNQGS-CNSHK,Shekou-Nansha-Hochiminh-Jakarta-Semarang- Surabaya-Bintulu-Qinzhao-Shekou,Direct,5,19,19,1.5,109,151,0.0,543,757,INTERNATIONAL,TOP SERVICES
544.0,2023-03-26 00:00:00,2023,3,SIT,KCI,IDJKT-IDSUB-CNSHK-CNXAM-KRPUS-CNQIN-CNSGH-CNNBO-IDJKT,Jakarta-Surabaya-Shekou-Xiamen-Pusan-Qingdao-Shanghai-Ningbo-Jakarta,,0,0,0,0,0,0,0.0,0,0,INTERNATIONAL,TOP SERVICES
545.0,2023-03-27 00:00:00,2023,3,SSL,SSS-SAT,SGSIN-IDSUB-SGSIN,Singapore-Surabaya-Singapore,Feeder,4,98,36,2.9,2193,3382,0.25,8773,13528,INTERNATIONAL,TOP SERVICES
546.0,2023-03-28 00:00:00,2023,3,SSL,SSS-WED,SGSIN-IDSUB-SGSIN,Singapore-Surabaya-Singapore,Feeder,0,0,0,0,0,0,0.0,0,0,INTERNATIONAL,TOP SERVICES
547.0,2023-03-29 00:00:00,2023,3,SSL,SSE,SGSIN-IDSUB-SGSIN,Singapore-Surabaya-Singapore,Feeder,0,0,0,0,0,0,0.0,0,0,INTERNATIONAL,TOP SERVICES
548.0,2023-03-30 00:00:00,2023,3,WHL,CS 2,HKHKG–CNNSH–CNSHK–IDSUB–IDSRG– IDJKT–MYKLA (North)–MYKLA (West)– HKHKG,HongKong–Nansha–Shekou–Surabaya–Semarang– Jakarta–Port Klang (North)–Port Klang (West)– HongKong,Direct,1,61,35,1.9,983,1384,1.0,983,1384,INTERNATIONAL,TOP SERVICES
549.0,2023-03-31 00:00:00,2023,3,WHL,TPI,IDJKT-IDSRG-IDSUB-TWKHH-TWTXG-TWKHH-TWTPE,Jakarta-Semarang-Surabaya-Kaohsiung-Taichung-Kaohsiung-Taipei,Direct,4,42,22,2.1,836,1326,0.75,3343,5304,INTERNATIONAL,TOP SERVICES
550.0,2023-03-01 00:00:00,2023,3,WHL,Ad Hoc WHL,Various route,Various route,Ad Hoc,1,39,33,1.3,507,826,1.0,507,826,INTERNATIONAL,TOP SERVICES
551.0,2023-03-02 00:00:00,2023,3,WHL,C18,IDSUB-SGSIN-MYKLA- INMUN-INNSA,Surabaya-Singapore-Port Klang- Mundra-Nhava Sheva,Direct,2,44,25,2,760,1379,0.0,1519,2757,INTERNATIONAL,TOP SERVICES
552.0,2023-03-03 00:00:00,2023,3,XCL,SSX,SGSIN-IDSUB-SGSIN,Singapore-Surabaya-Singapore,Feeder,0,0,0,0,0,0,0.0,0,0,INTERNATIONAL,TOP SERVICES
553.0,2023-03-04 00:00:00,2023,3,YML,ITS,MYKLA-SGSIN-IDSRG-IDSUB-MYKLA- SGSIN-THBKK THSCS-THLCH,Port Klang-Singapore-Semarang-Surabaya-Port Klang- Singapore-Bangkok Sahathai Terminal-Laem Chabang,Feeder,3,50,26,2.1,802,1139,0.33,2406,3416,INTERNATIONAL,TOP SERVICES
554.0,2023-03-05 00:00:00,2023,3,CMA,CHINA 1,CNSGH-CNNBO-CNSTG-CNSHK-IDJKT-IDSUB-PHMNL South-PHMNL North-CNSGH,Shanghai-Ningbo-Shantou-Shekou-Jakarta-Surabaya-Manila South-Manila North-Shanghai,Direct,4,57,29,2.2,709,989,0.25,2836,3957,INTERNATIONAL,TOP SERVICES
555.0,2023-03-06 00:00:00,2023,3,CMA,CS 2,HKHKG–CNNSH–CNSHK–IDSUB–IDSRG– IDJKT–MYKLA (North)–MYKLA (West)– HKHKG,HongKong–Nansha–Shekou–Surabaya–Semarang– Jakarta–Port Klang (North)–Port Klang (West)– HongKong,Direct,2,40,22,2,707,1046,1.0,1413,2092,INTERNATIONAL,TOP SERVICES
556.0,2023-03-07 00:00:00,2023,3,CMA,KCS,North South: CNLYG-CNQIN-CNNSH-MYTPP-SGSIN-IDJKT-IDSUB-PHDVO-CNSGH-CNDAL. East-West: CNYTN-CNNSH-CNCWN-HKHKG-PHMNL South-PHMNL North,North South: Lianyungang-Qingdao-Nansha-Port Kelang-Singapore-Jakarta-Surabaya-Davao-Shanghai-Dalian. East-West: Yantian-Nansha-Chiwan-Hongkong-Manila South-Manila North,Direct,4,56,28,2.2,782,1278,0.25,3129,5112,INTERNATIONAL,TOP SERVICES
557.0,2023-03-08 00:00:00,2023,3,CMA,JSS,SGSIN-IDSRG-IDSUB-SGSIN,Singapore-Semarang-Surabaya-Singapore,Feeder,4,52,24,2.2,1350,2051,0.0,5398,8204,INTERNATIONAL,TOP SERVICES
558.0,2023-03-09 00:00:00,2023,3,CMA,Ad Hoc CMA,SGSIN-IDSRG-IDSUB-SGSIN,Singapore-Semarang-Surabaya-Singapore,Ad Hoc,0,0,0,0,0,0,0.0,0,0,INTERNATIONAL,TOP SERVICES
559.0,2023-03-10 00:00:00,2023,3,ANL,APR,MYKLA-SGSIN-IDJKT-IDSUB-PGLAE-PGKIM-PGMTK- AUTSV-MYKLA,Port Klang-Singapore-Jakarta-Surabaya-Lae-Kimbe-Motukea Island- Townsville-Port Klang,Direct,2,6,18,0.8,19,26,0.0,37,51,INTERNATIONAL,TOP SERVICES
560.0,2023-03-11 00:00:00,2023,3,ANL,PAX,SGSIN-IDSUB-TLDIL-AUDRW-SGSIN,Singapore-Surabaya-Dili-Darwin-Singapore,Direct,4,19,26,1.2,159,257,0.5,636,1028,INTERNATIONAL,TOP SERVICES
561.0,2023-03-12 00:00:00,2023,3,BEN,ETS/SDD,SGSIN-IDSUB-TLDIL,Singapore-Surabaya-Dili,Direct,0,0,0,0,0,0,0.0,0,0,INTERNATIONAL,TOP SERVICES
562.0,2023-03-13 00:00:00,2023,3,LMA,ETS/SDD,SGSIN-IDSUB-TLDIL,Singapore-Surabaya-Dili,Direct,0,0,0,0,0,0,0.0,0,0,INTERNATIONAL,TOP SERVICES
563.0,2023-03-14 00:00:00,2023,3,MSC,Seahorse,CNSGH-CNNBO-THLCH-MYKLA-SGSIN-IDSUB-IDJKT-MYTPP-CNQZH-HKHKG-CNSGH,Shanghai-Ningbo-Laem Chabang-Port Klang-Singapore-Surabaya-Jakarta-Tanjung Pelepas-Qinzhou-Hongkong-Shanghai,Direct,0,0,0,0,0,0,0.0,0,0,INTERNATIONAL,TOP SERVICES
564.0,2023-03-15 00:00:00,2023,3,TSL,KCI,IDJKT-IDSUB-CNSHK-CNXAM-KRPUS-CNQIN-CNSGH-CNNBO-IDJKT,Jakarta-Surabaya-Shekou-Xiamen-Pusan-Qingdao-Shanghai-Ningbo-Jakarta,Direct,0,0,0,0,0,0,0.0,0,0,INTERNATIONAL,TOP SERVICES
565.0,2023-03-16 00:00:00,2023,3,COS,JSS,SGSIN-IDSRG-IDSUB-SGSIN,Singapore-Semarang-Surabaya-Singapore,Feeder,0,0,0,0,0,0,0.0,0,0,INTERNATIONAL,TOP SERVICES
566.0,2023-03-17 00:00:00,2023,3,NSS,KCI,IDJKT-IDSUB-CNSHK-CNXAM-KRPUS-CNQIN-CNSGH-CNNBO-IDJKT,Jakarta-Surabaya-Shekou-Xiamen-Pusan-Qingdao-Shanghai-Ningbo-Jakarta,Direct,0,0,0,0,0,0,0.0,0,0,INTERNATIONAL,TOP SERVICES
567.0,2023-03-18 00:00:00,2023,3,MPN,MPN AD HOC,,,,0,0,0,0,0,0,0.0,0,0,INTERNATIONAL,TOP SERVICES
568.0,2023-04-01 00:00:00,2023,4,COS,GMI,IDJKT-IDSUB-SGSIN-MYPGU-SGSIN-MYKLA,Jakarta-Surabaya-Singapore-Pasir Gudang-Singapore-Port Kelang West,Feeder,3,43,31,1.8,273,325,0.67,818,974,INTERNATIONAL,TOP SERVICES
569.0,2023-04-02 00:00:00,2023,4,COS,SSS-SAT,SGSIN-IDSUB-SGSIN,Singapore-Surabaya-Singapore,Feeder,0,0,0,0,0,0,0.0,0,0,INTERNATIONAL,TOP SERVICES
570.0,2023-04-03 00:00:00,2023,4,COS,SSS-WED,SGSIN-IDSUB-SGSIN,Singapore-Surabaya-Singapore,Feeder,4,76,34,2.6,1444,2136,0.25,5776,8543,INTERNATIONAL,TOP SERVICES
571.0,2023-04-04 00:00:00,2023,4,GSL,ITS,MYKLA-SGSIN-IDSRG-IDSUB-MYKLA- SGSIN-THBKK THSCS-THLCH,Port Klang-Singapore-Semarang-Surabaya-Port Klang- Singapore-Bangkok Sahathai Terminal-Laem Chabang,Feeder,1,48,30,1.7,896,1264,0.0,896,1264,INTERNATIONAL,TOP SERVICES
572.0,2023-04-05 00:00:00,2023,4,EMC,CIT,CNNBO-CNSGH-HKHKG (Zhujiang)-CNSHK-IDSUB-IDSRG-IDJKT-SGSIN-THLCH-HKHKG-CNNBO,Ningbo-Shanghai-Hong Kong (Zhujiang)-Shekou-Surabaya-Semarang-Jakarta-Singapore-Laemchabang-Hong Kong-Ningbo,Direct,4,45,26,1.7,481,753,0.0,1922,3012,INTERNATIONAL,TOP SERVICES
573.0,2023-04-06 00:00:00,2023,4,EMC,JPI-A,JPYOK-JPTYO-JPSMZ-JPNGO-JPUKB-TWTPE-TWKHH-PHMNL South-IDSUB-IDJKT-MYTPP-MYBTU-TWKHH,Yokohama-Tokyo-Shimizu-Nagoya-Kobe-Taipei-Kaohsiung-Manila South-Surabaya-Jakarta-Tanjung Pelepas-Bintulu-Kaohsiung,Direct,3,61,36,2,703,1067,1.0,2108,3201,INTERNATIONAL,TOP SERVICES
574.0,2023-04-07 00:00:00,2023,4,EMC,JPI-B,CNSHK-HKHKG-IDJKT-IDSRG-IDSUB-PHMNL South-TWKHH-TWTPE-JPYOK,Shekou-Hong Kong-Jakarta-Semarang-Surabaya-Manila South-Kaohsiung-Taipei-Yokohama,Direct,4,36,21,1.9,547,858,0.25,2189,3430,INTERNATIONAL,TOP SERVICES
575.0,2023-04-08 00:00:00,2023,4,EMC,TMI,IDSUB-IDSRG-MYTPP-THLCH,Surabaya-Semarang-Tanjung Pelepas-Laemchabang,Feeder,0,0,0,0,0,0,0.0,0,0,INTERNATIONAL,TOP SERVICES
576.0,2023-04-09 00:00:00,2023,4,EMC,VMI,VNHPH-VNSGN-MYKLA West Port-MYTPP-IDJKT-IDSRG-IDSUB,Haipong-Ho Chi Minh City-Port Klang West Port-Tanjung Pelepas-Jakarta-Semarang-Surabaya,Direct,3,40,26,2,1784,2620,0.0,1784,2620,INTERNATIONAL,TOP SERVICES
577.0,2023-04-10 00:00:00,2023,4,KMT,CKI,KRPUS-KRKWA-CNSGH-CNNBO-HKHKG-IDJKT-IDSUB-VNSGN VNCLI-CNNBO-CNSGH-KRPUS,Pusan-Kwangyang-Shanghai-Ningbo-Hongkong-Jakarta-Surabaya-Hochiminh Cat Lai-Ningbo-Shanghai-Pusan,Direct,2,40,29,1.5,547,768,0.0,1094,1536,INTERNATIONAL,TOP SERVICES
578.0,2023-04-11 00:00:00,2023,4,KAL,Ad Hoc KRL,Various route,Various route,Ad Hoc,0,0,0,0,0,0,0.0,0,0,INTERNATIONAL,TOP SERVICES
579.0,2023-04-12 00:00:00,2023,4,LMA,Ad Hoc MKP,Various route,Various route,Ad Hoc,1,32,26,2,269,326,0.0,0,0,INTERNATIONAL,TOP SERVICES
580.0,2023-04-13 00:00:00,2023,4,KSL,KPG,IDJKT-IDSUB-MYKLA West-INNSA-AEJEA-LKCMB-SADMM-PKKHI-INMUN,Jakarta-Surabaya-Port Klang West-Nhava Sheva-Jebel Ali-Colomba-Dammam-Karachi-Mundra,Direct,0,0,0,0,0,0,0.0,0,0,INTERNATIONAL,TOP SERVICES
581.0,2023-04-14 00:00:00,2023,4,MSC,NEW JAVA F,SGSIN-MYTPP-IDJKT-IDSUB-SGSIN,Singapore-Tanjung Pelepas-Jakarta-Surabaya-Singapore,Feeder,4,58,33,2,1103,1570,0.0,4412,6279,INTERNATIONAL,TOP SERVICES
582.0,2023-04-15 00:00:00,2023,4,MSC,NEW JAVA T,SGSIN-MYTPP-IDSRG-IDSUB,Singapore-Tanjung Pelepas-Semarang-Surabaya,Feeder,0,0,0,0,0,0,0.0,0,0,INTERNATIONAL,TOP SERVICES
583.0,2023-04-16 00:00:00,2023,4,MSC,DOLPHIN,CNSGH-CNNBO-CNXAM-MYTPP-SGSIN-IDJKT-IDSUB-MYTPP-SGSIN-THLCH-VNVUT-CNSGH,Shanghai-Ningbo-Xiamen-Tanjung Pelepas-Singapore-Jakarta-Surabaya-Tanjung Pelepas-Singapore-Laem Chabang-Vung Tau-Shanghai,Direct,4,43,32,1.5,726,1009,0.0,2902,4037,INTERNATIONAL,TOP SERVICES
584.0,2023-04-17 00:00:00,2023,4,MSK,IA-8,CNSGH-CNTXG-CNQIN-TWKEL-SGSIN-MYTPP-IDJKT-IDSUB-PHDVO-CNSGH,Shanghai-Xingang-Qingdao-Keelung-Singapore-Tanjung Pelepas-Jakarta-Surabaya-Davao-Shanghai,Direct,5,73,32,2.4,2204,3484,0.2,11018,17421,INTERNATIONAL,TOP SERVICES
585.0,2023-04-18 00:00:00,2023,4,ONE,CS 2,HKHKG–CNNSH–CNSHK–IDSUB–IDSRG– IDJKT–MYKLA (North)–MYKLA (West)– HKHKG,HongKong–Nansha–Shekou–Surabaya–Semarang– Jakarta–Port Klang (North)–Port Klang (West)– HongKong,Direct,2,47,26,2.1,599,896,1.0,1198,1791,INTERNATIONAL,TOP SERVICES
586.0,2023-04-19 00:00:00,2023,4,ONE,KCI,IDJKT-IDSUB-CNSHK-CNXAM-KRPUS-CNQIN-CNSGH-CNNBO-IDJKT,Jakarta-Surabaya-Shekou-Xiamen-Pusan-Qingdao-Shanghai-Ningbo-Jakarta,Direct,0,0,0,0,0,0,0.0,0,0,INTERNATIONAL,TOP SERVICES
587.0,2023-04-20 00:00:00,2023,4,OOL,ITS,MYKLA-SGSIN-IDSRG-IDSUB-MYKLA- SGSIN-THBKK THSCS-THLCH,Port Klang-Singapore-Semarang-Surabaya-Port Klang- Singapore-Bangkok Sahathai Terminal-Laem Chabang,Feeder,2,51,25,2.3,712,996,0.5,1423,1991,INTERNATIONAL,TOP SERVICES
588.0,2023-04-21 00:00:00,2023,4,PIL,SSE,SGSIN-IDSUB-SGSIN,Singapore-Surabaya-Singapore,Feeder,0,0,0,0,0,0,0.0,0,0,INTERNATIONAL,TOP SERVICES
589.0,2023-04-22 00:00:00,2023,4,PIL,SUS,0,0,0,0,0,0,0,0,0,0.0,0,0,INTERNATIONAL,TOP SERVICES
590.0,2023-04-23 00:00:00,2023,4,RCL,RMI3,SGSIN-IDSUB-SGSIN-MYKLA-MYNTL-MYKLA-SGSIN,Singapore-Surabaya-Singapore-Port Klang-Penang-Port Klang-Singapore,Feeder,0,0,0,0,0,0,0.0,0,0,INTERNATIONAL,TOP SERVICES
591.0,2023-04-24 00:00:00,2023,4,SIT,CMI,IDJKT-IDSRG-IDSUB-IDMAK-PHBTG-CNSGH-CNXAM-CNSHK-CNNSH-MYBTU-IDJKT,Jakarta-Semarang-Surabaya-Makassar-Batangas-Shanghai-Xiamen-Shekou-Nansha-Bintulu-Jakarta,Direct,4,30,21,1.5,423,561,0.5,1692,2245,INTERNATIONAL,TOP SERVICES
592.0,2023-04-25 00:00:00,2023,4,SIT,CMI2,CNSHK-CNNSH-VNSGN-IDJKT-IDSRG- IDSUB-MYBTU-CNQGS-CNSHK,Shekou-Nansha-Hochiminh-Jakarta-Semarang- Surabaya-Bintulu-Qinzhao-Shekou,Direct,3,19,20,1.3,114,176,0.33,343,527,INTERNATIONAL,TOP SERVICES
593.0,2023-04-26 00:00:00,2023,4,SIT,KCI,IDJKT-IDSUB-CNSHK-CNXAM-KRPUS-CNQIN-CNSGH-CNNBO-IDJKT,Jakarta-Surabaya-Shekou-Xiamen-Pusan-Qingdao-Shanghai-Ningbo-Jakarta,,0,0,0,0,0,0,0.0,0,0,INTERNATIONAL,TOP SERVICES
594.0,2023-04-27 00:00:00,2023,4,SSL,SSS-SAT,SGSIN-IDSUB-SGSIN,Singapore-Surabaya-Singapore,Feeder,4,74,35,2.2,1962,3092,0.5,7849,12368,INTERNATIONAL,TOP SERVICES
595.0,2023-04-28 00:00:00,2023,4,SSL,SSS-WED,SGSIN-IDSUB-SGSIN,Singapore-Surabaya-Singapore,Feeder,0,0,0,0,0,0,0.0,0,0,INTERNATIONAL,TOP SERVICES
596.0,2023-04-29 00:00:00,2023,4,SSL,SSE,SGSIN-IDSUB-SGSIN,Singapore-Surabaya-Singapore,Feeder,0,0,0,0,0,0,0.0,0,0,INTERNATIONAL,TOP SERVICES
597.0,2023-04-30 00:00:00,2023,4,WHL,CS 2,HKHKG–CNNSH–CNSHK–IDSUB–IDSRG– IDJKT–MYKLA (North)–MYKLA (West)– HKHKG,HongKong–Nansha–Shekou–Surabaya–Semarang– Jakarta–Port Klang (North)–Port Klang (West)– HongKong,Direct,1,50,26,2.1,1099,1641,1.0,1099,1641,INTERNATIONAL,TOP SERVICES
598.0,2023-04-01 00:00:00,2023,4,WHL,TPI,IDJKT-IDSRG-IDSUB-TWKHH-TWTXG-TWKHH-TWTPE,Jakarta-Semarang-Surabaya-Kaohsiung-Taichung-Kaohsiung-Taipei,Direct,4,35,22,1.7,750,1163,0.5,3001,4652,INTERNATIONAL,TOP SERVICES
599.0,2023-04-02 00:00:00,2023,4,WHL,Ad Hoc WHL,Various route,Various route,Ad Hoc,0,0,0,0,0,0,0.0,0,0,INTERNATIONAL,TOP SERVICES
600.0,2023-04-03 00:00:00,2023,4,WHL,C18,IDSUB-SGSIN-MYKLA- INMUN-INNSA,Surabaya-Singapore-Port Klang- Mundra-Nhava Sheva,Direct,0,0,0,0,0,0,0.0,0,0,INTERNATIONAL,TOP SERVICES
601.0,2023-04-04 00:00:00,2023,4,XCL,SSX,SGSIN-IDSUB-SGSIN,Singapore-Surabaya-Singapore,Feeder,0,0,0,0,0,0,0.0,0,0,INTERNATIONAL,TOP SERVICES
602.0,2023-04-05 00:00:00,2023,4,YML,ITS,MYKLA-SGSIN-IDSRG-IDSUB-MYKLA- SGSIN-THBKK THSCS-THLCH,Port Klang-Singapore-Semarang-Surabaya-Port Klang- Singapore-Bangkok Sahathai Terminal-Laem Chabang,Feeder,1,35,20,1.8,768,1146,1.0,768,1146,INTERNATIONAL,TOP SERVICES
603.0,2023-04-06 00:00:00,2023,4,CMA,CHINA 1,CNSGH-CNNBO-CNSTG-CNSHK-IDJKT-IDSUB-PHMNL South-PHMNL North-CNSGH,Shanghai-Ningbo-Shantou-Shekou-Jakarta-Surabaya-Manila South-Manila North-Shanghai,Direct,4,54,35,1.8,630,932,0.0,2521,3728,INTERNATIONAL,TOP SERVICES
604.0,2023-04-07 00:00:00,2023,4,CMA,CS 2,HKHKG–CNNSH–CNSHK–IDSUB–IDSRG– IDJKT–MYKLA (North)–MYKLA (West)– HKHKG,HongKong–Nansha–Shekou–Surabaya–Semarang– Jakarta–Port Klang (North)–Port Klang (West)– HongKong,Direct,1,28,16,1.8,478,712,1.0,478,712,INTERNATIONAL,TOP SERVICES
605.0,2023-04-08 00:00:00,2023,4,CMA,KCS,North South: CNLYG-CNQIN-CNNSH-MYTPP-SGSIN-IDJKT-IDSUB-PHDVO-CNSGH-CNDAL. East-West: CNYTN-CNNSH-CNCWN-HKHKG-PHMNL South-PHMNL North,North South: Lianyungang-Qingdao-Nansha-Port Kelang-Singapore-Jakarta-Surabaya-Davao-Shanghai-Dalian. East-West: Yantian-Nansha-Chiwan-Hongkong-Manila South-Manila North,Direct,5,61,31,2.1,950,1597,0.0,4748,7983,INTERNATIONAL,TOP SERVICES
606.0,2023-04-09 00:00:00,2023,4,CMA,JSS,SGSIN-IDSRG-IDSUB-SGSIN,Singapore-Semarang-Surabaya-Singapore,Feeder,4,71,35,2.3,1748,2673,0.5,6992,10692,INTERNATIONAL,TOP SERVICES
607.0,2023-04-10 00:00:00,2023,4,CMA,Ad Hoc CMA,SGSIN-IDSRG-IDSUB-SGSIN,Singapore-Semarang-Surabaya-Singapore,Ad Hoc,0,0,0,0,0,0,0.0,0,0,INTERNATIONAL,TOP SERVICES
608.0,2023-04-11 00:00:00,2023,4,ANL,APR,MYKLA-SGSIN-IDJKT-IDSUB-PGLAE-PGKIM-PGMTK- AUTSV-MYKLA,Port Klang-Singapore-Jakarta-Surabaya-Lae-Kimbe-Motukea Island- Townsville-Port Klang,Direct,1,7,22,0.8,29,47,0.0,29,47,INTERNATIONAL,TOP SERVICES
609.0,2023-04-12 00:00:00,2023,4,ANL,PAX,SGSIN-IDSUB-TLDIL-AUDRW-SGSIN,Singapore-Surabaya-Dili-Darwin-Singapore,Direct,4,19,26,1.2,159,257,0.5,636,1028,INTERNATIONAL,TOP SERVICES
610.0,2023-04-13 00:00:00,2023,4,BEN,ETS/SDD,SGSIN-IDSUB-TLDIL,Singapore-Surabaya-Dili,Direct,0,0,0,0,0,0,0.0,0,0,INTERNATIONAL,TOP SERVICES
611.0,2023-04-14 00:00:00,2023,4,LMA,ETS/SDD,SGSIN-IDSUB-TLDIL,Singapore-Surabaya-Dili,Direct,0,0,0,0,0,0,0.0,0,0,INTERNATIONAL,TOP SERVICES
612.0,2023-04-15 00:00:00,2023,4,MSC,Seahorse,CNSGH-CNNBO-THLCH-MYKLA-SGSIN-IDSUB-IDJKT-MYTPP-CNQZH-HKHKG-CNSGH,Shanghai-Ningbo-Laem Chabang-Port Klang-Singapore-Surabaya-Jakarta-Tanjung Pelepas-Qinzhou-Hongkong-Shanghai,Direct,0,0,0,0,0,0,0.0,0,0,INTERNATIONAL,TOP SERVICES
613.0,2023-04-16 00:00:00,2023,4,TSL,KCI,IDJKT-IDSUB-CNSHK-CNXAM-KRPUS-CNQIN-CNSGH-CNNBO-IDJKT,Jakarta-Surabaya-Shekou-Xiamen-Pusan-Qingdao-Shanghai-Ningbo-Jakarta,Direct,0,0,0,0,0,0,0.0,0,0,INTERNATIONAL,TOP SERVICES
614.0,2023-04-17 00:00:00,2023,4,COS,JSS,SGSIN-IDSRG-IDSUB-SGSIN,Singapore-Semarang-Surabaya-Singapore,Feeder,0,0,0,0,0,0,0.0,0,0,INTERNATIONAL,TOP SERVICES
615.0,2023-04-18 00:00:00,2023,4,NSS,KCI,IDJKT-IDSUB-CNSHK-CNXAM-KRPUS-CNQIN-CNSGH-CNNBO-IDJKT,Jakarta-Surabaya-Shekou-Xiamen-Pusan-Qingdao-Shanghai-Ningbo-Jakarta,Direct,0,0,0,0,0,0,0.0,0,0,INTERNATIONAL,TOP SERVICES
616.0,2023-04-19 00:00:00,2023,4,MPN,MPN AD HOC,,,,0,0,0,0,0,0,0.0,0,0,INTERNATIONAL,TOP SERVICES
617.0,2023-05-01 00:00:00,2023,5,COS,GMI,IDJKT-IDSUB-SGSIN-MYPGU-SGSIN-MYKLA,Jakarta-Surabaya-Singapore-Pasir Gudang-Singapore-Port Kelang West,Feeder,2,32,24,1.5,392,579,0.0,784,1157,INTERNATIONAL,TOP SERVICES
618.0,2023-05-02 00:00:00,2023,5,COS,SSS-SAT,SGSIN-IDSUB-SGSIN,Singapore-Surabaya-Singapore,Feeder,0,0,0,0,0,0,0.0,0,0,INTERNATIONAL,TOP SERVICES
619.0,2023-05-03 00:00:00,2023,5,COS,SSS-WED,SGSIN-IDSUB-SGSIN,Singapore-Surabaya-Singapore,Feeder,4,66,28,2.5,1681,2505,0.0,6724,10019,INTERNATIONAL,TOP SERVICES
620.0,2023-05-04 00:00:00,2023,5,GSL,ITS,MYKLA-SGSIN-IDSRG-IDSUB-MYKLA- SGSIN-THBKK THSCS-THLCH,Port Klang-Singapore-Semarang-Surabaya-Port Klang- Singapore-Bangkok Sahathai Terminal-Laem Chabang,Feeder,2,73,43,1.9,927,1245,1.0,1854,2490,INTERNATIONAL,TOP SERVICES
621.0,2023-05-05 00:00:00,2023,5,EMC,CIT,CNNBO-CNSGH-HKHKG (Zhujiang)-CNSHK-IDSUB-IDSRG-IDJKT-SGSIN-THLCH-HKHKG-CNNBO,Ningbo-Shanghai-Hong Kong (Zhujiang)-Shekou-Surabaya-Semarang-Jakarta-Singapore-Laemchabang-Hong Kong-Ningbo,Direct,5,36,71,2.3,581,858,0.6,2903,4291,INTERNATIONAL,TOP SERVICES
622.0,2023-05-06 00:00:00,2023,5,EMC,JPI-A,JPYOK-JPTYO-JPSMZ-JPNGO-JPUKB-TWTPE-TWKHH-PHMNL South-IDSUB-IDJKT-MYTPP-MYBTU-TWKHH,Yokohama-Tokyo-Shimizu-Nagoya-Kobe-Taipei-Kaohsiung-Manila South-Surabaya-Jakarta-Tanjung Pelepas-Bintulu-Kaohsiung,Direct,5,64,33,2.2,688,1087,0.6,3439,5436,INTERNATIONAL,TOP SERVICES
623.0,2023-05-07 00:00:00,2023,5,EMC,JPI-B,CNSHK-HKHKG-IDJKT-IDSRG-IDSUB-PHMNL South-TWKHH-TWTPE-JPYOK,Shekou-Hong Kong-Jakarta-Semarang-Surabaya-Manila South-Kaohsiung-Taipei-Yokohama,Direct,4,48,26,2.2,638,990,0.25,2550,3961,INTERNATIONAL,TOP SERVICES
624.0,2023-05-08 00:00:00,2023,5,EMC,TMI,IDSUB-IDSRG-MYTPP-THLCH,Surabaya-Semarang-Tanjung Pelepas-Laemchabang,Feeder,0,0,0,0,0,0,0.0,0,0,INTERNATIONAL,TOP SERVICES
625.0,2023-05-09 00:00:00,2023,5,EMC,VMI,VNHPH-VNSGN-MYKLA West Port-MYTPP-IDJKT-IDSRG-IDSUB,Haipong-Ho Chi Minh City-Port Klang West Port-Tanjung Pelepas-Jakarta-Semarang-Surabaya,Direct,4,44,22,2,2788,3794,0.75,2788,3794,INTERNATIONAL,TOP SERVICES
626.0,2023-05-10 00:00:00,2023,5,KMT,CKI,KRPUS-KRKWA-CNSGH-CNNBO-HKHKG-IDJKT-IDSUB-VNSGN VNCLI-CNNBO-CNSGH-KRPUS,Pusan-Kwangyang-Shanghai-Ningbo-Hongkong-Jakarta-Surabaya-Hochiminh Cat Lai-Ningbo-Shanghai-Pusan,Direct,2,37,16,2.4,787,1172,0.0,1574,2343,INTERNATIONAL,TOP SERVICES
627.0,2023-05-11 00:00:00,2023,5,KAL,Ad Hoc KRL,Various route,Various route,Ad Hoc,0,0,0,0,0,0,0.0,0,0,INTERNATIONAL,TOP SERVICES
628.0,2023-05-12 00:00:00,2023,5,LMA,Ad Hoc MKP,Various route,Various route,Ad Hoc,1,32,26,2,269,326,0.0,0,0,INTERNATIONAL,TOP SERVICES
629.0,2023-05-13 00:00:00,2023,5,KSL,KPG,IDJKT-IDSUB-MYKLA West-INNSA-AEJEA-LKCMB-SADMM-PKKHI-INMUN,Jakarta-Surabaya-Port Klang West-Nhava Sheva-Jebel Ali-Colomba-Dammam-Karachi-Mundra,Direct,0,0,0,0,0,0,0.0,0,0,INTERNATIONAL,TOP SERVICES
630.0,2023-05-14 00:00:00,2023,5,MSC,NEW JAVA F,SGSIN-MYTPP-IDJKT-IDSUB-SGSIN,Singapore-Tanjung Pelepas-Jakarta-Surabaya-Singapore,Feeder,4,70,32,2.4,1744,2585,0.5,6976,10338,INTERNATIONAL,TOP SERVICES
631.0,2023-05-15 00:00:00,2023,5,MSC,NEW JAVA T,SGSIN-MYTPP-IDSRG-IDSUB,Singapore-Tanjung Pelepas-Semarang-Surabaya,Feeder,0,0,0,0,0,0,0.0,0,0,INTERNATIONAL,TOP SERVICES
632.0,2023-05-16 00:00:00,2023,5,MSC,DOLPHIN,CNSGH-CNNBO-CNXAM-MYTPP-SGSIN-IDJKT-IDSUB-MYTPP-SGSIN-THLCH-VNVUT-CNSGH,Shanghai-Ningbo-Xiamen-Tanjung Pelepas-Singapore-Jakarta-Surabaya-Tanjung Pelepas-Singapore-Laem Chabang-Vung Tau-Shanghai,Direct,4,58,31,2.2,807,1182,0.0,3229,4728,INTERNATIONAL,TOP SERVICES
633.0,2023-05-17 00:00:00,2023,5,MSK,IA-8,CNSGH-CNTXG-CNQIN-TWKEL-SGSIN-MYTPP-IDJKT-IDSUB-PHDVO-CNSGH,Shanghai-Xingang-Qingdao-Keelung-Singapore-Tanjung Pelepas-Jakarta-Surabaya-Davao-Shanghai,Direct,4,75,32,2.4,2145,3494,0.5,8579,13976,INTERNATIONAL,TOP SERVICES
634.0,2023-05-18 00:00:00,2023,5,ONE,CS 2,HKHKG–CNNSH–CNSHK–IDSUB–IDSRG– IDJKT–MYKLA (North)–MYKLA (West)– HKHKG,HongKong–Nansha–Shekou–Surabaya–Semarang– Jakarta–Port Klang (North)–Port Klang (West)– HongKong,Direct,1,50,26,2.3,594,862,0.0,594,862,INTERNATIONAL,TOP SERVICES
635.0,2023-05-19 00:00:00,2023,5,ONE,KCI,IDJKT-IDSUB-CNSHK-CNXAM-KRPUS-CNQIN-CNSGH-CNNBO-IDJKT,Jakarta-Surabaya-Shekou-Xiamen-Pusan-Qingdao-Shanghai-Ningbo-Jakarta,Direct,0,0,0,0,0,0,0.0,0,0,INTERNATIONAL,TOP SERVICES
636.0,2023-05-20 00:00:00,2023,5,OOL,ITS,MYKLA-SGSIN-IDSRG-IDSUB-MYKLA- SGSIN-THBKK THSCS-THLCH,Port Klang-Singapore-Semarang-Surabaya-Port Klang- Singapore-Bangkok Sahathai Terminal-Laem Chabang,Feeder,1,63,25,2.7,907,1316,0.0,907,1316,INTERNATIONAL,TOP SERVICES
637.0,2023-05-21 00:00:00,2023,5,PIL,SSE,SGSIN-IDSUB-SGSIN,Singapore-Surabaya-Singapore,Feeder,0,0,0,0,0,0,0.0,0,0,INTERNATIONAL,TOP SERVICES
638.0,2023-05-22 00:00:00,2023,5,PIL,SUS,0,0,0,0,0,0,0,0,0,0.0,0,0,INTERNATIONAL,TOP SERVICES
639.0,2023-05-23 00:00:00,2023,5,RCL,RMI3,SGSIN-IDSUB-SGSIN-MYKLA-MYNTL-MYKLA-SGSIN,Singapore-Surabaya-Singapore-Port Klang-Penang-Port Klang-Singapore,Feeder,0,0,0,0,0,0,0.0,0,0,INTERNATIONAL,TOP SERVICES
640.0,2023-05-24 00:00:00,2023,5,SIT,CMI,IDJKT-IDSRG-IDSUB-IDMAK-PHBTG-CNSGH-CNXAM-CNSHK-CNNSH-MYBTU-IDJKT,Jakarta-Semarang-Surabaya-Makassar-Batangas-Shanghai-Xiamen-Shekou-Nansha-Bintulu-Jakarta,Direct,4,34,21,1.8,420,589,0.0,1681,2354,INTERNATIONAL,TOP SERVICES
641.0,2023-05-25 00:00:00,2023,5,SIT,CMI2,CNSHK-CNNSH-VNSGN-IDJKT-IDSRG- IDSUB-MYBTU-CNQGS-CNSHK,Shekou-Nansha-Hochiminh-Jakarta-Semarang- Surabaya-Bintulu-Qinzhao-Shekou,Direct,2,26,22,1.5,106,137,0.0,211,273,INTERNATIONAL,TOP SERVICES
642.0,2023-05-26 00:00:00,2023,5,SIT,KCI,IDJKT-IDSUB-CNSHK-CNXAM-KRPUS-CNQIN-CNSGH-CNNBO-IDJKT,Jakarta-Surabaya-Shekou-Xiamen-Pusan-Qingdao-Shanghai-Ningbo-Jakarta,,0,0,0,0,0,0,0.0,0,0,INTERNATIONAL,TOP SERVICES
643.0,2023-05-27 00:00:00,2023,5,SSL,SSS-SAT,SGSIN-IDSUB-SGSIN,Singapore-Surabaya-Singapore,Feeder,5,69,29,2.5,2015,3103,0.2,10077,15513,INTERNATIONAL,TOP SERVICES
644.0,2023-05-28 00:00:00,2023,5,SSL,SSS-WED,SGSIN-IDSUB-SGSIN,Singapore-Surabaya-Singapore,Feeder,0,0,0,0,0,0,0.0,0,0,INTERNATIONAL,TOP SERVICES
645.0,2023-05-29 00:00:00,2023,5,SSL,SSE,SGSIN-IDSUB-SGSIN,Singapore-Surabaya-Singapore,Feeder,0,0,0,0,0,0,0.0,0,0,INTERNATIONAL,TOP SERVICES
646.0,2023-05-30 00:00:00,2023,5,WHL,CS 2,HKHKG–CNNSH–CNSHK–IDSUB–IDSRG– IDJKT–MYKLA (North)–MYKLA (West)– HKHKG,HongKong–Nansha–Shekou–Surabaya–Semarang– Jakarta–Port Klang (North)–Port Klang (West)– HongKong,Direct,1,62,35,2.1,847,1135,1.0,847,1135,INTERNATIONAL,TOP SERVICES
647.0,2023-05-31 00:00:00,2023,5,WHL,TPI,IDJKT-IDSRG-IDSUB-TWKHH-TWTXG-TWKHH-TWTPE,Jakarta-Semarang-Surabaya-Kaohsiung-Taichung-Kaohsiung-Taipei,Direct,4,50,23,2.3,916,1379,0.75,3664,5514,INTERNATIONAL,TOP SERVICES
648.0,2023-05-01 00:00:00,2023,5,WHL,Ad Hoc WHL,Various route,Various route,Ad Hoc,0,0,0,0,0,0,0.0,0,0,INTERNATIONAL,TOP SERVICES
649.0,2023-05-02 00:00:00,2023,5,WHL,C18,IDSUB-SGSIN-MYKLA- INMUN-INNSA,Surabaya-Singapore-Port Klang- Mundra-Nhava Sheva,Direct,0,0,0,0,0,0,0.0,0,0,INTERNATIONAL,TOP SERVICES
650.0,2023-05-03 00:00:00,2023,5,XCL,SSX,SGSIN-IDSUB-SGSIN,Singapore-Surabaya-Singapore,Feeder,0,0,0,0,0,0,0.0,0,0,INTERNATIONAL,TOP SERVICES
651.0,2023-05-04 00:00:00,2023,5,YML,ITS,MYKLA-SGSIN-IDSRG-IDSUB-MYKLA- SGSIN-THBKK THSCS-THLCH,Port Klang-Singapore-Semarang-Surabaya-Port Klang- Singapore-Bangkok Sahathai Terminal-Laem Chabang,Feeder,2,61,27,2.4,874,1261,0.5,1747,2521,INTERNATIONAL,TOP SERVICES
652.0,2023-05-05 00:00:00,2023,5,CMA,CHINA 1,CNSGH-CNNBO-CNSTG-CNSHK-IDJKT-IDSUB-PHMNL South-PHMNL North-CNSGH,Shanghai-Ningbo-Shantou-Shekou-Jakarta-Surabaya-Manila South-Manila North-Shanghai,Direct,5,75,35,2.4,864,1297,0.2,4318,6485,INTERNATIONAL,TOP SERVICES
653.0,2023-05-06 00:00:00,2023,5,CMA,CS 2,HKHKG–CNNSH–CNSHK–IDSUB–IDSRG– IDJKT–MYKLA (North)–MYKLA (West)– HKHKG,HongKong–Nansha–Shekou–Surabaya–Semarang– Jakarta–Port Klang (North)–Port Klang (West)– HongKong,Direct,2,54,30,2.2,784,1098,0.5,1568,2195,INTERNATIONAL,TOP SERVICES
654.0,2023-05-07 00:00:00,2023,5,CMA,KCS,North South: CNLYG-CNQIN-CNNSH-MYTPP-SGSIN-IDJKT-IDSUB-PHDVO-CNSGH-CNDAL. East-West: CNYTN-CNNSH-CNCWN-HKHKG-PHMNL South-PHMNL North,North South: Lianyungang-Qingdao-Nansha-Port Kelang-Singapore-Jakarta-Surabaya-Davao-Shanghai-Dalian. East-West: Yantian-Nansha-Chiwan-Hongkong-Manila South-Manila North,Direct,4,74,34,2.4,1065,1809,0.25,4261,7234,INTERNATIONAL,TOP SERVICES
655.0,2023-05-08 00:00:00,2023,5,CMA,JSS,SGSIN-IDSRG-IDSUB-SGSIN,Singapore-Semarang-Surabaya-Singapore,Feeder,4,83,35,2.5,1981,2897,0.0,7925,11586,INTERNATIONAL,TOP SERVICES
656.0,2023-05-09 00:00:00,2023,5,CMA,Ad Hoc CMA,SGSIN-IDSRG-IDSUB-SGSIN,Singapore-Semarang-Surabaya-Singapore,Ad Hoc,1,51,24,2.3,738,1280,1.0,738,1280,INTERNATIONAL,TOP SERVICES
657.0,2023-05-10 00:00:00,2023,5,ANL,APR,MYKLA-SGSIN-IDJKT-IDSUB-PGLAE-PGKIM-PGMTK- AUTSV-MYKLA,Port Klang-Singapore-Jakarta-Surabaya-Lae-Kimbe-Motukea Island- Townsville-Port Klang,Direct,1,18,24,1.4,44,68,0.0,44,68,INTERNATIONAL,TOP SERVICES
658.0,2023-05-11 00:00:00,2023,5,ANL,PAX,SGSIN-IDSUB-TLDIL-AUDRW-SGSIN,Singapore-Surabaya-Dili-Darwin-Singapore,Direct,1,19,17,1.4,139,197,0.0,139,197,INTERNATIONAL,TOP SERVICES
659.0,2023-05-12 00:00:00,2023,5,BEN,ETS/SDD,SGSIN-IDSUB-TLDIL,Singapore-Surabaya-Dili,Direct,2,23,311,0.7,102,181,0.0,204,362,INTERNATIONAL,TOP SERVICES
660.0,2023-05-13 00:00:00,2023,5,LMA,ETS/SDD,SGSIN-IDSUB-TLDIL,Singapore-Surabaya-Dili,Direct,1,7,13,1.2,32,63,0.0,32,63,INTERNATIONAL,TOP SERVICES
661.0,2023-05-14 00:00:00,2023,5,MSC,Seahorse,CNSGH-CNNBO-THLCH-MYKLA-SGSIN-IDSUB-IDJKT-MYTPP-CNQZH-HKHKG-CNSGH,Shanghai-Ningbo-Laem Chabang-Port Klang-Singapore-Surabaya-Jakarta-Tanjung Pelepas-Qinzhou-Hongkong-Shanghai,Direct,0,0,0,0,0,0,0.0,0,0,INTERNATIONAL,TOP SERVICES
662.0,2023-05-15 00:00:00,2023,5,TSL,KCI,IDJKT-IDSUB-CNSHK-CNXAM-KRPUS-CNQIN-CNSGH-CNNBO-IDJKT,Jakarta-Surabaya-Shekou-Xiamen-Pusan-Qingdao-Shanghai-Ningbo-Jakarta,Direct,0,0,0,0,0,0,0.0,0,0,INTERNATIONAL,TOP SERVICES
663.0,2023-05-16 00:00:00,2023,5,COS,JSS,SGSIN-IDSRG-IDSUB-SGSIN,Singapore-Semarang-Surabaya-Singapore,Feeder,0,0,0,0,0,0,0.0,0,0,INTERNATIONAL,TOP SERVICES
664.0,2023-05-17 00:00:00,2023,5,NSS,KCI,IDJKT-IDSUB-CNSHK-CNXAM-KRPUS-CNQIN-CNSGH-CNNBO-IDJKT,Jakarta-Surabaya-Shekou-Xiamen-Pusan-Qingdao-Shanghai-Ningbo-Jakarta,Direct,0,0,0,0,0,0,0.0,0,0,INTERNATIONAL,TOP SERVICES
665.0,2023-05-18 00:00:00,2023,5,MPN,MPN AD HOC,,,,0,0,0,0,0,0,0.0,0,0,INTERNATIONAL,TOP SERVICES
666.0,2023-06-01 00:00:00,2023,6,COS,GMI,IDJKT-IDSUB-SGSIN-MYPGU-SGSIN-MYKLA,Jakarta-Surabaya-Singapore-Pasir Gudang-Singapore-Port Kelang West,Feeder,3,39,22,2.1,411,544,0.67,1233,1632,INTERNATIONAL,TOP SERVICES
667.0,2023-06-02 00:00:00,2023,6,COS,SSS-SAT,SGSIN-IDSUB-SGSIN,Singapore-Surabaya-Singapore,Feeder,0,0,0,0,0,0,0.0,0,0,INTERNATIONAL,TOP SERVICES
668.0,2023-06-03 00:00:00,2023,6,COS,SSS-WED,SGSIN-IDSUB-SGSIN,Singapore-Surabaya-Singapore,Feeder,4,73,27,2.9,1715,2565,0.0,6858,10258,INTERNATIONAL,TOP SERVICES
669.0,2023-06-04 00:00:00,2023,6,GSL,ITS,MYKLA-SGSIN-IDSRG-IDSUB-MYKLA- SGSIN-THBKK THSCS-THLCH,Port Klang-Singapore-Semarang-Surabaya-Port Klang- Singapore-Bangkok Sahathai Terminal-Laem Chabang,Feeder,1,59,28,2.3,970,1406,1.0,970,1406,INTERNATIONAL,TOP SERVICES
670.0,2023-06-05 00:00:00,2023,6,EMC,CIT,CNNBO-CNSGH-HKHKG (Zhujiang)-CNSHK-IDSUB-IDSRG-IDJKT-SGSIN-THLCH-HKHKG-CNNBO,Ningbo-Shanghai-Hong Kong (Zhujiang)-Shekou-Surabaya-Semarang-Jakarta-Singapore-Laemchabang-Hong Kong-Ningbo,Direct,2,37,90,2.8,819,1226,0.0,1638,2452,INTERNATIONAL,TOP SERVICES
671.0,2023-06-06 00:00:00,2023,6,EMC,JPI-A,JPYOK-JPTYO-JPSMZ-JPNGO-JPUKB-TWTPE-TWKHH-PHMNL South-IDSUB-IDJKT-MYTPP-MYBTU-TWKHH,Yokohama-Tokyo-Shimizu-Nagoya-Kobe-Taipei-Kaohsiung-Manila South-Surabaya-Jakarta-Tanjung Pelepas-Bintulu-Kaohsiung,Direct,4,49,26,2,714,1107,0.0,2856,4429,INTERNATIONAL,TOP SERVICES
672.0,2023-06-07 00:00:00,2023,6,EMC,JPI-B,CNSHK-HKHKG-IDJKT-IDSRG-IDSUB-PHMNL South-TWKHH-TWTPE-JPYOK,Shekou-Hong Kong-Jakarta-Semarang-Surabaya-Manila South-Kaohsiung-Taipei-Yokohama,Direct,5,48,27,2,691,1077,0.4,3456,5383,INTERNATIONAL,TOP SERVICES
673.0,2023-06-08 00:00:00,2023,6,EMC,TMI,IDSUB-IDSRG-MYTPP-THLCH,Surabaya-Semarang-Tanjung Pelepas-Laemchabang,Feeder,0,0,0,0,0,0,0.0,0,0,INTERNATIONAL,TOP SERVICES
674.0,2023-06-09 00:00:00,2023,6,EMC,VMI,VNHPH-VNSGN-MYKLA West Port-MYTPP-IDJKT-IDSRG-IDSUB,Haipong-Ho Chi Minh City-Port Klang West Port-Tanjung Pelepas-Jakarta-Semarang-Surabaya,Direct,4,49,24,2,2612,3768,0.5,2612,3768,INTERNATIONAL,TOP SERVICES
675.0,2023-06-10 00:00:00,2023,6,KMT,CKI,KRPUS-KRKWA-CNSGH-CNNBO-HKHKG-IDJKT-IDSUB-VNSGN VNCLI-CNNBO-CNSGH-KRPUS,Pusan-Kwangyang-Shanghai-Ningbo-Hongkong-Jakarta-Surabaya-Hochiminh Cat Lai-Ningbo-Shanghai-Pusan,Direct,4,43,20,2.3,660,953,0.5,2639,3813,INTERNATIONAL,TOP SERVICES
676.0,2023-06-11 00:00:00,2023,6,KAL,Ad Hoc KRL,Various route,Various route,Ad Hoc,0,0,0,0,0,0,0.0,0,0,INTERNATIONAL,TOP SERVICES
677.0,2023-06-12 00:00:00,2023,6,LMA,Ad Hoc MKP,Various route,Various route,Ad Hoc,1,32,26,2,269,326,0.0,0,0,INTERNATIONAL,TOP SERVICES
678.0,2023-06-13 00:00:00,2023,6,KSL,KPG,IDJKT-IDSUB-MYKLA West-INNSA-AEJEA-LKCMB-SADMM-PKKHI-INMUN,Jakarta-Surabaya-Port Klang West-Nhava Sheva-Jebel Ali-Colomba-Dammam-Karachi-Mundra,Direct,0,0,0,0,0,0,0.0,0,0,INTERNATIONAL,TOP SERVICES
679.0,2023-06-14 00:00:00,2023,6,MSC,NEW JAVA F,SGSIN-MYTPP-IDJKT-IDSUB-SGSIN,Singapore-Tanjung Pelepas-Jakarta-Surabaya-Singapore,Feeder,3,96,34,3.1,2035,2908,0.0,6104,8724,INTERNATIONAL,TOP SERVICES
680.0,2023-06-15 00:00:00,2023,6,MSC,NEW JAVA T,SGSIN-MYTPP-IDSRG-IDSUB,Singapore-Tanjung Pelepas-Semarang-Surabaya,Feeder,0,0,0,0,0,0,0.0,0,0,INTERNATIONAL,TOP SERVICES
681.0,2023-06-16 00:00:00,2023,6,MSC,DOLPHIN,CNSGH-CNNBO-CNXAM-MYTPP-SGSIN-IDJKT-IDSUB-MYTPP-SGSIN-THLCH-VNVUT-CNSGH,Shanghai-Ningbo-Xiamen-Tanjung Pelepas-Singapore-Jakarta-Surabaya-Tanjung Pelepas-Singapore-Laem Chabang-Vung Tau-Shanghai,Direct,1,44,22,2.3,657,951,0.0,657,951,INTERNATIONAL,TOP SERVICES
682.0,2023-06-17 00:00:00,2023,6,MSK,IA-8,CNSGH-CNTXG-CNQIN-TWKEL-SGSIN-MYTPP-IDJKT-IDSUB-PHDVO-CNSGH,Shanghai-Xingang-Qingdao-Keelung-Singapore-Tanjung Pelepas-Jakarta-Surabaya-Davao-Shanghai,Direct,4,84,32,2.8,2648,4271,0.5,10591,17085,INTERNATIONAL,TOP SERVICES
683.0,2023-06-18 00:00:00,2023,6,ONE,CS 2,HKHKG–CNNSH–CNSHK–IDSUB–IDSRG– IDJKT–MYKLA (North)–MYKLA (West)– HKHKG,HongKong–Nansha–Shekou–Surabaya–Semarang– Jakarta–Port Klang (North)–Port Klang (West)– HongKong,Direct,2,67,38,2.1,846,1232,1.0,1692,2463,INTERNATIONAL,TOP SERVICES
684.0,2023-06-19 00:00:00,2023,6,ONE,KCI,IDJKT-IDSUB-CNSHK-CNXAM-KRPUS-CNQIN-CNSGH-CNNBO-IDJKT,Jakarta-Surabaya-Shekou-Xiamen-Pusan-Qingdao-Shanghai-Ningbo-Jakarta,Direct,0,0,0,0,0,0,0.0,0,0,INTERNATIONAL,TOP SERVICES
685.0,2023-06-20 00:00:00,2023,6,OOL,ITS,MYKLA-SGSIN-IDSRG-IDSUB-MYKLA- SGSIN-THBKK THSCS-THLCH,Port Klang-Singapore-Semarang-Surabaya-Port Klang- Singapore-Bangkok Sahathai Terminal-Laem Chabang,Feeder,2,47,21,2.3,865,1255,0.5,1730,2509,INTERNATIONAL,TOP SERVICES
686.0,2023-06-21 00:00:00,2023,6,PIL,SSE,SGSIN-IDSUB-SGSIN,Singapore-Surabaya-Singapore,Feeder,0,0,0,0,0,0,0.0,0,0,INTERNATIONAL,TOP SERVICES
687.0,2023-06-22 00:00:00,2023,6,PIL,SUS,0,0,0,0,0,0,0,0,0,0.0,0,0,INTERNATIONAL,TOP SERVICES
688.0,2023-06-23 00:00:00,2023,6,RCL,RMI3,SGSIN-IDSUB-SGSIN-MYKLA-MYNTL-MYKLA-SGSIN,Singapore-Surabaya-Singapore-Port Klang-Penang-Port Klang-Singapore,Feeder,0,0,0,0,0,0,0.0,0,0,INTERNATIONAL,TOP SERVICES
689.0,2023-06-24 00:00:00,2023,6,SIT,CMI,IDJKT-IDSRG-IDSUB-IDMAK-PHBTG-CNSGH-CNXAM-CNSHK-CNNSH-MYBTU-IDJKT,Jakarta-Semarang-Surabaya-Makassar-Batangas-Shanghai-Xiamen-Shekou-Nansha-Bintulu-Jakarta,Direct,4,39,26,1.7,435,666,0.5,1741,2664,INTERNATIONAL,TOP SERVICES
690.0,2023-06-25 00:00:00,2023,6,SIT,CMI2,CNSHK-CNNSH-VNSGN-IDJKT-IDSRG- IDSUB-MYBTU-CNQGS-CNSHK,Shekou-Nansha-Hochiminh-Jakarta-Semarang- Surabaya-Bintulu-Qinzhao-Shekou,Direct,0,0,0,0,0,0,0.0,0,0,INTERNATIONAL,TOP SERVICES
691.0,2023-06-26 00:00:00,2023,6,SIT,KCI,IDJKT-IDSUB-CNSHK-CNXAM-KRPUS-CNQIN-CNSGH-CNNBO-IDJKT,Jakarta-Surabaya-Shekou-Xiamen-Pusan-Qingdao-Shanghai-Ningbo-Jakarta,,0,0,0,0,0,0,0.0,0,0,INTERNATIONAL,TOP SERVICES
692.0,2023-06-27 00:00:00,2023,6,SSL,SSS-SAT,SGSIN-IDSUB-SGSIN,Singapore-Surabaya-Singapore,Feeder,4,81,30,2.9,2089,3292,0.0,8357,13169,INTERNATIONAL,TOP SERVICES
693.0,2023-06-28 00:00:00,2023,6,SSL,SSS-WED,SGSIN-IDSUB-SGSIN,Singapore-Surabaya-Singapore,Feeder,0,0,0,0,0,0,0.0,0,0,INTERNATIONAL,TOP SERVICES
694.0,2023-06-29 00:00:00,2023,6,SSL,SSE,SGSIN-IDSUB-SGSIN,Singapore-Surabaya-Singapore,Feeder,0,0,0,0,0,0,0.0,0,0,INTERNATIONAL,TOP SERVICES
695.0,2023-06-30 00:00:00,2023,6,WHL,CS 2,HKHKG–CNNSH–CNSHK–IDSUB–IDSRG– IDJKT–MYKLA (North)–MYKLA (West)– HKHKG,HongKong–Nansha–Shekou–Surabaya–Semarang– Jakarta–Port Klang (North)–Port Klang (West)– HongKong,Direct,1,77,34,2.5,793,1131,1.0,793,1131,INTERNATIONAL,TOP SERVICES
696.0,2023-06-01 00:00:00,2023,6,WHL,TPI,IDJKT-IDSRG-IDSUB-TWKHH-TWTXG-TWKHH-TWTPE,Jakarta-Semarang-Surabaya-Kaohsiung-Taichung-Kaohsiung-Taipei,Direct,3,31,17,1.9,655,1028,0.67,1964,3085,INTERNATIONAL,TOP SERVICES
697.0,2023-06-02 00:00:00,2023,6,WHL,Ad Hoc WHL,Various route,Various route,Ad Hoc,1,29,14,2.4,451,576,1.0,451,576,INTERNATIONAL,TOP SERVICES
698.0,2023-06-03 00:00:00,2023,6,WHL,C18,IDSUB-SGSIN-MYKLA- INMUN-INNSA,Surabaya-Singapore-Port Klang- Mundra-Nhava Sheva,Direct,0,0,0,0,0,0,0.0,0,0,INTERNATIONAL,TOP SERVICES
699.0,2023-06-04 00:00:00,2023,6,XCL,SSX,SGSIN-IDSUB-SGSIN,Singapore-Surabaya-Singapore,Feeder,0,0,0,0,0,0,0.0,0,0,INTERNATIONAL,TOP SERVICES
700.0,2023-06-05 00:00:00,2023,6,YML,ITS,MYKLA-SGSIN-IDSRG-IDSUB-MYKLA- SGSIN-THBKK THSCS-THLCH,Port Klang-Singapore-Semarang-Surabaya-Port Klang- Singapore-Bangkok Sahathai Terminal-Laem Chabang,Feeder,1,52,25,2.4,775,1194,1.0,775,1194,INTERNATIONAL,TOP SERVICES
701.0,2023-06-06 00:00:00,2023,6,CMA,CHINA 1,CNSGH-CNNBO-CNSTG-CNSHK-IDJKT-IDSUB-PHMNL South-PHMNL North-CNSGH,Shanghai-Ningbo-Shantou-Shekou-Jakarta-Surabaya-Manila South-Manila North-Shanghai,Direct,5,75,35,2.4,864,1297,0.2,4318,6485,INTERNATIONAL,TOP SERVICES
702.0,2023-06-07 00:00:00,2023,6,CMA,CS 2,HKHKG–CNNSH–CNSHK–IDSUB–IDSRG– IDJKT–MYKLA (North)–MYKLA (West)– HKHKG,HongKong–Nansha–Shekou–Surabaya–Semarang– Jakarta–Port Klang (North)–Port Klang (West)– HongKong,Direct,2,54,30,2.2,784,1098,0.5,1568,2195,INTERNATIONAL,TOP SERVICES
703.0,2023-06-08 00:00:00,2023,6,CMA,KCS,North South: CNLYG-CNQIN-CNNSH-MYTPP-SGSIN-IDJKT-IDSUB-PHDVO-CNSGH-CNDAL. East-West: CNYTN-CNNSH-CNCWN-HKHKG-PHMNL South-PHMNL North,North South: Lianyungang-Qingdao-Nansha-Port Kelang-Singapore-Jakarta-Surabaya-Davao-Shanghai-Dalian. East-West: Yantian-Nansha-Chiwan-Hongkong-Manila South-Manila North,Direct,4,64,28,2.6,905,1608,0.25,3620,6431,INTERNATIONAL,TOP SERVICES
704.0,2023-06-09 00:00:00,2023,6,CMA,JSS,SGSIN-IDSRG-IDSUB-SGSIN,Singapore-Semarang-Surabaya-Singapore,Feeder,3,85,31,2.9,2106,3150,0.0,6317,9449,INTERNATIONAL,TOP SERVICES
705.0,2023-06-10 00:00:00,2023,6,CMA,Ad Hoc CMA,SGSIN-IDSRG-IDSUB-SGSIN,Singapore-Semarang-Surabaya-Singapore,Ad Hoc,0,0,0,0,0,0,0.0,0,0,INTERNATIONAL,TOP SERVICES
706.0,2023-06-11 00:00:00,2023,6,ANL,APR,MYKLA-SGSIN-IDJKT-IDSUB-PGLAE-PGKIM-PGMTK- AUTSV-MYKLA,Port Klang-Singapore-Jakarta-Surabaya-Lae-Kimbe-Motukea Island- Townsville-Port Klang,Direct,0,0,0,0,0,0,0.0,0,0,INTERNATIONAL,TOP SERVICES
707.0,2023-06-12 00:00:00,2023,6,ANL,PAX,SGSIN-IDSUB-TLDIL-AUDRW-SGSIN,Singapore-Surabaya-Dili-Darwin-Singapore,Direct,2,23,20,1.5,154,245,0.0,307,490,INTERNATIONAL,TOP SERVICES
708.0,2023-06-13 00:00:00,2023,6,BEN,ETS/SDD,SGSIN-IDSUB-TLDIL,Singapore-Surabaya-Dili,Direct,1,21,37,0.8,107,147,0.0,107,147,INTERNATIONAL,TOP SERVICES
709.0,2023-06-14 00:00:00,2023,6,LMA,ETS/SDD,SGSIN-IDSUB-TLDIL,Singapore-Surabaya-Dili,Direct,2,21,26,1.2,252,340,0.0,503,680,INTERNATIONAL,TOP SERVICES
710.0,2023-06-15 00:00:00,2023,6,MSC,Seahorse,CNSGH-CNNBO-THLCH-MYKLA-SGSIN-IDSUB-IDJKT-MYTPP-CNQZH-HKHKG-CNSGH,Shanghai-Ningbo-Laem Chabang-Port Klang-Singapore-Surabaya-Jakarta-Tanjung Pelepas-Qinzhou-Hongkong-Shanghai,Direct,1,87,37,2.7,778,1083,0.0,778,1083,INTERNATIONAL,TOP SERVICES
711.0,2023-06-16 00:00:00,2023,6,TSL,KCI,IDJKT-IDSUB-CNSHK-CNXAM-KRPUS-CNQIN-CNSGH-CNNBO-IDJKT,Jakarta-Surabaya-Shekou-Xiamen-Pusan-Qingdao-Shanghai-Ningbo-Jakarta,Direct,0,0,0,0,0,0,0.0,0,0,INTERNATIONAL,TOP SERVICES
712.0,2023-06-17 00:00:00,2023,6,COS,JSS,SGSIN-IDSRG-IDSUB-SGSIN,Singapore-Semarang-Surabaya-Singapore,Feeder,0,0,0,0,0,0,0.0,0,0,INTERNATIONAL,TOP SERVICES
713.0,2023-06-18 00:00:00,2023,6,NSS,KCI,IDJKT-IDSUB-CNSHK-CNXAM-KRPUS-CNQIN-CNSGH-CNNBO-IDJKT,Jakarta-Surabaya-Shekou-Xiamen-Pusan-Qingdao-Shanghai-Ningbo-Jakarta,Direct,0,0,0,0,0,0,0.0,0,0,INTERNATIONAL,TOP SERVICES
714.0,2023-06-19 00:00:00,2023,6,MPN,MPN AD HOC,,,,0,0,0,0,0,0,0.0,0,0,INTERNATIONAL,TOP SERVICES
715.0,2023-07-01 00:00:00,2023,7,COS,GMI,IDJKT-IDSUB-SGSIN-MYPGU-SGSIN-MYKLA,Jakarta-Surabaya-Singapore-Pasir Gudang-Singapore-Port Kelang West,Feeder,3,41,35,1.4,259,330,0.0,777,990,INTERNATIONAL,TOP SERVICES
716.0,2023-07-02 00:00:00,2023,7,COS,SSS-SAT,SGSIN-IDSUB-SGSIN,Singapore-Surabaya-Singapore,Feeder,0,0,0,0,0,0,0.0,0,0,INTERNATIONAL,TOP SERVICES
717.0,2023-07-03 00:00:00,2023,7,COS,SSS-WED,SGSIN-IDSUB-SGSIN,Singapore-Surabaya-Singapore,Feeder,5,55,22,2.6,1656,2423,0.2,8278,12114,INTERNATIONAL,TOP SERVICES
718.0,2023-07-04 00:00:00,2023,7,GSL,ITS,MYKLA-SGSIN-IDSRG-IDSUB-MYKLA- SGSIN-THBKK THSCS-THLCH,Port Klang-Singapore-Semarang-Surabaya-Port Klang- Singapore-Bangkok Sahathai Terminal-Laem Chabang,Feeder,1,55,25,2.4,767,1079,0.0,767,1079,INTERNATIONAL,TOP SERVICES
719.0,2023-07-05 00:00:00,2023,7,EMC,CIT,CNNBO-CNSGH-HKHKG (Zhujiang)-CNSHK-IDSUB-IDSRG-IDJKT-SGSIN-THLCH-HKHKG-CNNBO,Ningbo-Shanghai-Hong Kong (Zhujiang)-Shekou-Surabaya-Semarang-Jakarta-Singapore-Laemchabang-Hong Kong-Ningbo,Direct,5,28,60,2.4,755,1153,1.0,3777,5765,INTERNATIONAL,TOP SERVICES
720.0,2023-07-06 00:00:00,2023,7,EMC,JPI-A,JPYOK-JPTYO-JPSMZ-JPNGO-JPUKB-TWTPE-TWKHH-PHMNL South-IDSUB-IDJKT-MYTPP-MYBTU-TWKHH,Yokohama-Tokyo-Shimizu-Nagoya-Kobe-Taipei-Kaohsiung-Manila South-Surabaya-Jakarta-Tanjung Pelepas-Bintulu-Kaohsiung,Direct,4,65,30,2.4,859,1303,0.5,3437,5211,INTERNATIONAL,TOP SERVICES
721.0,2023-07-07 00:00:00,2023,7,EMC,JPI-B,CNSHK-HKHKG-IDJKT-IDSRG-IDSUB-PHMNL South-TWKHH-TWTPE-JPYOK,Shekou-Hong Kong-Jakarta-Semarang-Surabaya-Manila South-Kaohsiung-Taipei-Yokohama,Direct,4,50,26,2.1,612,911,0.0,2447,3643,INTERNATIONAL,TOP SERVICES
722.0,2023-07-08 00:00:00,2023,7,EMC,TMI,IDSUB-IDSRG-MYTPP-THLCH,Surabaya-Semarang-Tanjung Pelepas-Laemchabang,Feeder,0,0,0,0,0,0,0.0,0,0,INTERNATIONAL,TOP SERVICES
723.0,2023-07-09 00:00:00,2023,7,EMC,VMI,VNHPH-VNSGN-MYKLA West Port-MYTPP-IDJKT-IDSRG-IDSUB,Haipong-Ho Chi Minh City-Port Klang West Port-Tanjung Pelepas-Jakarta-Semarang-Surabaya,Direct,4,47,26,2,2600,3623,0.25,2600,3623,INTERNATIONAL,TOP SERVICES
724.0,2023-07-10 00:00:00,2023,7,KMT,CKI,KRPUS-KRKWA-CNSGH-CNNBO-HKHKG-IDJKT-IDSUB-VNSGN VNCLI-CNNBO-CNSGH-KRPUS,Pusan-Kwangyang-Shanghai-Ningbo-Hongkong-Jakarta-Surabaya-Hochiminh Cat Lai-Ningbo-Shanghai-Pusan,Direct,5,37,18,2.3,520,739,0.4,2601,3694,INTERNATIONAL,TOP SERVICES
725.0,2023-07-11 00:00:00,2023,7,KAL,Ad Hoc KRL,Various route,Various route,Ad Hoc,0,0,0,0,0,0,0.0,0,0,INTERNATIONAL,TOP SERVICES
726.0,2023-07-12 00:00:00,2023,7,LMA,Ad Hoc MKP,Various route,Various route,Ad Hoc,1,32,26,2,269,326,0.0,0,0,INTERNATIONAL,TOP SERVICES
727.0,2023-07-13 00:00:00,2023,7,KSL,KPG,IDJKT-IDSUB-MYKLA West-INNSA-AEJEA-LKCMB-SADMM-PKKHI-INMUN,Jakarta-Surabaya-Port Klang West-Nhava Sheva-Jebel Ali-Colomba-Dammam-Karachi-Mundra,Direct,0,0,0,0,0,0,0.0,0,0,INTERNATIONAL,TOP SERVICES
728.0,2023-07-14 00:00:00,2023,7,MSC,NEW JAVA F,SGSIN-MYTPP-IDJKT-IDSUB-SGSIN,Singapore-Tanjung Pelepas-Jakarta-Surabaya-Singapore,Feeder,0,0,0,0,0,0,0.0,0,0,INTERNATIONAL,TOP SERVICES
729.0,2023-07-15 00:00:00,2023,7,MSC,NEW JAVA T,SGSIN-MYTPP-IDSRG-IDSUB,Singapore-Tanjung Pelepas-Semarang-Surabaya,Feeder,0,0,0,0,0,0,0.0,0,0,INTERNATIONAL,TOP SERVICES
730.0,2023-07-16 00:00:00,2023,7,MSC,DOLPHIN,CNSGH-CNNBO-CNXAM-MYTPP-SGSIN-IDJKT-IDSUB-MYTPP-SGSIN-THLCH-VNVUT-CNSGH,Shanghai-Ningbo-Xiamen-Tanjung Pelepas-Singapore-Jakarta-Surabaya-Tanjung Pelepas-Singapore-Laem Chabang-Vung Tau-Shanghai,Direct,6,56,31,2.3,563,805,0.83,3377,4827,INTERNATIONAL,TOP SERVICES
731.0,2023-07-17 00:00:00,2023,7,MSK,IA-8,CNSGH-CNTXG-CNQIN-TWKEL-SGSIN-MYTPP-IDJKT-IDSUB-PHDVO-CNSGH,Shanghai-Xingang-Qingdao-Keelung-Singapore-Tanjung Pelepas-Jakarta-Surabaya-Davao-Shanghai,Direct,5,79,31,2.8,2442,3923,0.8,12210,19615,INTERNATIONAL,TOP SERVICES
732.0,2023-07-18 00:00:00,2023,7,ONE,CS 2,HKHKG–CNNSH–CNSHK–IDSUB–IDSRG– IDJKT–MYKLA (North)–MYKLA (West)– HKHKG,HongKong–Nansha–Shekou–Surabaya–Semarang– Jakarta–Port Klang (North)–Port Klang (West)– HongKong,Direct,1,55,31,2.1,829,1287,0.0,829,1287,INTERNATIONAL,TOP SERVICES
733.0,2023-07-19 00:00:00,2023,7,ONE,KCI,IDJKT-IDSUB-CNSHK-CNXAM-KRPUS-CNQIN-CNSGH-CNNBO-IDJKT,Jakarta-Surabaya-Shekou-Xiamen-Pusan-Qingdao-Shanghai-Ningbo-Jakarta,Direct,0,0,0,0,0,0,0.0,0,0,INTERNATIONAL,TOP SERVICES
734.0,2023-07-20 00:00:00,2023,7,OOL,ITS,MYKLA-SGSIN-IDSRG-IDSUB-MYKLA- SGSIN-THBKK THSCS-THLCH,Port Klang-Singapore-Semarang-Surabaya-Port Klang- Singapore-Bangkok Sahathai Terminal-Laem Chabang,Feeder,1,38,18,2.2,843,1246,1.0,843,1246,INTERNATIONAL,TOP SERVICES
735.0,2023-07-21 00:00:00,2023,7,PIL,SSE,SGSIN-IDSUB-SGSIN,Singapore-Surabaya-Singapore,Feeder,0,0,0,0,0,0,0.0,0,0,INTERNATIONAL,TOP SERVICES
736.0,2023-07-22 00:00:00,2023,7,PIL,SUS,0,0,0,0,0,0,0,0,0,0.0,0,0,INTERNATIONAL,TOP SERVICES
737.0,2023-07-23 00:00:00,2023,7,RCL,RMI3,SGSIN-IDSUB-SGSIN-MYKLA-MYNTL-MYKLA-SGSIN,Singapore-Surabaya-Singapore-Port Klang-Penang-Port Klang-Singapore,Feeder,0,0,0,0,0,0,0.0,0,0,INTERNATIONAL,TOP SERVICES
738.0,2023-07-24 00:00:00,2023,7,SIT,CMI,IDJKT-IDSRG-IDSUB-IDMAK-PHBTG-CNSGH-CNXAM-CNSHK-CNNSH-MYBTU-IDJKT,Jakarta-Semarang-Surabaya-Makassar-Batangas-Shanghai-Xiamen-Shekou-Nansha-Bintulu-Jakarta,Direct,5,32,20,1.7,439,618,0.8,2196,3091,INTERNATIONAL,TOP SERVICES
739.0,2023-07-25 00:00:00,2023,7,SIT,CMI2,CNSHK-CNNSH-VNSGN-IDJKT-IDSRG- IDSUB-MYBTU-CNQGS-CNSHK,Shekou-Nansha-Hochiminh-Jakarta-Semarang- Surabaya-Bintulu-Qinzhao-Shekou,Direct,0,0,0,0,0,0,0.0,0,0,INTERNATIONAL,TOP SERVICES
740.0,2023-07-26 00:00:00,2023,7,SIT,KCI,IDJKT-IDSUB-CNSHK-CNXAM-KRPUS-CNQIN-CNSGH-CNNBO-IDJKT,Jakarta-Surabaya-Shekou-Xiamen-Pusan-Qingdao-Shanghai-Ningbo-Jakarta,,0,0,0,0,0,0,0.0,0,0,INTERNATIONAL,TOP SERVICES
741.0,2023-07-27 00:00:00,2023,7,SSL,SSS-SAT,SGSIN-IDSUB-SGSIN,Singapore-Surabaya-Singapore,Feeder,5,80,31,2.7,1642,2526,0.0,8210,12629,INTERNATIONAL,TOP SERVICES
742.0,2023-07-28 00:00:00,2023,7,SSL,SSS-WED,SGSIN-IDSUB-SGSIN,Singapore-Surabaya-Singapore,Feeder,0,0,0,0,0,0,0.0,0,0,INTERNATIONAL,TOP SERVICES
743.0,2023-07-29 00:00:00,2023,7,SSL,SSE,SGSIN-IDSUB-SGSIN,Singapore-Surabaya-Singapore,Feeder,0,0,0,0,0,0,0.0,0,0,INTERNATIONAL,TOP SERVICES
744.0,2023-07-30 00:00:00,2023,7,WHL,CS 2,HKHKG–CNNSH–CNSHK–IDSUB–IDSRG– IDJKT–MYKLA (North)–MYKLA (West)– HKHKG,HongKong–Nansha–Shekou–Surabaya–Semarang– Jakarta–Port Klang (North)–Port Klang (West)– HongKong,Direct,2,65,33,2.2,657,963,0.5,1314,1926,INTERNATIONAL,TOP SERVICES
745.0,2023-07-31 00:00:00,2023,7,WHL,TPI,IDJKT-IDSRG-IDSUB-TWKHH-TWTXG-TWKHH-TWTPE,Jakarta-Semarang-Surabaya-Kaohsiung-Taichung-Kaohsiung-Taipei,Direct,5,55,24,2.5,829,1242,0.2,4146,6208,INTERNATIONAL,TOP SERVICES
746.0,2023-07-01 00:00:00,2023,7,WHL,Ad Hoc WHL,Various route,Various route,Ad Hoc,0,0,0,0,0,0,0.0,0,0,INTERNATIONAL,TOP SERVICES
747.0,2023-07-02 00:00:00,2023,7,WHL,C18,IDSUB-SGSIN-MYKLA- INMUN-INNSA,Surabaya-Singapore-Port Klang- Mundra-Nhava Sheva,Direct,0,0,0,0,0,0,0.0,0,0,INTERNATIONAL,TOP SERVICES
748.0,2023-07-03 00:00:00,2023,7,XCL,SSX,SGSIN-IDSUB-SGSIN,Singapore-Surabaya-Singapore,Feeder,0,0,0,0,0,0,0.0,0,0,INTERNATIONAL,TOP SERVICES
749.0,2023-07-04 00:00:00,2023,7,YML,ITS,MYKLA-SGSIN-IDSRG-IDSUB-MYKLA- SGSIN-THBKK THSCS-THLCH,Port Klang-Singapore-Semarang-Surabaya-Port Klang- Singapore-Bangkok Sahathai Terminal-Laem Chabang,Feeder,1,65,33,2.2,815,1186,0.0,815,1186,INTERNATIONAL,TOP SERVICES
750.0,2023-07-05 00:00:00,2023,7,CMA,CHINA 1,CNSGH-CNNBO-CNSTG-CNSHK-IDJKT-IDSUB-PHMNL South-PHMNL North-CNSGH,Shanghai-Ningbo-Shantou-Shekou-Jakarta-Surabaya-Manila South-Manila North-Shanghai,Direct,5,62,31,2.3,786,1193,0.0,3929,5964,INTERNATIONAL,TOP SERVICES
751.0,2023-07-06 00:00:00,2023,7,CMA,CS 2,HKHKG–CNNSH–CNSHK–IDSUB–IDSRG– IDJKT–MYKLA (North)–MYKLA (West)– HKHKG,HongKong–Nansha–Shekou–Surabaya–Semarang– Jakarta–Port Klang (North)–Port Klang (West)– HongKong,Direct,1,68,31,2.7,879,1268,1.0,879,1268,INTERNATIONAL,TOP SERVICES
752.0,2023-07-07 00:00:00,2023,7,CMA,KCS,North South: CNLYG-CNQIN-CNNSH-MYTPP-SGSIN-IDJKT-IDSUB-PHDVO-CNSGH-CNDAL. East-West: CNYTN-CNNSH-CNCWN-HKHKG-PHMNL South-PHMNL North,North South: Lianyungang-Qingdao-Nansha-Port Kelang-Singapore-Jakarta-Surabaya-Davao-Shanghai-Dalian. East-West: Yantian-Nansha-Chiwan-Hongkong-Manila South-Manila North,Direct,5,73,30,2.7,1093,1941,0.2,5464,9705,INTERNATIONAL,TOP SERVICES
753.0,2023-07-08 00:00:00,2023,7,CMA,JSS,SGSIN-IDSRG-IDSUB-SGSIN,Singapore-Semarang-Surabaya-Singapore,Feeder,6,80,35,2.4,1812,2709,0.67,10869,16255,INTERNATIONAL,TOP SERVICES
754.0,2023-07-09 00:00:00,2023,7,CMA,Ad Hoc CMA,SGSIN-IDSRG-IDSUB-SGSIN,Singapore-Semarang-Surabaya-Singapore,Ad Hoc,0,0,0,0,0,0,0.0,0,0,INTERNATIONAL,TOP SERVICES
755.0,2023-07-10 00:00:00,2023,7,ANL,APR,MYKLA-SGSIN-IDJKT-IDSUB-PGLAE-PGKIM-PGMTK- AUTSV-MYKLA,Port Klang-Singapore-Jakarta-Surabaya-Lae-Kimbe-Motukea Island- Townsville-Port Klang,Direct,1,11,19,0.9,35,48,0.0,35,48,INTERNATIONAL,TOP SERVICES
756.0,2023-07-11 00:00:00,2023,7,ANL,PAX,SGSIN-IDSUB-TLDIL-AUDRW-SGSIN,Singapore-Surabaya-Dili-Darwin-Singapore,Direct,4,12,43,0.8,38,50,0.75,153,199,INTERNATIONAL,TOP SERVICES
757.0,2023-07-12 00:00:00,2023,7,BEN,ETS/SDD,SGSIN-IDSUB-TLDIL,Singapore-Surabaya-Dili,Direct,2,26,24,1.4,187,279,1.0,373,558,INTERNATIONAL,TOP SERVICES
758.0,2023-07-13 00:00:00,2023,7,LMA,ETS/SDD,SGSIN-IDSUB-TLDIL,Singapore-Surabaya-Dili,Direct,1,17,22,1.6,79,130,1.0,79,130,INTERNATIONAL,TOP SERVICES
759.0,2023-07-14 00:00:00,2023,7,MSC,Seahorse,CNSGH-CNNBO-THLCH-MYKLA-SGSIN-IDSUB-IDJKT-MYTPP-CNQZH-HKHKG-CNSGH,Shanghai-Ningbo-Laem Chabang-Port Klang-Singapore-Surabaya-Jakarta-Tanjung Pelepas-Qinzhou-Hongkong-Shanghai,Direct,5,51,23,2.4,1048,1548,0.8,5238,7739,INTERNATIONAL,TOP SERVICES
760.0,2023-07-15 00:00:00,2023,7,TSL,KCI,IDJKT-IDSUB-CNSHK-CNXAM-KRPUS-CNQIN-CNSGH-CNNBO-IDJKT,Jakarta-Surabaya-Shekou-Xiamen-Pusan-Qingdao-Shanghai-Ningbo-Jakarta,Direct,0,0,0,0,0,0,,0,0,INTERNATIONAL,TOP SERVICES
761.0,2023-07-16 00:00:00,2023,7,COS,JSS,SGSIN-IDSRG-IDSUB-SGSIN,Singapore-Semarang-Surabaya-Singapore,Feeder,0,0,0,0,0,0,0.0,0,0,INTERNATIONAL,TOP SERVICES
762.0,2023-07-17 00:00:00,2023,7,NSS,KCI,IDJKT-IDSUB-CNSHK-CNXAM-KRPUS-CNQIN-CNSGH-CNNBO-IDJKT,Jakarta-Surabaya-Shekou-Xiamen-Pusan-Qingdao-Shanghai-Ningbo-Jakarta,Direct,0,0,0,0,0,0,0.0,0,0,INTERNATIONAL,TOP SERVICES
763.0,2023-07-18 00:00:00,2023,7,MPN,MPN AD HOC,,,,0,0,0,0,0,0,0.0,0,0,INTERNATIONAL,TOP SERVICES
764.0,2023-08-01 00:00:00,2023,8,COS,GMI,IDJKT-IDSUB-SGSIN-MYPGU-SGSIN-MYKLA,Jakarta-Surabaya-Singapore-Pasir Gudang-Singapore-Port Kelang West,Feeder,2,29,24,1.6,203,292,0.0,405,583,INTERNATIONAL,TOP SERVICES
765.0,2023-08-02 00:00:00,2023,8,COS,SSS-SAT,SGSIN-IDSUB-SGSIN,Singapore-Surabaya-Singapore,Feeder,0,0,0,0,0,0,0.0,0,0,INTERNATIONAL,TOP SERVICES
766.0,2023-08-03 00:00:00,2023,8,COS,SSS-WED,SGSIN-IDSUB-SGSIN,Singapore-Surabaya-Singapore,Feeder,3,78,31,2.7,1782,2537,0.0,5345,7612,INTERNATIONAL,TOP SERVICES
767.0,2023-08-04 00:00:00,2023,8,GSL,ITS,MYKLA-SGSIN-IDSRG-IDSUB-MYKLA- SGSIN-THBKK THSCS-THLCH,Port Klang-Singapore-Semarang-Surabaya-Port Klang- Singapore-Bangkok Sahathai Terminal-Laem Chabang,Feeder,2,56,28,2.2,920,1303,0.0,1839,2605,INTERNATIONAL,TOP SERVICES
768.0,2023-08-05 00:00:00,2023,8,EMC,CIT,CNNBO-CNSGH-HKHKG (Zhujiang)-CNSHK-IDSUB-IDSRG-IDJKT-SGSIN-THLCH-HKHKG-CNNBO,Ningbo-Shanghai-Hong Kong (Zhujiang)-Shekou-Surabaya-Semarang-Jakarta-Singapore-Laemchabang-Hong Kong-Ningbo,Direct,4,28,59,2.3,612,921,1.0,2447,3685,INTERNATIONAL,TOP SERVICES
769.0,2023-08-06 00:00:00,2023,8,EMC,JPI-A,JPYOK-JPTYO-JPSMZ-JPNGO-JPUKB-TWTPE-TWKHH-PHMNL South-IDSUB-IDJKT-MYTPP-MYBTU-TWKHH,Yokohama-Tokyo-Shimizu-Nagoya-Kobe-Taipei-Kaohsiung-Manila South-Surabaya-Jakarta-Tanjung Pelepas-Bintulu-Kaohsiung,Direct,5,57,29,2.1,757,1112,0.2,3787,5561,INTERNATIONAL,TOP SERVICES
770.0,2023-08-07 00:00:00,2023,8,EMC,JPI-B,CNSHK-HKHKG-IDJKT-IDSRG-IDSUB-PHMNL South-TWKHH-TWTPE-JPYOK,Shekou-Hong Kong-Jakarta-Semarang-Surabaya-Manila South-Kaohsiung-Taipei-Yokohama,Direct,5,50,27,2.1,611,984,0.4,3057,4918,INTERNATIONAL,TOP SERVICES
771.0,2023-08-08 00:00:00,2023,8,EMC,TMI,IDSUB-IDSRG-MYTPP-THLCH,Surabaya-Semarang-Tanjung Pelepas-Laemchabang,Feeder,0,0,0,0,0,0,0.0,0,0,INTERNATIONAL,TOP SERVICES
772.0,2023-08-09 00:00:00,2023,8,EMC,VMI,VNHPH-VNSGN-MYKLA West Port-MYTPP-IDJKT-IDSRG-IDSUB,Haipong-Ho Chi Minh City-Port Klang West Port-Tanjung Pelepas-Jakarta-Semarang-Surabaya,Direct,4,44,25,2,2038,2929,0.0,2038,2929,INTERNATIONAL,TOP SERVICES
773.0,2023-08-10 00:00:00,2023,8,KMT,CKI,KRPUS-KRKWA-CNSGH-CNNBO-HKHKG-IDJKT-IDSUB-VNSGN VNCLI-CNNBO-CNSGH-KRPUS,Pusan-Kwangyang-Shanghai-Ningbo-Hongkong-Jakarta-Surabaya-Hochiminh Cat Lai-Ningbo-Shanghai-Pusan,Direct,3,65,31,2.3,665,932,0.33,1995,2796,INTERNATIONAL,TOP SERVICES
774.0,2023-08-11 00:00:00,2023,8,KAL,Ad Hoc KRL,Various route,Various route,Ad Hoc,0,0,0,0,0,0,0.0,0,0,INTERNATIONAL,TOP SERVICES
775.0,2023-08-12 00:00:00,2023,8,LMA,Ad Hoc MKP,Various route,Various route,Ad Hoc,1,32,26,2,269,326,0.0,0,0,INTERNATIONAL,TOP SERVICES
776.0,2023-08-13 00:00:00,2023,8,KSL,KPG,IDJKT-IDSUB-MYKLA West-INNSA-AEJEA-LKCMB-SADMM-PKKHI-INMUN,Jakarta-Surabaya-Port Klang West-Nhava Sheva-Jebel Ali-Colomba-Dammam-Karachi-Mundra,Direct,0,0,0,0,0,0,0.0,0,0,INTERNATIONAL,TOP SERVICES
777.0,2023-08-14 00:00:00,2023,8,MSC,NEW JAVA F,SGSIN-MYTPP-IDJKT-IDSUB-SGSIN,Singapore-Tanjung Pelepas-Jakarta-Surabaya-Singapore,Feeder,0,0,0,0,0,0,0.0,0,0,INTERNATIONAL,TOP SERVICES
778.0,2023-08-15 00:00:00,2023,8,MSC,NEW JAVA T,SGSIN-MYTPP-IDSRG-IDSUB,Singapore-Tanjung Pelepas-Semarang-Surabaya,Feeder,0,0,0,0,0,0,0.0,0,0,INTERNATIONAL,TOP SERVICES
779.0,2023-08-16 00:00:00,2023,8,MSC,DOLPHIN,CNSGH-CNNBO-CNXAM-MYTPP-SGSIN-IDJKT-IDSUB-MYTPP-SGSIN-THLCH-VNVUT-CNSGH,Shanghai-Ningbo-Xiamen-Tanjung Pelepas-Singapore-Jakarta-Surabaya-Tanjung Pelepas-Singapore-Laem Chabang-Vung Tau-Shanghai,Direct,7,52,27,2.4,692,1050,1.0,4844,7348,INTERNATIONAL,TOP SERVICES
780.0,2023-08-17 00:00:00,2023,8,MSK,IA-8,CNSGH-CNTXG-CNQIN-TWKEL-SGSIN-MYTPP-IDJKT-IDSUB-PHDVO-CNSGH,Shanghai-Xingang-Qingdao-Keelung-Singapore-Tanjung Pelepas-Jakarta-Surabaya-Davao-Shanghai,Direct,4,98,33,3.2,2322,3648,0.75,9286,14590,INTERNATIONAL,TOP SERVICES
781.0,2023-08-18 00:00:00,2023,8,ONE,CS 2,HKHKG–CNNSH–CNSHK–IDSUB–IDSRG– IDJKT–MYKLA (North)–MYKLA (West)– HKHKG,HongKong–Nansha–Shekou–Surabaya–Semarang– Jakarta–Port Klang (North)–Port Klang (West)– HongKong,Direct,2,51,30,2.2,790,1266,0.5,1579,2532,INTERNATIONAL,TOP SERVICES
782.0,2023-08-19 00:00:00,2023,8,ONE,KCI,IDJKT-IDSUB-CNSHK-CNXAM-KRPUS-CNQIN-CNSGH-CNNBO-IDJKT,Jakarta-Surabaya-Shekou-Xiamen-Pusan-Qingdao-Shanghai-Ningbo-Jakarta,Direct,0,0,0,0,0,0,0.0,0,0,INTERNATIONAL,TOP SERVICES
783.0,2023-08-20 00:00:00,2023,8,OOL,ITS,MYKLA-SGSIN-IDSRG-IDSUB-MYKLA- SGSIN-THBKK THSCS-THLCH,Port Klang-Singapore-Semarang-Surabaya-Port Klang- Singapore-Bangkok Sahathai Terminal-Laem Chabang,Feeder,2,48,21,2.5,861,1227,1.0,1721,2453,INTERNATIONAL,TOP SERVICES
784.0,2023-08-21 00:00:00,2023,8,PIL,SSE,SGSIN-IDSUB-SGSIN,Singapore-Surabaya-Singapore,Feeder,0,0,0,0,0,0,0.0,0,0,INTERNATIONAL,TOP SERVICES
785.0,2023-08-22 00:00:00,2023,8,PIL,SUS,0,0,0,0,0,0,0,0,0,0.0,0,0,INTERNATIONAL,TOP SERVICES
786.0,2023-08-23 00:00:00,2023,8,RCL,RMI3,SGSIN-IDSUB-SGSIN-MYKLA-MYNTL-MYKLA-SGSIN,Singapore-Surabaya-Singapore-Port Klang-Penang-Port Klang-Singapore,Feeder,0,0,0,0,0,0,0.0,0,0,INTERNATIONAL,TOP SERVICES
787.0,2023-08-24 00:00:00,2023,8,SIT,CMI,IDJKT-IDSRG-IDSUB-IDMAK-PHBTG-CNSGH-CNXAM-CNSHK-CNNSH-MYBTU-IDJKT,Jakarta-Semarang-Surabaya-Makassar-Batangas-Shanghai-Xiamen-Shekou-Nansha-Bintulu-Jakarta,Direct,4,32,24,1.5,405,633,0.75,1619,2531,INTERNATIONAL,TOP SERVICES
788.0,2023-08-25 00:00:00,2023,8,SIT,CMI2,CNSHK-CNNSH-VNSGN-IDJKT-IDSRG- IDSUB-MYBTU-CNQGS-CNSHK,Shekou-Nansha-Hochiminh-Jakarta-Semarang- Surabaya-Bintulu-Qinzhao-Shekou,Direct,0,0,0,0,0,0,0.0,0,0,INTERNATIONAL,TOP SERVICES
789.0,2023-08-26 00:00:00,2023,8,SIT,KCI,IDJKT-IDSUB-CNSHK-CNXAM-KRPUS-CNQIN-CNSGH-CNNBO-IDJKT,Jakarta-Surabaya-Shekou-Xiamen-Pusan-Qingdao-Shanghai-Ningbo-Jakarta,,0,0,0,0,0,0,0.0,0,0,INTERNATIONAL,TOP SERVICES
790.0,2023-08-27 00:00:00,2023,8,SSL,SSS-SAT,SGSIN-IDSUB-SGSIN,Singapore-Surabaya-Singapore,Feeder,5,77,33,2.5,1705,2575,0.4,8526,12874,INTERNATIONAL,TOP SERVICES
791.0,2023-08-28 00:00:00,2023,8,SSL,SSS-WED,SGSIN-IDSUB-SGSIN,Singapore-Surabaya-Singapore,Feeder,1,0,0,0,0,0,0.0,1535,2354,INTERNATIONAL,TOP SERVICES
792.0,2023-08-29 00:00:00,2023,8,SSL,SSE,SGSIN-IDSUB-SGSIN,Singapore-Surabaya-Singapore,Feeder,0,0,0,0,0,0,0.0,0,0,INTERNATIONAL,TOP SERVICES
793.0,2023-08-30 00:00:00,2023,8,WHL,CS 2,HKHKG–CNNSH–CNSHK–IDSUB–IDSRG– IDJKT–MYKLA (North)–MYKLA (West)– HKHKG,HongKong–Nansha–Shekou–Surabaya–Semarang– Jakarta–Port Klang (North)–Port Klang (West)– HongKong,Direct,1,78,34,2.5,1242,1756,0.0,1242,1756,INTERNATIONAL,TOP SERVICES
794.0,2023-08-31 00:00:00,2023,8,WHL,TPI,IDJKT-IDSRG-IDSUB-TWKHH-TWTXG-TWKHH-TWTPE,Jakarta-Semarang-Surabaya-Kaohsiung-Taichung-Kaohsiung-Taipei,Direct,4,34,18,2.1,802,1205,0.0,3206,4819,INTERNATIONAL,TOP SERVICES
795.0,2023-08-01 00:00:00,2023,8,WHL,Ad Hoc WHL,Various route,Various route,Ad Hoc,0,0,0,0,0,0,0.0,0,0,INTERNATIONAL,TOP SERVICES
796.0,2023-08-02 00:00:00,2023,8,WHL,C18,IDSUB-SGSIN-MYKLA- INMUN-INNSA,Surabaya-Singapore-Port Klang- Mundra-Nhava Sheva,Direct,0,0,0,0,0,0,0.0,0,0,INTERNATIONAL,TOP SERVICES
797.0,2023-08-03 00:00:00,2023,8,XCL,SSX,SGSIN-IDSUB-SGSIN,Singapore-Surabaya-Singapore,Feeder,0,0,0,0,0,0,0.0,0,0,INTERNATIONAL,TOP SERVICES
798.0,2023-08-04 00:00:00,2023,8,YML,ITS,MYKLA-SGSIN-IDSRG-IDSUB-MYKLA- SGSIN-THBKK THSCS-THLCH,Port Klang-Singapore-Semarang-Surabaya-Port Klang- Singapore-Bangkok Sahathai Terminal-Laem Chabang,Feeder,2,50,24,2.2,812,1192,1.0,1624,2383,INTERNATIONAL,TOP SERVICES
799.0,2023-08-05 00:00:00,2023,8,CMA,CHINA 1,CNSGH-CNNBO-CNSTG-CNSHK-IDJKT-IDSUB-PHMNL South-PHMNL North-CNSGH,Shanghai-Ningbo-Shantou-Shekou-Jakarta-Surabaya-Manila South-Manila North-Shanghai,Direct,4,56,26,2.5,665,988,0.0,2659,3950,INTERNATIONAL,TOP SERVICES
800.0,2023-08-06 00:00:00,2023,8,CMA,CS 2,HKHKG–CNNSH–CNSHK–IDSUB–IDSRG– IDJKT–MYKLA (North)–MYKLA (West)– HKHKG,HongKong–Nansha–Shekou–Surabaya–Semarang– Jakarta–Port Klang (North)–Port Klang (West)– HongKong,Direct,2,72,36,2.3,792,1143,0.5,1584,2286,INTERNATIONAL,TOP SERVICES
801.0,2023-08-07 00:00:00,2023,8,CMA,KCS,North South: CNLYG-CNQIN-CNNSH-MYTPP-SGSIN-IDJKT-IDSUB-PHDVO-CNSGH-CNDAL. East-West: CNYTN-CNNSH-CNCWN-HKHKG-PHMNL South-PHMNL North,North South: Lianyungang-Qingdao-Nansha-Port Kelang-Singapore-Jakarta-Surabaya-Davao-Shanghai-Dalian. East-West: Yantian-Nansha-Chiwan-Hongkong-Manila South-Manila North,Direct,4,75,28,2.9,1340,2242,0.0,5358,8969,INTERNATIONAL,TOP SERVICES
802.0,2023-08-08 00:00:00,2023,8,CMA,JSS,SGSIN-IDSRG-IDSUB-SGSIN,Singapore-Semarang-Surabaya-Singapore,Feeder,3,100,38,2.9,2089,3074,0.33,6266,9221,INTERNATIONAL,TOP SERVICES
803.0,2023-08-09 00:00:00,2023,8,CMA,Ad Hoc CMA,SGSIN-IDSRG-IDSUB-SGSIN,Singapore-Semarang-Surabaya-Singapore,Ad Hoc,0,0,0,0,0,0,0.0,0,0,INTERNATIONAL,TOP SERVICES
804.0,2023-08-10 00:00:00,2023,8,ANL,APR,MYKLA-SGSIN-IDJKT-IDSUB-PGLAE-PGKIM-PGMTK- AUTSV-MYKLA,Port Klang-Singapore-Jakarta-Surabaya-Lae-Kimbe-Motukea Island- Townsville-Port Klang,Direct,2,9,23,0.7,40,59,0.0,80,117,INTERNATIONAL,TOP SERVICES
805.0,2023-08-11 00:00:00,2023,8,ANL,PAX,SGSIN-IDSUB-TLDIL-AUDRW-SGSIN,Singapore-Surabaya-Dili-Darwin-Singapore,Direct,3,30,29,1.5,133,225,1.0,399,674,INTERNATIONAL,TOP SERVICES
806.0,2023-08-12 00:00:00,2023,8,BEN,ETS/SDD,SGSIN-IDSUB-TLDIL,Singapore-Surabaya-Dili,Direct,1,20,25,0.9,247,274,1.0,247,274,INTERNATIONAL,TOP SERVICES
807.0,2023-08-13 00:00:00,2023,8,LMA,ETS/SDD,SGSIN-IDSUB-TLDIL,Singapore-Surabaya-Dili,Direct,2,18,29,1,116,139,1.0,231,277,INTERNATIONAL,TOP SERVICES
808.0,2023-08-14 00:00:00,2023,8,MSC,Seahorse,CNSGH-CNNBO-THLCH-MYKLA-SGSIN-IDSUB-IDJKT-MYTPP-CNQZH-HKHKG-CNSGH,Shanghai-Ningbo-Laem Chabang-Port Klang-Singapore-Surabaya-Jakarta-Tanjung Pelepas-Qinzhou-Hongkong-Shanghai,Direct,4,76,31,2.7,1255,1910,0.75,5020,7639,INTERNATIONAL,TOP SERVICES
809.0,2023-08-15 00:00:00,2023,8,TSL,KCI,IDJKT-IDSUB-CNSHK-CNXAM-KRPUS-CNQIN-CNSGH-CNNBO-IDJKT,Jakarta-Surabaya-Shekou-Xiamen-Pusan-Qingdao-Shanghai-Ningbo-Jakarta,Direct,0,0,0,0,0,0,0.0,0,0,INTERNATIONAL,TOP SERVICES
810.0,2023-08-16 00:00:00,2023,8,COS,JSS,SGSIN-IDSRG-IDSUB-SGSIN,Singapore-Semarang-Surabaya-Singapore,Feeder,0,0,0,0,0,0,0.0,0,0,INTERNATIONAL,TOP SERVICES
811.0,2023-08-17 00:00:00,2023,8,NSS,KCI,IDJKT-IDSUB-CNSHK-CNXAM-KRPUS-CNQIN-CNSGH-CNNBO-IDJKT,Jakarta-Surabaya-Shekou-Xiamen-Pusan-Qingdao-Shanghai-Ningbo-Jakarta,Direct,0,0,0,0,0,0,0.0,0,0,INTERNATIONAL,TOP SERVICES
812.0,2023-08-18 00:00:00,2023,8,MPN,MPN AD HOC,,,,0,0,0,0,0,0,0.0,0,0,INTERNATIONAL,TOP SERVICES
813.0,2023-09-01 00:00:00,2023,9,COS,GMI,IDJKT-IDSUB-SGSIN-MYPGU-SGSIN-MYKLA,Jakarta-Surabaya-Singapore-Pasir Gudang-Singapore-Port Kelang West,Feeder,2,76,27,3,2068,3010,0.5,4136,6019,INTERNATIONAL,TOP SERVICES
814.0,2023-09-02 00:00:00,2023,9,COS,SSS-SAT,SGSIN-IDSUB-SGSIN,Singapore-Surabaya-Singapore,Feeder,0,0,0,0,0,0,0.0,0,0,INTERNATIONAL,TOP SERVICES
815.0,2023-09-03 00:00:00,2023,9,COS,SSS-WED,SGSIN-IDSUB-SGSIN,Singapore-Surabaya-Singapore,Feeder,0,0,0,0,0,0,0.0,0,0,INTERNATIONAL,TOP SERVICES
816.0,2023-09-04 00:00:00,2023,9,GSL,ITS,MYKLA-SGSIN-IDSRG-IDSUB-MYKLA- SGSIN-THBKK THSCS-THLCH,Port Klang-Singapore-Semarang-Surabaya-Port Klang- Singapore-Bangkok Sahathai Terminal-Laem Chabang,Feeder,2,51,22,2.5,990,1454,0.5,1980,2908,INTERNATIONAL,TOP SERVICES
817.0,2023-09-05 00:00:00,2023,9,EMC,CIT,CNNBO-CNSGH-HKHKG (Zhujiang)-CNSHK-IDSUB-IDSRG-IDJKT-SGSIN-THLCH-HKHKG-CNNBO,Ningbo-Shanghai-Hong Kong (Zhujiang)-Shekou-Surabaya-Semarang-Jakarta-Singapore-Laemchabang-Hong Kong-Ningbo,Direct,4,61,31,2.4,617,973,1.0,2467,3892,INTERNATIONAL,TOP SERVICES
818.0,2023-09-06 00:00:00,2023,9,EMC,JPI-A,JPYOK-JPTYO-JPSMZ-JPNGO-JPUKB-TWTPE-TWKHH-PHMNL South-IDSUB-IDJKT-MYTPP-MYBTU-TWKHH,Yokohama-Tokyo-Shimizu-Nagoya-Kobe-Taipei-Kaohsiung-Manila South-Surabaya-Jakarta-Tanjung Pelepas-Bintulu-Kaohsiung,Direct,4,60,30,2.2,729,1160,0.25,2917,4641,INTERNATIONAL,TOP SERVICES
819.0,2023-09-07 00:00:00,2023,9,EMC,JPI-B,CNSHK-HKHKG-IDJKT-IDSRG-IDSUB-PHMNL South-TWKHH-TWTPE-JPYOK,Shekou-Hong Kong-Jakarta-Semarang-Surabaya-Manila South-Kaohsiung-Taipei-Yokohama,Direct,4,47,24,2.3,649,1055,0.25,2596,4220,INTERNATIONAL,TOP SERVICES
820.0,2023-09-08 00:00:00,2023,9,EMC,TMI,IDSUB-IDSRG-MYTPP-THLCH,Surabaya-Semarang-Tanjung Pelepas-Laemchabang,Feeder,1,49,24,2.3,553,785,1.0,553,785,INTERNATIONAL,TOP SERVICES
821.0,2023-09-09 00:00:00,2023,9,EMC,VMI,VNHPH-VNSGN-MYKLA West Port-MYTPP-IDJKT-IDSRG-IDSUB,Haipong-Ho Chi Minh City-Port Klang West Port-Tanjung Pelepas-Jakarta-Semarang-Surabaya,Direct,3,42,26,2,1733,2548,0.0,1733,2548,INTERNATIONAL,TOP SERVICES
822.0,2023-09-10 00:00:00,2023,9,KMT,CKI,KRPUS-KRKWA-CNSGH-CNNBO-HKHKG-IDJKT-IDSUB-VNSGN VNCLI-CNNBO-CNSGH-KRPUS,Pusan-Kwangyang-Shanghai-Ningbo-Hongkong-Jakarta-Surabaya-Hochiminh Cat Lai-Ningbo-Shanghai-Pusan,Direct,2,37,18,2.2,653,991,0.0,1306,1982,INTERNATIONAL,TOP SERVICES
823.0,2023-09-11 00:00:00,2023,9,KAL,Ad Hoc KRL,Various route,Various route,Ad Hoc,0,0,0,0,0,0,0.0,0,0,INTERNATIONAL,TOP SERVICES
824.0,2023-09-12 00:00:00,2023,9,LMA,Ad Hoc MKP,Various route,Various route,Ad Hoc,1,32,26,2,269,326,,0,0,INTERNATIONAL,TOP SERVICES
825.0,2023-09-13 00:00:00,2023,9,KSL,KPG,IDJKT-IDSUB-MYKLA West-INNSA-AEJEA-LKCMB-SADMM-PKKHI-INMUN,Jakarta-Surabaya-Port Klang West-Nhava Sheva-Jebel Ali-Colomba-Dammam-Karachi-Mundra,Direct,0,0,0,0,0,0,0.0,0,0,INTERNATIONAL,TOP SERVICES
826.0,2023-09-14 00:00:00,2023,9,MSC,NEW JAVA F,SGSIN-MYTPP-IDJKT-IDSUB-SGSIN,Singapore-Tanjung Pelepas-Jakarta-Surabaya-Singapore,Feeder,0,0,0,0,0,0,0.0,0,0,INTERNATIONAL,TOP SERVICES
827.0,2023-09-15 00:00:00,2023,9,MSC,NEW JAVA T,SGSIN-MYTPP-IDSRG-IDSUB,Singapore-Tanjung Pelepas-Semarang-Surabaya,Feeder,0,0,0,0,0,0,0.0,0,0,INTERNATIONAL,TOP SERVICES
828.0,2023-09-16 00:00:00,2023,9,MSC,DOLPHIN,CNSGH-CNNBO-CNXAM-MYTPP-SGSIN-IDJKT-IDSUB-MYTPP-SGSIN-THLCH-VNVUT-CNSGH,Shanghai-Ningbo-Xiamen-Tanjung Pelepas-Singapore-Jakarta-Surabaya-Tanjung Pelepas-Singapore-Laem Chabang-Vung Tau-Shanghai,Direct,5,72,35,2.4,1152,1650,1.0,5759,8251,INTERNATIONAL,TOP SERVICES
829.0,2023-09-17 00:00:00,2023,9,MSK,IA-8,CNSGH-CNTXG-CNQIN-TWKEL-SGSIN-MYTPP-IDJKT-IDSUB-PHDVO-CNSGH,Shanghai-Xingang-Qingdao-Keelung-Singapore-Tanjung Pelepas-Jakarta-Surabaya-Davao-Shanghai,Direct,4,87,29,3.2,2736,4469,0.5,10944,17875,INTERNATIONAL,TOP SERVICES
830.0,2023-09-18 00:00:00,2023,9,ONE,CS 2,HKHKG–CNNSH–CNSHK–IDSUB–IDSRG– IDJKT–MYKLA (North)–MYKLA (West)– HKHKG,HongKong–Nansha–Shekou–Surabaya–Semarang– Jakarta–Port Klang (North)–Port Klang (West)– HongKong,Direct,1,77,39,2.3,783,1123,0.0,783,1123,INTERNATIONAL,TOP SERVICES
831.0,2023-09-19 00:00:00,2023,9,ONE,KCI,IDJKT-IDSUB-CNSHK-CNXAM-KRPUS-CNQIN-CNSGH-CNNBO-IDJKT,Jakarta-Surabaya-Shekou-Xiamen-Pusan-Qingdao-Shanghai-Ningbo-Jakarta,Direct,0,0,0,0,0,0,0.0,0,0,INTERNATIONAL,TOP SERVICES
832.0,2023-09-20 00:00:00,2023,9,OOL,ITS,MYKLA-SGSIN-IDSRG-IDSUB-MYKLA- SGSIN-THBKK THSCS-THLCH,Port Klang-Singapore-Semarang-Surabaya-Port Klang- Singapore-Bangkok Sahathai Terminal-Laem Chabang,Feeder,1,67,34,2.2,871,1221,1.0,871,1221,INTERNATIONAL,TOP SERVICES
833.0,2023-09-21 00:00:00,2023,9,PIL,SSE,SGSIN-IDSUB-SGSIN,Singapore-Surabaya-Singapore,Feeder,0,0,0,0,0,0,0.0,0,0,INTERNATIONAL,TOP SERVICES
834.0,2023-09-22 00:00:00,2023,9,PIL,SUS,0,0,0,0,0,0,0,0,0,0.0,0,0,INTERNATIONAL,TOP SERVICES
835.0,2023-09-23 00:00:00,2023,9,RCL,RMI3,SGSIN-IDSUB-SGSIN-MYKLA-MYNTL-MYKLA-SGSIN,Singapore-Surabaya-Singapore-Port Klang-Penang-Port Klang-Singapore,Feeder,0,0,0,0,0,0,0.0,0,0,INTERNATIONAL,TOP SERVICES
836.0,2023-09-24 00:00:00,2023,9,SIT,CMI,IDJKT-IDSRG-IDSUB-IDMAK-PHBTG-CNSGH-CNXAM-CNSHK-CNNSH-MYBTU-IDJKT,Jakarta-Semarang-Surabaya-Makassar-Batangas-Shanghai-Xiamen-Shekou-Nansha-Bintulu-Jakarta,Direct,5,36,23,1.8,447,687,0.6,2236,3434,INTERNATIONAL,TOP SERVICES
837.0,2023-09-25 00:00:00,2023,9,SIT,CMI2,CNSHK-CNNSH-VNSGN-IDJKT-IDSRG- IDSUB-MYBTU-CNQGS-CNSHK,Shekou-Nansha-Hochiminh-Jakarta-Semarang- Surabaya-Bintulu-Qinzhao-Shekou,Direct,0,0,0,0,0,0,0.0,0,0,INTERNATIONAL,TOP SERVICES
838.0,2023-09-26 00:00:00,2023,9,SIT,KCI,IDJKT-IDSUB-CNSHK-CNXAM-KRPUS-CNQIN-CNSGH-CNNBO-IDJKT,Jakarta-Surabaya-Shekou-Xiamen-Pusan-Qingdao-Shanghai-Ningbo-Jakarta,,0,0,0,0,0,0,0.0,0,0,INTERNATIONAL,TOP SERVICES
839.0,2023-09-27 00:00:00,2023,9,SSL,SSS-SAT,SGSIN-IDSUB-SGSIN,Singapore-Surabaya-Singapore,Feeder,4,79,29,2.8,1875,2771,0.5,7498,11083,INTERNATIONAL,TOP SERVICES
840.0,2023-09-28 00:00:00,2023,9,SSL,SSS-WED,SGSIN-IDSUB-SGSIN,Singapore-Surabaya-Singapore,Feeder,4,0,0,0,0,0,0.0,6558,9454,INTERNATIONAL,TOP SERVICES
841.0,2023-09-29 00:00:00,2023,9,SSL,SSE,SGSIN-IDSUB-SGSIN,Singapore-Surabaya-Singapore,Feeder,0,0,0,0,0,0,0.0,0,0,INTERNATIONAL,TOP SERVICES
842.0,2023-09-30 00:00:00,2023,9,WHL,CS 2,HKHKG–CNNSH–CNSHK–IDSUB–IDSRG– IDJKT–MYKLA (North)–MYKLA (West)– HKHKG,HongKong–Nansha–Shekou–Surabaya–Semarang– Jakarta–Port Klang (North)–Port Klang (West)– HongKong,Direct,2,51,24,2.4,784,1218,1.0,1567,2435,INTERNATIONAL,TOP SERVICES
843.0,2023-09-01 00:00:00,2023,9,WHL,TPI,IDJKT-IDSRG-IDSUB-TWKHH-TWTXG-TWKHH-TWTPE,Jakarta-Semarang-Surabaya-Kaohsiung-Taichung-Kaohsiung-Taipei,Direct,4,48,24,2.2,840,1295,0.25,3361,5180,INTERNATIONAL,TOP SERVICES
844.0,2023-09-02 00:00:00,2023,9,WHL,Ad Hoc WHL,Various route,Various route,Ad Hoc,0,0,0,0,0,0,0.0,0,0,INTERNATIONAL,TOP SERVICES
845.0,2023-09-03 00:00:00,2023,9,WHL,C18,IDSUB-SGSIN-MYKLA- INMUN-INNSA,Surabaya-Singapore-Port Klang- Mundra-Nhava Sheva,Direct,0,0,0,0,0,0,0.0,0,0,INTERNATIONAL,TOP SERVICES
846.0,2023-09-04 00:00:00,2023,9,XCL,SSX,SGSIN-IDSUB-SGSIN,Singapore-Surabaya-Singapore,Feeder,0,0,0,0,0,0,0.0,0,0,INTERNATIONAL,TOP SERVICES
847.0,2023-09-05 00:00:00,2023,9,YML,ITS,MYKLA-SGSIN-IDSRG-IDSUB-MYKLA- SGSIN-THBKK THSCS-THLCH,Port Klang-Singapore-Semarang-Surabaya-Port Klang- Singapore-Bangkok Sahathai Terminal-Laem Chabang,Feeder,1,58,29,2.2,812,1186,1.0,812,1186,INTERNATIONAL,TOP SERVICES
848.0,2023-09-06 00:00:00,2023,9,CMA,CHINA 1,CNSGH-CNNBO-CNSTG-CNSHK-IDJKT-IDSUB-PHMNL South-PHMNL North-CNSGH,Shanghai-Ningbo-Shantou-Shekou-Jakarta-Surabaya-Manila South-Manila North-Shanghai,Direct,4,49,25,2.2,648,923,0.25,2591,3693,INTERNATIONAL,TOP SERVICES
849.0,2023-09-07 00:00:00,2023,9,CMA,CS 2,HKHKG–CNNSH–CNSHK–IDSUB–IDSRG– IDJKT–MYKLA (North)–MYKLA (West)– HKHKG,HongKong–Nansha–Shekou–Surabaya–Semarang– Jakarta–Port Klang (North)–Port Klang (West)– HongKong,Direct,1,69,36,2.2,868,1251,0.0,868,1251,INTERNATIONAL,TOP SERVICES
850.0,2023-09-08 00:00:00,2023,9,CMA,KCS,North South: CNLYG-CNQIN-CNNSH-MYTPP-SGSIN-IDJKT-IDSUB-PHDVO-CNSGH-CNDAL. East-West: CNYTN-CNNSH-CNCWN-HKHKG-PHMNL South-PHMNL North,North South: Lianyungang-Qingdao-Nansha-Port Kelang-Singapore-Jakarta-Surabaya-Davao-Shanghai-Dalian. East-West: Yantian-Nansha-Chiwan-Hongkong-Manila South-Manila North,Direct,4,76,31,2.8,1131,1933,0.0,4522,7730,INTERNATIONAL,TOP SERVICES
851.0,2023-09-09 00:00:00,2023,9,CMA,JSS,SGSIN-IDSRG-IDSUB-SGSIN,Singapore-Semarang-Surabaya-Singapore,Feeder,2,104,35,3,2639,3992,0.0,5277,7983,INTERNATIONAL,TOP SERVICES
852.0,2023-09-10 00:00:00,2023,9,CMA,Ad Hoc CMA,SGSIN-IDSRG-IDSUB-SGSIN,Singapore-Semarang-Surabaya-Singapore,Ad Hoc,0,0,0,0,0,0,0.0,0,0,INTERNATIONAL,TOP SERVICES
853.0,2023-09-11 00:00:00,2023,9,ANL,APR,MYKLA-SGSIN-IDJKT-IDSUB-PGLAE-PGKIM-PGMTK- AUTSV-MYKLA,Port Klang-Singapore-Jakarta-Surabaya-Lae-Kimbe-Motukea Island- Townsville-Port Klang,Direct,2,12,18,1.1,43,58,0.0,85,115,INTERNATIONAL,TOP SERVICES
854.0,2023-09-12 00:00:00,2023,9,ANL,PAX,SGSIN-IDSUB-TLDIL-AUDRW-SGSIN,Singapore-Surabaya-Dili-Darwin-Singapore,Direct,5,22,25,1.1,110,185,0.8,550,923,INTERNATIONAL,TOP SERVICES
855.0,2023-09-13 00:00:00,2023,9,BEN,ETS/SDD,SGSIN-IDSUB-TLDIL,Singapore-Surabaya-Dili,Direct,2,24,25,1.2,165,215,0.5,329,430,INTERNATIONAL,TOP SERVICES
856.0,2023-09-14 00:00:00,2023,9,LMA,ETS/SDD,SGSIN-IDSUB-TLDIL,Singapore-Surabaya-Dili,Direct,1,15,20,1,137,193,1.0,137,193,INTERNATIONAL,TOP SERVICES
857.0,2023-09-15 00:00:00,2023,9,MSC,Seahorse,CNSGH-CNNBO-THLCH-MYKLA-SGSIN-IDSUB-IDJKT-MYTPP-CNQZH-HKHKG-CNSGH,Shanghai-Ningbo-Laem Chabang-Port Klang-Singapore-Surabaya-Jakarta-Tanjung Pelepas-Qinzhou-Hongkong-Shanghai,Direct,5,65,26,2.7,1282,1824,0.4,6408,9122,INTERNATIONAL,TOP SERVICES
858.0,2023-09-16 00:00:00,2023,9,TSL,KCI,IDJKT-IDSUB-CNSHK-CNXAM-KRPUS-CNQIN-CNSGH-CNNBO-IDJKT,Jakarta-Surabaya-Shekou-Xiamen-Pusan-Qingdao-Shanghai-Ningbo-Jakarta,Direct,0,0,0,0,0,0,0.0,0,0,INTERNATIONAL,TOP SERVICES
859.0,2023-09-17 00:00:00,2023,9,COS,JSS,SGSIN-IDSRG-IDSUB-SGSIN,Singapore-Semarang-Surabaya-Singapore,Feeder,0,0,0,0,0,0,0.0,0,0,INTERNATIONAL,TOP SERVICES
860.0,2023-09-18 00:00:00,2023,9,NSS,KCI,IDJKT-IDSUB-CNSHK-CNXAM-KRPUS-CNQIN-CNSGH-CNNBO-IDJKT,Jakarta-Surabaya-Shekou-Xiamen-Pusan-Qingdao-Shanghai-Ningbo-Jakarta,Direct,0,0,0,0,0,0,0.0,0,0,INTERNATIONAL,TOP SERVICES
861.0,2023-09-19 00:00:00,2023,9,MPN,MPN AD HOC,,,,0,0,0,0,0,0,0.0,0,0,INTERNATIONAL,TOP SERVICES
862.0,2023-10-01 00:00:00,2023,10,COS,GMI,IDJKT-IDSUB-SGSIN-MYPGU-SGSIN-MYKLA,Jakarta-Surabaya-Singapore-Pasir Gudang-Singapore-Port Kelang West,Feeder,0,0,0,0,0,0,0.0,0,0,INTERNATIONAL,TOP SERVICES
863.0,2023-10-02 00:00:00,2023,10,COS,SSS-SAT,SGSIN-IDSUB-SGSIN,Singapore-Surabaya-Singapore,Feeder,0,0,0,0,0,0,0.0,0,0,INTERNATIONAL,TOP SERVICES
864.0,2023-10-03 00:00:00,2023,10,COS,SSS-WED,SGSIN-IDSUB-SGSIN,Singapore-Surabaya-Singapore,Feeder,0,0,0,0,0,0,0.0,0,0,INTERNATIONAL,TOP SERVICES
865.0,2023-10-04 00:00:00,2023,10,GSL,ITS,MYKLA-SGSIN-IDSRG-IDSUB-MYKLA- SGSIN-THBKK THSCS-THLCH,Port Klang-Singapore-Semarang-Surabaya-Port Klang- Singapore-Bangkok Sahathai Terminal-Laem Chabang,Feeder,1,59,31,2.1,996,1431,0.0,996,1431,INTERNATIONAL,TOP SERVICES
866.0,2023-10-05 00:00:00,2023,10,EMC,CIT,CNNBO-CNSGH-HKHKG (Zhujiang)-CNSHK-IDSUB-IDSRG-IDJKT-SGSIN-THLCH-HKHKG-CNNBO,Ningbo-Shanghai-Hong Kong (Zhujiang)-Shekou-Surabaya-Semarang-Jakarta-Singapore-Laemchabang-Hong Kong-Ningbo,Direct,4,27,45,2,571,853,0.25,2285,3412,INTERNATIONAL,TOP SERVICES
867.0,2023-10-06 00:00:00,2023,10,EMC,JPI-A,JPYOK-JPTYO-JPSMZ-JPNGO-JPUKB-TWTPE-TWKHH-PHMNL South-IDSUB-IDJKT-MYTPP-MYBTU-TWKHH,Yokohama-Tokyo-Shimizu-Nagoya-Kobe-Taipei-Kaohsiung-Manila South-Surabaya-Jakarta-Tanjung Pelepas-Bintulu-Kaohsiung,Direct,5,66,29,2.5,756,1160,0.0,3782,5802,INTERNATIONAL,TOP SERVICES
868.0,2023-10-07 00:00:00,2023,10,EMC,JPI-B,CNSHK-HKHKG-IDJKT-IDSRG-IDSUB-PHMNL South-TWKHH-TWTPE-JPYOK,Shekou-Hong Kong-Jakarta-Semarang-Surabaya-Manila South-Kaohsiung-Taipei-Yokohama,Direct,3,50,23,2.4,768,1213,0.0,2305,3638,INTERNATIONAL,TOP SERVICES
869.0,2023-10-08 00:00:00,2023,10,EMC,TMI,IDSUB-IDSRG-MYTPP-THLCH,Surabaya-Semarang-Tanjung Pelepas-Laemchabang,Feeder,0,0,0,0,0,0,0.0,0,0,INTERNATIONAL,TOP SERVICES
870.0,2023-10-09 00:00:00,2023,10,EMC,VMI,VNHPH-VNSGN-MYKLA West Port-MYTPP-IDJKT-IDSRG-IDSUB,Haipong-Ho Chi Minh City-Port Klang West Port-Tanjung Pelepas-Jakarta-Semarang-Surabaya,Direct,4,47,26,2,2505,3534,0.5,2505,3534,INTERNATIONAL,TOP SERVICES
871.0,2023-10-10 00:00:00,2023,10,KMT,CKI,KRPUS-KRKWA-CNSGH-CNNBO-HKHKG-IDJKT-IDSUB-VNSGN VNCLI-CNNBO-CNSGH-KRPUS,Pusan-Kwangyang-Shanghai-Ningbo-Hongkong-Jakarta-Surabaya-Hochiminh Cat Lai-Ningbo-Shanghai-Pusan,Direct,4,41,23,2,505,738,0.0,2019,2953,INTERNATIONAL,TOP SERVICES
872.0,2023-10-11 00:00:00,2023,10,KAL,Ad Hoc KRL,Various route,Various route,Ad Hoc,0,0,0,0,0,0,0.0,0,0,INTERNATIONAL,TOP SERVICES
873.0,2023-10-12 00:00:00,2023,10,LMA,Ad Hoc MKP,Various route,Various route,Ad Hoc,1,32,26,2,269,326,0.0,0,0,INTERNATIONAL,TOP SERVICES
874.0,2023-10-13 00:00:00,2023,10,KSL,KPG,IDJKT-IDSUB-MYKLA West-INNSA-AEJEA-LKCMB-SADMM-PKKHI-INMUN,Jakarta-Surabaya-Port Klang West-Nhava Sheva-Jebel Ali-Colomba-Dammam-Karachi-Mundra,Direct,0,0,0,0,0,0,0.0,0,0,INTERNATIONAL,TOP SERVICES
875.0,2023-10-14 00:00:00,2023,10,MSC,NEW JAVA F,SGSIN-MYTPP-IDJKT-IDSUB-SGSIN,Singapore-Tanjung Pelepas-Jakarta-Surabaya-Singapore,Feeder,0,0,0,0,0,0,0.0,0,0,INTERNATIONAL,TOP SERVICES
876.0,2023-10-15 00:00:00,2023,10,MSC,NEW JAVA T,SGSIN-MYTPP-IDSRG-IDSUB,Singapore-Tanjung Pelepas-Semarang-Surabaya,Feeder,0,0,0,0,0,0,0.0,0,0,INTERNATIONAL,TOP SERVICES
877.0,2023-10-16 00:00:00,2023,10,MSC,DOLPHIN,CNSGH-CNNBO-CNXAM-MYTPP-SGSIN-IDJKT-IDSUB-MYTPP-SGSIN-THLCH-VNVUT-CNSGH,Shanghai-Ningbo-Xiamen-Tanjung Pelepas-Singapore-Jakarta-Surabaya-Tanjung Pelepas-Singapore-Laem Chabang-Vung Tau-Shanghai,Direct,6,54,25,2.5,911,1365,0.17,5465,8190,INTERNATIONAL,TOP SERVICES
878.0,2023-10-17 00:00:00,2023,10,MSK,IA-8,CNSGH-CNTXG-CNQIN-TWKEL-SGSIN-MYTPP-IDJKT-IDSUB-PHDVO-CNSGH,Shanghai-Xingang-Qingdao-Keelung-Singapore-Tanjung Pelepas-Jakarta-Surabaya-Davao-Shanghai,Direct,6,73,29,2.6,2170,3582,0.83,13019,21494,INTERNATIONAL,TOP SERVICES
879.0,2023-10-18 00:00:00,2023,10,ONE,CS 2,HKHKG–CNNSH–CNSHK–IDSUB–IDSRG– IDJKT–MYKLA (North)–MYKLA (West)– HKHKG,HongKong–Nansha–Shekou–Surabaya–Semarang– Jakarta–Port Klang (North)–Port Klang (West)– HongKong,Direct,0,0,0,0,0,0,0.0,0,0,INTERNATIONAL,TOP SERVICES
880.0,2023-10-19 00:00:00,2023,10,ONE,KCI,IDJKT-IDSUB-CNSHK-CNXAM-KRPUS-CNQIN-CNSGH-CNNBO-IDJKT,Jakarta-Surabaya-Shekou-Xiamen-Pusan-Qingdao-Shanghai-Ningbo-Jakarta,Direct,0,0,0,0,0,0,0.0,0,0,INTERNATIONAL,TOP SERVICES
881.0,2023-10-20 00:00:00,2023,10,OOL,ITS,MYKLA-SGSIN-IDSRG-IDSUB-MYKLA- SGSIN-THBKK THSCS-THLCH,Port Klang-Singapore-Semarang-Surabaya-Port Klang- Singapore-Bangkok Sahathai Terminal-Laem Chabang,Feeder,2,53,23,2.6,872,1278,1.0,1744,2556,INTERNATIONAL,TOP SERVICES
882.0,2023-10-21 00:00:00,2023,10,PIL,SSE,SGSIN-IDSUB-SGSIN,Singapore-Surabaya-Singapore,Feeder,0,0,0,0,0,0,0.0,0,0,INTERNATIONAL,TOP SERVICES
883.0,2023-10-22 00:00:00,2023,10,PIL,SUS,0,0,0,0,0,0,0,0,0,0.0,0,0,INTERNATIONAL,TOP SERVICES
884.0,2023-10-23 00:00:00,2023,10,RCL,RMI3,SGSIN-IDSUB-SGSIN-MYKLA-MYNTL-MYKLA-SGSIN,Singapore-Surabaya-Singapore-Port Klang-Penang-Port Klang-Singapore,Feeder,0,0,0,0,0,0,0.0,0,0,INTERNATIONAL,TOP SERVICES
885.0,2023-10-24 00:00:00,2023,10,SIT,CMI,IDJKT-IDSRG-IDSUB-IDMAK-PHBTG-CNSGH-CNXAM-CNSHK-CNNSH-MYBTU-IDJKT,Jakarta-Semarang-Surabaya-Makassar-Batangas-Shanghai-Xiamen-Shekou-Nansha-Bintulu-Jakarta,Direct,4,37,24,1.8,416,642,0.5,1664,2569,INTERNATIONAL,TOP SERVICES
886.0,2023-10-25 00:00:00,2023,10,SIT,CMI2,CNSHK-CNNSH-VNSGN-IDJKT-IDSRG- IDSUB-MYBTU-CNQGS-CNSHK,Shekou-Nansha-Hochiminh-Jakarta-Semarang- Surabaya-Bintulu-Qinzhao-Shekou,Direct,0,0,0,0,0,0,0.0,0,0,INTERNATIONAL,TOP SERVICES
887.0,2023-10-26 00:00:00,2023,10,SIT,KCI,IDJKT-IDSUB-CNSHK-CNXAM-KRPUS-CNQIN-CNSGH-CNNBO-IDJKT,Jakarta-Surabaya-Shekou-Xiamen-Pusan-Qingdao-Shanghai-Ningbo-Jakarta,,0,0,0,0,0,0,0.0,0,0,INTERNATIONAL,TOP SERVICES
888.0,2023-10-27 00:00:00,2023,10,SSL,SSS-SAT,SGSIN-IDSUB-SGSIN,Singapore-Surabaya-Singapore,Feeder,5,68,28,2.6,1799,2582,0.8,8996,12909,INTERNATIONAL,TOP SERVICES
889.0,2023-10-28 00:00:00,2023,10,SSL,SSS-WED,SGSIN-IDSUB-SGSIN,Singapore-Surabaya-Singapore,Feeder,4,0,0,0,0,0,0.0,7125,9969,INTERNATIONAL,TOP SERVICES
890.0,2023-10-29 00:00:00,2023,10,SSL,SSE,SGSIN-IDSUB-SGSIN,Singapore-Surabaya-Singapore,Feeder,0,0,0,0,0,0,0.0,0,0,INTERNATIONAL,TOP SERVICES
891.0,2023-10-30 00:00:00,2023,10,WHL,CS 2,HKHKG–CNNSH–CNSHK–IDSUB–IDSRG– IDJKT–MYKLA (North)–MYKLA (West)– HKHKG,HongKong–Nansha–Shekou–Surabaya–Semarang– Jakarta–Port Klang (North)–Port Klang (West)– HongKong,Direct,0,0,0,0,0,0,0.0,0,0,INTERNATIONAL,TOP SERVICES
892.0,2023-10-31 00:00:00,2023,10,WHL,TPI,IDJKT-IDSRG-IDSUB-TWKHH-TWTXG-TWKHH-TWTPE,Jakarta-Semarang-Surabaya-Kaohsiung-Taichung-Kaohsiung-Taipei,Direct,5,39,19,2.2,956,1369,0.4,4778,6843,INTERNATIONAL,TOP SERVICES
893.0,2023-10-01 00:00:00,2023,10,WHL,Ad Hoc WHL,Various route,Various route,Ad Hoc,0,0,0,0,0,0,0.0,0,0,INTERNATIONAL,TOP SERVICES
894.0,2023-10-02 00:00:00,2023,10,WHL,C18,IDSUB-SGSIN-MYKLA- INMUN-INNSA,Surabaya-Singapore-Port Klang- Mundra-Nhava Sheva,Direct,0,0,0,0,0,0,0.0,0,0,INTERNATIONAL,TOP SERVICES
895.0,2023-10-03 00:00:00,2023,10,XCL,SSX,SGSIN-IDSUB-SGSIN,Singapore-Surabaya-Singapore,Feeder,0,0,0,0,0,0,0.0,0,0,INTERNATIONAL,TOP SERVICES
896.0,2023-10-04 00:00:00,2023,10,YML,ITS,MYKLA-SGSIN-IDSRG-IDSUB-MYKLA- SGSIN-THBKK THSCS-THLCH,Port Klang-Singapore-Semarang-Surabaya-Port Klang- Singapore-Bangkok Sahathai Terminal-Laem Chabang,Feeder,2,47,23,2.2,822,1186,1.0,1644,2371,INTERNATIONAL,TOP SERVICES
897.0,2023-10-05 00:00:00,2023,10,CMA,CHINA 1,CNSGH-CNNBO-CNSTG-CNSHK-IDJKT-IDSUB-PHMNL South-PHMNL North-CNSGH,Shanghai-Ningbo-Shantou-Shekou-Jakarta-Surabaya-Manila South-Manila North-Shanghai,Direct,3,59,30,2.2,816,1258,0.0,2447,3775,INTERNATIONAL,TOP SERVICES
898.0,2023-10-06 00:00:00,2023,10,CMA,CS 2,HKHKG–CNNSH–CNSHK–IDSUB–IDSRG– IDJKT–MYKLA (North)–MYKLA (West)– HKHKG,HongKong–Nansha–Shekou–Surabaya–Semarang– Jakarta–Port Klang (North)–Port Klang (West)– HongKong,Direct,2,66,24,2.9,849,1291,0.5,1697,2581,INTERNATIONAL,TOP SERVICES
899.0,2023-10-07 00:00:00,2023,10,CMA,KCS,North South: CNLYG-CNQIN-CNNSH-MYTPP-SGSIN-IDJKT-IDSUB-PHDVO-CNSGH-CNDAL. East-West: CNYTN-CNNSH-CNCWN-HKHKG-PHMNL South-PHMNL North,North South: Lianyungang-Qingdao-Nansha-Port Kelang-Singapore-Jakarta-Surabaya-Davao-Shanghai-Dalian. East-West: Yantian-Nansha-Chiwan-Hongkong-Manila South-Manila North,Direct,3,62,23,2.9,1279,2150,0.0,3836,6451,INTERNATIONAL,TOP SERVICES
900.0,2023-10-08 00:00:00,2023,10,CMA,JSS,SGSIN-IDSRG-IDSUB-SGSIN,Singapore-Semarang-Surabaya-Singapore,Feeder,2,76,26,3.1,2356,3577,1.0,4712,7154,INTERNATIONAL,TOP SERVICES
901.0,2023-10-09 00:00:00,2023,10,CMA,Ad Hoc CMA,SGSIN-IDSRG-IDSUB-SGSIN,Singapore-Semarang-Surabaya-Singapore,Ad Hoc,0,0,0,0,0,0,0.0,0,0,INTERNATIONAL,TOP SERVICES
902.0,2023-10-10 00:00:00,2023,10,ANL,APR,MYKLA-SGSIN-IDJKT-IDSUB-PGLAE-PGKIM-PGMTK- AUTSV-MYKLA,Port Klang-Singapore-Jakarta-Surabaya-Lae-Kimbe-Motukea Island- Townsville-Port Klang,Direct,2,9,22,0.9,40,50,0.0,79,100,INTERNATIONAL,TOP SERVICES
903.0,2023-10-11 00:00:00,2023,10,ANL,PAX,SGSIN-IDSUB-TLDIL-AUDRW-SGSIN,Singapore-Surabaya-Dili-Darwin-Singapore,Direct,4,13,23,0.9,72,121,0.0,289,485,INTERNATIONAL,TOP SERVICES
904.0,2023-10-12 00:00:00,2023,10,BEN,ETS/SDD,SGSIN-IDSUB-TLDIL,Singapore-Surabaya-Dili,Direct,1,28,27,1.5,113,216,0.0,113,216,INTERNATIONAL,TOP SERVICES
905.0,2023-10-13 00:00:00,2023,10,LMA,ETS/SDD,SGSIN-IDSUB-TLDIL,Singapore-Surabaya-Dili,Direct,2,10,20,0.9,49,71,0.5,98,142,INTERNATIONAL,TOP SERVICES
906.0,2023-10-14 00:00:00,2023,10,MSC,Seahorse,CNSGH-CNNBO-THLCH-MYKLA-SGSIN-IDSUB-IDJKT-MYTPP-CNQZH-HKHKG-CNSGH,Shanghai-Ningbo-Laem Chabang-Port Klang-Singapore-Surabaya-Jakarta-Tanjung Pelepas-Qinzhou-Hongkong-Shanghai,Direct,4,52,30,2.2,691,1130,0.0,2762,4521,INTERNATIONAL,TOP SERVICES
907.0,2023-10-15 00:00:00,2023,10,TSL,KCI,IDJKT-IDSUB-CNSHK-CNXAM-KRPUS-CNQIN-CNSGH-CNNBO-IDJKT,Jakarta-Surabaya-Shekou-Xiamen-Pusan-Qingdao-Shanghai-Ningbo-Jakarta,Direct,1,44,26,1.8,851,1363,0.0,851,1363,INTERNATIONAL,TOP SERVICES
908.0,2023-10-16 00:00:00,2023,10,COS,JSS,SGSIN-IDSRG-IDSUB-SGSIN,Singapore-Semarang-Surabaya-Singapore,Feeder,2,73,30,2.7,2318,3536,1.0,4635,7072,INTERNATIONAL,TOP SERVICES
909.0,2023-10-17 00:00:00,2023,10,NSS,KCI,IDJKT-IDSUB-CNSHK-CNXAM-KRPUS-CNQIN-CNSGH-CNNBO-IDJKT,Jakarta-Surabaya-Shekou-Xiamen-Pusan-Qingdao-Shanghai-Ningbo-Jakarta,Direct,0,0,0,0,0,0,0.0,0,0,INTERNATIONAL,TOP SERVICES
910.0,2023-10-18 00:00:00,2023,10,MPN,MPN AD HOC,,,,0,0,0,0,0,0,0.0,0,0,INTERNATIONAL,TOP SERVICES
911.0,2023-11-01 00:00:00,2023,11,COS,GMI,IDJKT-IDSUB-SGSIN-MYPGU-SGSIN-MYKLA,Jakarta-Surabaya-Singapore-Pasir Gudang-Singapore-Port Kelang West,Feeder,0,0,1,2,3,4,5.0,0,0,INTERNATIONAL,TOP SERVICES
912.0,2023-11-02 00:00:00,2023,11,COS,SSS-SAT,SGSIN-IDSUB-SGSIN,Singapore-Surabaya-Singapore,Feeder,0,0,0,0,0,0,0.0,0,0,INTERNATIONAL,TOP SERVICES
913.0,2023-11-03 00:00:00,2023,11,COS,SSS-WED,SGSIN-IDSUB-SGSIN,Singapore-Surabaya-Singapore,Feeder,0,0,0,0,0,0,0.0,0,0,INTERNATIONAL,TOP SERVICES
914.0,2023-11-04 00:00:00,2023,11,GSL,ITS,MYKLA-SGSIN-IDSRG-IDSUB-MYKLA- SGSIN-THBKK THSCS-THLCH,Port Klang-Singapore-Semarang-Surabaya-Port Klang- Singapore-Bangkok Sahathai Terminal-Laem Chabang,Feeder,2,51,23,2.5,958,1381,0.0,1915,2762,INTERNATIONAL,TOP SERVICES
915.0,2023-11-05 00:00:00,2023,11,EMC,CIT,CNNBO-CNSGH-HKHKG (Zhujiang)-CNSHK-IDSUB-IDSRG-IDJKT-SGSIN-THLCH-HKHKG-CNNBO,Ningbo-Shanghai-Hong Kong (Zhujiang)-Shekou-Surabaya-Semarang-Jakarta-Singapore-Laemchabang-Hong Kong-Ningbo,Direct,6,51,32,2.4,641,977,0.33,3846,5859,INTERNATIONAL,TOP SERVICES
916.0,2023-11-06 00:00:00,2023,11,EMC,JPI-A,JPYOK-JPTYO-JPSMZ-JPNGO-JPUKB-TWTPE-TWKHH-PHMNL South-IDSUB-IDJKT-MYTPP-MYBTU-TWKHH,Yokohama-Tokyo-Shimizu-Nagoya-Kobe-Taipei-Kaohsiung-Manila South-Surabaya-Jakarta-Tanjung Pelepas-Bintulu-Kaohsiung,Direct,7,64,29,2.4,884,1344,0.29,6188,9411,INTERNATIONAL,TOP SERVICES
917.0,2023-11-07 00:00:00,2023,11,EMC,JPI-B,CNSHK-HKHKG-IDJKT-IDSRG-IDSUB-PHMNL South-TWKHH-TWTPE-JPYOK,Shekou-Hong Kong-Jakarta-Semarang-Surabaya-Manila South-Kaohsiung-Taipei-Yokohama,Direct,5,65,28,2.6,790,1238,0.2,3951,6188,INTERNATIONAL,TOP SERVICES
918.0,2023-11-08 00:00:00,2023,11,EMC,TMI,IDSUB-IDSRG-MYTPP-THLCH,Surabaya-Semarang-Tanjung Pelepas-Laemchabang,Feeder,0,0,0,0,0,0,0.0,0,0,INTERNATIONAL,TOP SERVICES
919.0,2023-11-09 00:00:00,2023,11,EMC,VMI,VNHPH-VNSGN-MYKLA West Port-MYTPP-IDJKT-IDSRG-IDSUB,Haipong-Ho Chi Minh City-Port Klang West Port-Tanjung Pelepas-Jakarta-Semarang-Surabaya,Direct,4,70,39,2,2583,3618,0.25,2583,3618,INTERNATIONAL,TOP SERVICES
920.0,2023-11-10 00:00:00,2023,11,KMT,CKI,KRPUS-KRKWA-CNSGH-CNNBO-HKHKG-IDJKT-IDSUB-VNSGN VNCLI-CNNBO-CNSGH-KRPUS,Pusan-Kwangyang-Shanghai-Ningbo-Hongkong-Jakarta-Surabaya-Hochiminh Cat Lai-Ningbo-Shanghai-Pusan,Direct,4,34,19,1.9,454,666,0.0,1817,2664,INTERNATIONAL,TOP SERVICES
921.0,2023-11-11 00:00:00,2023,11,KAL,Ad Hoc KRL,Various route,Various route,Ad Hoc,0,0,0,0,0,0,0.0,0,0,INTERNATIONAL,TOP SERVICES
922.0,2023-11-12 00:00:00,2023,11,LMA,Ad Hoc MKP,Various route,Various route,Ad Hoc,1,32,26,2,269,326,0.0,0,0,INTERNATIONAL,TOP SERVICES
923.0,2023-11-13 00:00:00,2023,11,KSL,KPG,IDJKT-IDSUB-MYKLA West-INNSA-AEJEA-LKCMB-SADMM-PKKHI-INMUN,Jakarta-Surabaya-Port Klang West-Nhava Sheva-Jebel Ali-Colomba-Dammam-Karachi-Mundra,Direct,0,0,0,0,0,0,0.0,0,0,INTERNATIONAL,TOP SERVICES
924.0,2023-11-14 00:00:00,2023,11,MSC,NEW JAVA F,SGSIN-MYTPP-IDJKT-IDSUB-SGSIN,Singapore-Tanjung Pelepas-Jakarta-Surabaya-Singapore,Feeder,0,0,0,0,0,0,0.0,0,0,INTERNATIONAL,TOP SERVICES
925.0,2023-11-15 00:00:00,2023,11,MSC,NEW JAVA T,SGSIN-MYTPP-IDSRG-IDSUB,Singapore-Tanjung Pelepas-Semarang-Surabaya,Feeder,0,0,0,0,0,0,0.0,0,0,INTERNATIONAL,TOP SERVICES
926.0,2023-11-16 00:00:00,2023,11,MSC,DOLPHIN,CNSGH-CNNBO-CNXAM-MYTPP-SGSIN-IDJKT-IDSUB-MYTPP-SGSIN-THLCH-VNVUT-CNSGH,Shanghai-Ningbo-Xiamen-Tanjung Pelepas-Singapore-Jakarta-Surabaya-Tanjung Pelepas-Singapore-Laem Chabang-Vung Tau-Shanghai,Direct,5,58,25,2.6,888,1366,0.8,4438,6829,INTERNATIONAL,TOP SERVICES
927.0,2023-11-17 00:00:00,2023,11,MSK,IA-8,CNSGH-CNTXG-CNQIN-TWKEL-SGSIN-MYTPP-IDJKT-IDSUB-PHDVO-CNSGH,Shanghai-Xingang-Qingdao-Keelung-Singapore-Tanjung Pelepas-Jakarta-Surabaya-Davao-Shanghai,Direct,4,95,30,3.3,2262,3578,0.25,9046,14313,INTERNATIONAL,TOP SERVICES
928.0,2023-11-18 00:00:00,2023,11,ONE,CS 2,HKHKG–CNNSH–CNSHK–IDSUB–IDSRG– IDJKT–MYKLA (North)–MYKLA (West)– HKHKG,HongKong–Nansha–Shekou–Surabaya–Semarang– Jakarta–Port Klang (North)–Port Klang (West)– HongKong,Direct,1,58,26,2.5,792,1192,1.0,792,1192,INTERNATIONAL,TOP SERVICES
929.0,2023-11-19 00:00:00,2023,11,ONE,KCI,IDJKT-IDSUB-CNSHK-CNXAM-KRPUS-CNQIN-CNSGH-CNNBO-IDJKT,Jakarta-Surabaya-Shekou-Xiamen-Pusan-Qingdao-Shanghai-Ningbo-Jakarta,Direct,1,57,30,2,709,1126,0.0,709,1126,INTERNATIONAL,TOP SERVICES
930.0,2023-11-20 00:00:00,2023,11,OOL,ITS,MYKLA-SGSIN-IDSRG-IDSUB-MYKLA- SGSIN-THBKK THSCS-THLCH,Port Klang-Singapore-Semarang-Surabaya-Port Klang- Singapore-Bangkok Sahathai Terminal-Laem Chabang,Feeder,1,55,23,2.8,826,1251,1.0,826,1251,INTERNATIONAL,TOP SERVICES
931.0,2023-11-21 00:00:00,2023,11,PIL,SSE,SGSIN-IDSUB-SGSIN,Singapore-Surabaya-Singapore,Feeder,0,0,0,0,0,0,0.0,0,0,INTERNATIONAL,TOP SERVICES
932.0,2023-11-22 00:00:00,2023,11,PIL,SUS,0,0,0,0,0,0,0,0,0,0.0,0,0,INTERNATIONAL,TOP SERVICES
933.0,2023-11-23 00:00:00,2023,11,RCL,RMI3,SGSIN-IDSUB-SGSIN-MYKLA-MYNTL-MYKLA-SGSIN,Singapore-Surabaya-Singapore-Port Klang-Penang-Port Klang-Singapore,Feeder,0,0,0,0,0,0,0.0,0,0,INTERNATIONAL,TOP SERVICES
934.0,2023-11-24 00:00:00,2023,11,SIT,CMI,IDJKT-IDSRG-IDSUB-IDMAK-PHBTG-CNSGH-CNXAM-CNSHK-CNNSH-MYBTU-IDJKT,Jakarta-Semarang-Surabaya-Makassar-Batangas-Shanghai-Xiamen-Shekou-Nansha-Bintulu-Jakarta,Direct,4,32,21,1.8,330,524,0.75,1319,2096,INTERNATIONAL,TOP SERVICES
935.0,2023-11-25 00:00:00,2023,11,SIT,CMI2,CNSHK-CNNSH-VNSGN-IDJKT-IDSRG- IDSUB-MYBTU-CNQGS-CNSHK,Shekou-Nansha-Hochiminh-Jakarta-Semarang- Surabaya-Bintulu-Qinzhao-Shekou,Direct,0,0,0,0,0,0,0.0,0,0,INTERNATIONAL,TOP SERVICES
936.0,2023-11-26 00:00:00,2023,11,SIT,KCI,IDJKT-IDSUB-CNSHK-CNXAM-KRPUS-CNQIN-CNSGH-CNNBO-IDJKT,Jakarta-Surabaya-Shekou-Xiamen-Pusan-Qingdao-Shanghai-Ningbo-Jakarta,,1,44,23,2.1,766,1212,0.0,766,1212,INTERNATIONAL,TOP SERVICES
937.0,2023-11-27 00:00:00,2023,11,SSL,SSS-SAT,SGSIN-IDSUB-SGSIN,Singapore-Surabaya-Singapore,Feeder,4,77,28,2.8,1778,2509,0.0,7112,10037,INTERNATIONAL,TOP SERVICES
938.0,2023-11-28 00:00:00,2023,11,SSL,SSS-WED,SGSIN-IDSUB-SGSIN,Singapore-Surabaya-Singapore,Feeder,5,0,0,0,0,0,0.0,7790,10945,INTERNATIONAL,TOP SERVICES
939.0,2023-11-29 00:00:00,2023,11,SSL,SSE,SGSIN-IDSUB-SGSIN,Singapore-Surabaya-Singapore,Feeder,0,0,0,0,0,0,0.0,0,0,INTERNATIONAL,TOP SERVICES
940.0,2023-11-30 00:00:00,2023,11,WHL,CS 2,HKHKG–CNNSH–CNSHK–IDSUB–IDSRG– IDJKT–MYKLA (North)–MYKLA (West)– HKHKG,HongKong–Nansha–Shekou–Surabaya–Semarang– Jakarta–Port Klang (North)–Port Klang (West)– HongKong,Direct,0,0,0,0,0,0,0.0,0,0,INTERNATIONAL,TOP SERVICES
941.0,2023-11-01 00:00:00,2023,11,WHL,TPI,IDJKT-IDSRG-IDSUB-TWKHH-TWTXG-TWKHH-TWTPE,Jakarta-Semarang-Surabaya-Kaohsiung-Taichung-Kaohsiung-Taipei,Direct,4,58,28,2.3,928,1408,0.75,3711,5633,INTERNATIONAL,TOP SERVICES
942.0,2023-11-02 00:00:00,2023,11,WHL,Ad Hoc WHL,Various route,Various route,Ad Hoc,0,0,0,0,0,0,0.0,0,0,INTERNATIONAL,TOP SERVICES
943.0,2023-11-03 00:00:00,2023,11,WHL,C18,IDSUB-SGSIN-MYKLA- INMUN-INNSA,Surabaya-Singapore-Port Klang- Mundra-Nhava Sheva,Direct,0,0,0,0,0,0,0.0,0,0,INTERNATIONAL,TOP SERVICES
944.0,2023-11-04 00:00:00,2023,11,XCL,SSX,SGSIN-IDSUB-SGSIN,Singapore-Surabaya-Singapore,Feeder,0,0,0,0,0,0,0.0,0,0,INTERNATIONAL,TOP SERVICES
945.0,2023-11-05 00:00:00,2023,11,YML,ITS,MYKLA-SGSIN-IDSRG-IDSUB-MYKLA- SGSIN-THBKK THSCS-THLCH,Port Klang-Singapore-Semarang-Surabaya-Port Klang- Singapore-Bangkok Sahathai Terminal-Laem Chabang,Feeder,1,53,25,2.4,699,988,1.0,699,988,INTERNATIONAL,TOP SERVICES
946.0,2023-11-06 00:00:00,2023,11,CMA,CHINA 1,CNSGH-CNNBO-CNSTG-CNSHK-IDJKT-IDSUB-PHMNL South-PHMNL North-CNSGH,Shanghai-Ningbo-Shantou-Shekou-Jakarta-Surabaya-Manila South-Manila North-Shanghai,Direct,3,51,31,2.5,690,1042,0.33,2069,3127,INTERNATIONAL,TOP SERVICES
947.0,2023-11-07 00:00:00,2023,11,CMA,CS 2,HKHKG–CNNSH–CNSHK–IDSUB–IDSRG– IDJKT–MYKLA (North)–MYKLA (West)– HKHKG,HongKong–Nansha–Shekou–Surabaya–Semarang– Jakarta–Port Klang (North)–Port Klang (West)– HongKong,Direct,2,50,24,2.4,748,1099,1.0,1496,2197,INTERNATIONAL,TOP SERVICES
948.0,2023-11-08 00:00:00,2023,11,CMA,KCS,North South: CNLYG-CNQIN-CNNSH-MYTPP-SGSIN-IDJKT-IDSUB-PHDVO-CNSGH-CNDAL. East-West: CNYTN-CNNSH-CNCWN-HKHKG-PHMNL South-PHMNL North,North South: Lianyungang-Qingdao-Nansha-Port Kelang-Singapore-Jakarta-Surabaya-Davao-Shanghai-Dalian. East-West: Yantian-Nansha-Chiwan-Hongkong-Manila South-Manila North,Direct,3,79,30,2.9,1295,2158,0.0,3884,6474,INTERNATIONAL,TOP SERVICES
949.0,2023-11-09 00:00:00,2023,11,CMA,JSS,SGSIN-IDSRG-IDSUB-SGSIN,Singapore-Semarang-Surabaya-Singapore,Feeder,2,91,32,2.9,2430,3587,0.5,4859,7174,INTERNATIONAL,TOP SERVICES
950.0,2023-11-10 00:00:00,2023,11,CMA,Ad Hoc CMA,SGSIN-IDSRG-IDSUB-SGSIN,Singapore-Semarang-Surabaya-Singapore,Ad Hoc,0,0,0,0,0,0,0.0,0,0,INTERNATIONAL,TOP SERVICES
951.0,2023-11-11 00:00:00,2023,11,ANL,APR,MYKLA-SGSIN-IDJKT-IDSUB-PGLAE-PGKIM-PGMTK- AUTSV-MYKLA,Port Klang-Singapore-Jakarta-Surabaya-Lae-Kimbe-Motukea Island- Townsville-Port Klang,Direct,2,15,23,1.3,65,92,0.0,130,184,INTERNATIONAL,TOP SERVICES
952.0,2023-11-12 00:00:00,2023,11,ANL,PAX,SGSIN-IDSUB-TLDIL-AUDRW-SGSIN,Singapore-Surabaya-Dili-Darwin-Singapore,Direct,5,18,22,1.4,80,133,0.2,398,665,INTERNATIONAL,TOP SERVICES
953.0,2023-11-13 00:00:00,2023,11,BEN,ETS/SDD,SGSIN-IDSUB-TLDIL,Singapore-Surabaya-Dili,Direct,2,30,24,1.7,170,249,1.0,339,497,INTERNATIONAL,TOP SERVICES
954.0,2023-11-14 00:00:00,2023,11,LMA,ETS/SDD,SGSIN-IDSUB-TLDIL,Singapore-Surabaya-Dili,Direct,1,22,21,1.4,98,171,1.0,98,171,INTERNATIONAL,TOP SERVICES
955.0,2023-11-15 00:00:00,2023,11,MSC,Seahorse,CNSGH-CNNBO-THLCH-MYKLA-SGSIN-IDSUB-IDJKT-MYTPP-CNQZH-HKHKG-CNSGH,Shanghai-Ningbo-Laem Chabang-Port Klang-Singapore-Surabaya-Jakarta-Tanjung Pelepas-Qinzhou-Hongkong-Shanghai,Direct,4,64,29,2.5,726,1118,0.0,2903,4470,INTERNATIONAL,TOP SERVICES
956.0,2023-11-16 00:00:00,2023,11,TSL,KCI,IDJKT-IDSUB-CNSHK-CNXAM-KRPUS-CNQIN-CNSGH-CNNBO-IDJKT,Jakarta-Surabaya-Shekou-Xiamen-Pusan-Qingdao-Shanghai-Ningbo-Jakarta,Direct,1,61,28,2.1,857,1303,0.0,857,1303,INTERNATIONAL,TOP SERVICES
957.0,2023-11-17 00:00:00,2023,11,COS,JSS,SGSIN-IDSRG-IDSUB-SGSIN,Singapore-Semarang-Surabaya-Singapore,Feeder,2,80,30,2.9,2471,3506,0.5,4941,7011,INTERNATIONAL,TOP SERVICES
958.0,2023-11-18 00:00:00,2023,11,NSS,KCI,IDJKT-IDSUB-CNSHK-CNXAM-KRPUS-CNQIN-CNSGH-CNNBO-IDJKT,Jakarta-Surabaya-Shekou-Xiamen-Pusan-Qingdao-Shanghai-Ningbo-Jakarta,Direct,1,46,25,2,815,1214,0.0,815,1214,INTERNATIONAL,TOP SERVICES
959.0,2023-11-19 00:00:00,2023,11,MPN,MPN AD HOC,,,,1,25,27,1.4,257,424,0.0,257,424,INTERNATIONAL,TOP SERVICES
960.0,2023-12-01 00:00:00,2023,12,COS,GMI,IDJKT-IDSUB-SGSIN-MYPGU-SGSIN-MYKLA,Jakarta-Surabaya-Singapore-Pasir Gudang-Singapore-Port Kelang West,Feeder,0,0,0,0,0,0,0.0,0,0,INTERNATIONAL,TOP SERVICES
961.0,2023-12-02 00:00:00,2023,12,COS,SSS-SAT,SGSIN-IDSUB-SGSIN,Singapore-Surabaya-Singapore,Feeder,0,0,0,0,0,0,0.0,0,0,INTERNATIONAL,TOP SERVICES
962.0,2023-12-03 00:00:00,2023,12,COS,SSS-WED,SGSIN-IDSUB-SGSIN,Singapore-Surabaya-Singapore,Feeder,0,0,0,0,0,0,0.0,0,0,INTERNATIONAL,TOP SERVICES
963.0,2023-12-04 00:00:00,2023,12,GSL,ITS,MYKLA-SGSIN-IDSRG-IDSUB-MYKLA- SGSIN-THBKK THSCS-THLCH,Port Klang-Singapore-Semarang-Surabaya-Port Klang- Singapore-Bangkok Sahathai Terminal-Laem Chabang,Feeder,1,53,33,1.7,931,1293,0.0,931,1293,INTERNATIONAL,TOP SERVICES
964.0,2023-12-05 00:00:00,2023,12,EMC,CIT,CNNBO-CNSGH-HKHKG (Zhujiang)-CNSHK-IDSUB-IDSRG-IDJKT-SGSIN-THLCH-HKHKG-CNNBO,Ningbo-Shanghai-Hong Kong (Zhujiang)-Shekou-Surabaya-Semarang-Jakarta-Singapore-Laemchabang-Hong Kong-Ningbo,Direct,4,44,20,2.3,761,1140,1.0,3045,4559,INTERNATIONAL,TOP SERVICES
965.0,2023-12-06 00:00:00,2023,12,EMC,JPI-A,JPYOK-JPTYO-JPSMZ-JPNGO-JPUKB-TWTPE-TWKHH-PHMNL South-IDSUB-IDJKT-MYTPP-MYBTU-TWKHH,Yokohama-Tokyo-Shimizu-Nagoya-Kobe-Taipei-Kaohsiung-Manila South-Surabaya-Jakarta-Tanjung Pelepas-Bintulu-Kaohsiung,Direct,4,62,28,2.4,835,1231,0.25,3338,4925,INTERNATIONAL,TOP SERVICES
966.0,2023-12-07 00:00:00,2023,12,EMC,JPI-B,CNSHK-HKHKG-IDJKT-IDSRG-IDSUB-PHMNL South-TWKHH-TWTPE-JPYOK,Shekou-Hong Kong-Jakarta-Semarang-Surabaya-Manila South-Kaohsiung-Taipei-Yokohama,Direct,4,48,28,1.9,624,907,0.25,2494,3627,INTERNATIONAL,TOP SERVICES
967.0,2023-12-08 00:00:00,2023,12,EMC,TMI,IDSUB-IDSRG-MYTPP-THLCH,Surabaya-Semarang-Tanjung Pelepas-Laemchabang,Feeder,0,0,0,0,0,0,0.0,0,0,INTERNATIONAL,TOP SERVICES
968.0,2023-12-09 00:00:00,2023,12,EMC,VMI,VNHPH-VNSGN-MYKLA West Port-MYTPP-IDJKT-IDSRG-IDSUB,Haipong-Ho Chi Minh City-Port Klang West Port-Tanjung Pelepas-Jakarta-Semarang-Surabaya,Direct,3,54,31,2,2061,2906,1.0,2061,2906,INTERNATIONAL,TOP SERVICES
969.0,2023-12-10 00:00:00,2023,12,KMT,CKI,KRPUS-KRKWA-CNSGH-CNNBO-HKHKG-IDJKT-IDSUB-VNSGN VNCLI-CNNBO-CNSGH-KRPUS,Pusan-Kwangyang-Shanghai-Ningbo-Hongkong-Jakarta-Surabaya-Hochiminh Cat Lai-Ningbo-Shanghai-Pusan,Direct,4,42,21,2.1,501,731,0.0,2005,2923,INTERNATIONAL,TOP SERVICES
970.0,2023-12-11 00:00:00,2023,12,KAL,Ad Hoc KRL,Various route,Various route,Ad Hoc,0,0,0,0,0,0,0.0,0,0,INTERNATIONAL,TOP SERVICES
971.0,2023-12-12 00:00:00,2023,12,LMA,Ad Hoc MKP,Various route,Various route,Ad Hoc,1,32,26,2,269,326,0.0,0,0,INTERNATIONAL,TOP SERVICES
972.0,2023-12-13 00:00:00,2023,12,KSL,KPG,IDJKT-IDSUB-MYKLA West-INNSA-AEJEA-LKCMB-SADMM-PKKHI-INMUN,Jakarta-Surabaya-Port Klang West-Nhava Sheva-Jebel Ali-Colomba-Dammam-Karachi-Mundra,Direct,0,0,0,0,0,0,0.0,0,0,INTERNATIONAL,TOP SERVICES
973.0,2023-12-14 00:00:00,2023,12,MSC,NEW JAVA F,SGSIN-MYTPP-IDJKT-IDSUB-SGSIN,Singapore-Tanjung Pelepas-Jakarta-Surabaya-Singapore,Feeder,0,0,0,0,0,0,0.0,0,0,INTERNATIONAL,TOP SERVICES
974.0,2023-12-15 00:00:00,2023,12,MSC,NEW JAVA T,SGSIN-MYTPP-IDSRG-IDSUB,Singapore-Tanjung Pelepas-Semarang-Surabaya,Feeder,0,0,0,0,0,0,0.0,0,0,INTERNATIONAL,TOP SERVICES
975.0,2023-12-16 00:00:00,2023,12,MSC,DOLPHIN,CNSGH-CNNBO-CNXAM-MYTPP-SGSIN-IDJKT-IDSUB-MYTPP-SGSIN-THLCH-VNVUT-CNSGH,Shanghai-Ningbo-Xiamen-Tanjung Pelepas-Singapore-Jakarta-Surabaya-Tanjung Pelepas-Singapore-Laem Chabang-Vung Tau-Shanghai,Direct,4,48,24,2.3,645,1009,0.5,2579,4035,INTERNATIONAL,TOP SERVICES
976.0,2023-12-17 00:00:00,2023,12,MSK,IA-8,CNSGH-CNTXG-CNQIN-TWKEL-SGSIN-MYTPP-IDJKT-IDSUB-PHDVO-CNSGH,Shanghai-Xingang-Qingdao-Keelung-Singapore-Tanjung Pelepas-Jakarta-Surabaya-Davao-Shanghai,Direct,4,87,31,2.9,2594,4019,0.0,10377,16074,INTERNATIONAL,TOP SERVICES
977.0,2023-12-18 00:00:00,2023,12,ONE,CS 2,HKHKG–CNNSH–CNSHK–IDSUB–IDSRG– IDJKT–MYKLA (North)–MYKLA (West)– HKHKG,HongKong–Nansha–Shekou–Surabaya–Semarang– Jakarta–Port Klang (North)–Port Klang (West)– HongKong,Direct,1,38,17,2.4,642,981,1.0,642,981,INTERNATIONAL,TOP SERVICES
978.0,2023-12-19 00:00:00,2023,12,ONE,KCI,IDJKT-IDSUB-CNSHK-CNXAM-KRPUS-CNQIN-CNSGH-CNNBO-IDJKT,Jakarta-Surabaya-Shekou-Xiamen-Pusan-Qingdao-Shanghai-Ningbo-Jakarta,Direct,1,0,0,0,844,1291,0.0,844,1291,INTERNATIONAL,TOP SERVICES
979.0,2023-12-20 00:00:00,2023,12,OOL,ITS,MYKLA-SGSIN-IDSRG-IDSUB-MYKLA- SGSIN-THBKK THSCS-THLCH,Port Klang-Singapore-Semarang-Surabaya-Port Klang- Singapore-Bangkok Sahathai Terminal-Laem Chabang,Feeder,1,51,23,2.4,863,1214,1.0,863,1214,INTERNATIONAL,TOP SERVICES
980.0,2023-12-21 00:00:00,2023,12,PIL,SSE,SGSIN-IDSUB-SGSIN,Singapore-Surabaya-Singapore,Feeder,0,0,0,0,0,0,0.0,0,0,INTERNATIONAL,TOP SERVICES
981.0,2023-12-22 00:00:00,2023,12,PIL,SUS,0,0,0,0,0,0,0,0,0,0.0,0,0,INTERNATIONAL,TOP SERVICES
982.0,2023-12-23 00:00:00,2023,12,RCL,RMI3,SGSIN-IDSUB-SGSIN-MYKLA-MYNTL-MYKLA-SGSIN,Singapore-Surabaya-Singapore-Port Klang-Penang-Port Klang-Singapore,Feeder,0,0,0,0,0,0,0.0,0,0,INTERNATIONAL,TOP SERVICES
983.0,2023-12-24 00:00:00,2023,12,SIT,CMI,IDJKT-IDSRG-IDSUB-IDMAK-PHBTG-CNSGH-CNXAM-CNSHK-CNNSH-MYBTU-IDJKT,Jakarta-Semarang-Surabaya-Makassar-Batangas-Shanghai-Xiamen-Shekou-Nansha-Bintulu-Jakarta,Direct,5,37,23,1.7,450,632,0.6,2250,3160,INTERNATIONAL,TOP SERVICES
984.0,2023-12-25 00:00:00,2023,12,SIT,CMI2,CNSHK-CNNSH-VNSGN-IDJKT-IDSRG- IDSUB-MYBTU-CNQGS-CNSHK,Shekou-Nansha-Hochiminh-Jakarta-Semarang- Surabaya-Bintulu-Qinzhao-Shekou,Direct,0,0,0,0,0,0,0.0,0,0,INTERNATIONAL,TOP SERVICES
985.0,2023-12-26 00:00:00,2023,12,SIT,KCI,IDJKT-IDSUB-CNSHK-CNXAM-KRPUS-CNQIN-CNSGH-CNNBO-IDJKT,Jakarta-Surabaya-Shekou-Xiamen-Pusan-Qingdao-Shanghai-Ningbo-Jakarta,,1,44,19,2.6,874,1335,0.0,874,1335,INTERNATIONAL,TOP SERVICES
986.0,2023-12-27 00:00:00,2023,12,SSL,SSS-SAT,SGSIN-IDSUB-SGSIN,Singapore-Surabaya-Singapore,Feeder,5,76,28,2.8,1857,2763,0.2,9285,13817,INTERNATIONAL,TOP SERVICES
987.0,2023-12-28 00:00:00,2023,12,SSL,SSS-WED,SGSIN-IDSUB-SGSIN,Singapore-Surabaya-Singapore,Feeder,4,0,0,0,0,0,0.0,6296,9116,INTERNATIONAL,TOP SERVICES
988.0,2023-12-29 00:00:00,2023,12,SSL,SSE,SGSIN-IDSUB-SGSIN,Singapore-Surabaya-Singapore,Feeder,0,0,0,0,0,0,0.0,0,0,INTERNATIONAL,TOP SERVICES
989.0,2023-12-30 00:00:00,2023,12,WHL,CS 2,HKHKG–CNNSH–CNSHK–IDSUB–IDSRG– IDJKT–MYKLA (North)–MYKLA (West)– HKHKG,HongKong–Nansha–Shekou–Surabaya–Semarang– Jakarta–Port Klang (North)–Port Klang (West)– HongKong,Direct,0,0,0,0,0,0,0.0,0,0,INTERNATIONAL,TOP SERVICES
990.0,2023-12-31 00:00:00,2023,12,WHL,TPI,IDJKT-IDSRG-IDSUB-TWKHH-TWTXG-TWKHH-TWTPE,Jakarta-Semarang-Surabaya-Kaohsiung-Taichung-Kaohsiung-Taipei,Direct,5,42,18,2.5,948,1469,0.6,4738,7344,INTERNATIONAL,TOP SERVICES
991.0,2023-12-01 00:00:00,2023,12,WHL,Ad Hoc WHL,Various route,Various route,Ad Hoc,0,0,0,0,0,0,0.0,0,0,INTERNATIONAL,TOP SERVICES
992.0,2023-12-02 00:00:00,2023,12,WHL,C18,IDSUB-SGSIN-MYKLA- INMUN-INNSA,Surabaya-Singapore-Port Klang- Mundra-Nhava Sheva,Direct,0,0,0,0,0,0,0.0,0,0,INTERNATIONAL,TOP SERVICES
993.0,2023-12-03 00:00:00,2023,12,XCL,SSX,SGSIN-IDSUB-SGSIN,Singapore-Surabaya-Singapore,Feeder,0,0,0,0,0,0,0.0,0,0,INTERNATIONAL,TOP SERVICES
994.0,2023-12-04 00:00:00,2023,12,YML,ITS,MYKLA-SGSIN-IDSRG-IDSUB-MYKLA- SGSIN-THBKK THSCS-THLCH,Port Klang-Singapore-Semarang-Surabaya-Port Klang- Singapore-Bangkok Sahathai Terminal-Laem Chabang,Feeder,2,49,21,2.6,847,1212,0.0,1693,2424,INTERNATIONAL,TOP SERVICES
995.0,2023-12-05 00:00:00,2023,12,CMA,CHINA 1,CNSGH-CNNBO-CNSTG-CNSHK-IDJKT-IDSUB-PHMNL South-PHMNL North-CNSGH,Shanghai-Ningbo-Shantou-Shekou-Jakarta-Surabaya-Manila South-Manila North-Shanghai,Direct,5,34,19,2,425,650,0.6,2127,3252,INTERNATIONAL,TOP SERVICES
996.0,2023-12-06 00:00:00,2023,12,CMA,CS 2,HKHKG–CNNSH–CNSHK–IDSUB–IDSRG– IDJKT–MYKLA (North)–MYKLA (West)– HKHKG,HongKong–Nansha–Shekou–Surabaya–Semarang– Jakarta–Port Klang (North)–Port Klang (West)– HongKong,Direct,3,47,20,2.6,783,1208,1.0,2349,3624,INTERNATIONAL,TOP SERVICES
997.0,2023-12-07 00:00:00,2023,12,CMA,KCS,North South: CNLYG-CNQIN-CNNSH-MYTPP-SGSIN-IDJKT-IDSUB-PHDVO-CNSGH-CNDAL. East-West: CNYTN-CNNSH-CNCWN-HKHKG-PHMNL South-PHMNL North,North South: Lianyungang-Qingdao-Nansha-Port Kelang-Singapore-Jakarta-Surabaya-Davao-Shanghai-Dalian. East-West: Yantian-Nansha-Chiwan-Hongkong-Manila South-Manila North,Direct,4,73,28,3,1337,2307,0.0,5347,9228,INTERNATIONAL,TOP SERVICES
998.0,2023-12-08 00:00:00,2023,12,CMA,JSS,SGSIN-IDSRG-IDSUB-SGSIN,Singapore-Semarang-Surabaya-Singapore,Feeder,3,75,26,3.1,2434,3692,0.33,7301,11076,INTERNATIONAL,TOP SERVICES
999.0,2023-12-09 00:00:00,2023,12,CMA,Ad Hoc CMA,SGSIN-IDSRG-IDSUB-SGSIN,Singapore-Semarang-Surabaya-Singapore,Ad Hoc,0,0,0,0,0,0,0.0,0,0,INTERNATIONAL,TOP SERVICES
1000.0,2023-12-10 00:00:00,2023,12,ANL,APR,MYKLA-SGSIN-IDJKT-IDSUB-PGLAE-PGKIM-PGMTK- AUTSV-MYKLA,Port Klang-Singapore-Jakarta-Surabaya-Lae-Kimbe-Motukea Island- Townsville-Port Klang,Direct,2,12,19,1.1,43,57,0.0,86,114,INTERNATIONAL,TOP SERVICES
1001.0,2023-12-11 00:00:00,2023,12,ANL,PAX,SGSIN-IDSUB-TLDIL-AUDRW-SGSIN,Singapore-Surabaya-Dili-Darwin-Singapore,Direct,4,26,30,1.2,129,218,0.5,514,871,INTERNATIONAL,TOP SERVICES
1002.0,2023-12-12 00:00:00,2023,12,BEN,ETS/SDD,SGSIN-IDSUB-TLDIL,Singapore-Surabaya-Dili,Direct,1,25,23,1.7,142,240,1.0,142,240,INTERNATIONAL,TOP SERVICES
1003.0,2023-12-13 00:00:00,2023,12,LMA,ETS/SDD,SGSIN-IDSUB-TLDIL,Singapore-Surabaya-Dili,Direct,2,25,21,1.5,221,320,0.5,441,639,INTERNATIONAL,TOP SERVICES
1004.0,2023-12-14 00:00:00,2023,12,MSC,Seahorse,CNSGH-CNNBO-THLCH-MYKLA-SGSIN-IDSUB-IDJKT-MYTPP-CNQZH-HKHKG-CNSGH,Shanghai-Ningbo-Laem Chabang-Port Klang-Singapore-Surabaya-Jakarta-Tanjung Pelepas-Qinzhou-Hongkong-Shanghai,Direct,4,60,29,2.2,884,1301,0.0,3535,5204,INTERNATIONAL,TOP SERVICES
1005.0,2023-12-15 00:00:00,2023,12,TSL,KCI,IDJKT-IDSUB-CNSHK-CNXAM-KRPUS-CNQIN-CNSGH-CNNBO-IDJKT,Jakarta-Surabaya-Shekou-Xiamen-Pusan-Qingdao-Shanghai-Ningbo-Jakarta,Direct,1,37,18,1.9,903,1351,0.0,903,1351,INTERNATIONAL,TOP SERVICES
1006.0,2023-12-16 00:00:00,2023,12,COS,JSS,SGSIN-IDSRG-IDSUB-SGSIN,Singapore-Semarang-Surabaya-Singapore,Feeder,2,78,30,2.7,2389,3425,1.0,4778,6850,INTERNATIONAL,TOP SERVICES
1007.0,2023-12-17 00:00:00,2023,12,NSS,KCI,IDJKT-IDSUB-CNSHK-CNXAM-KRPUS-CNQIN-CNSGH-CNNBO-IDJKT,Jakarta-Surabaya-Shekou-Xiamen-Pusan-Qingdao-Shanghai-Ningbo-Jakarta,Direct,1,0,22,2.3,782,1253,0.0,782,1253,INTERNATIONAL,TOP SERVICES
1008.0,2023-12-18 00:00:00,2023,12,MPN,MPN AD HOC,,,,0,0,0,0,0,0,,0,0,INTERNATIONAL,TOP SERVICES
1009.0,2023-01-01 00:00:00,2023,1,CMA,AD HOC CMA,MTMAL,Malta,Feeder,0,0,0,0,0,0,0.0,0,0,INTERNATIONAL,TOP SERVICES
1010.0,2023-01-02 00:00:00,2023,1,SPI,SPIL AD HO,IDSUB - IDJKT - IDMAK - IDPAL,Surabaya - Jakarta - Makassar - Palu,Direct,1,19,26,0.83,477,548,1.0,477,548,DOMESTIK,TOP SERVICES
1011.0,2023-01-03 00:00:00,2023,1,TIL,TIL AD HOC,Various POO,Various POO,Direct,12,16,30,0.78,268,297,0.98,3210,3563,DOMESTIK,TOP SERVICES
1012.0,2023-01-04 00:00:00,2023,1,TEMAS,TEMAS AD H,IDSUB - IDMAK,Surabaya - Makassar,Feeder,0,0,0,0,0,0,0.0,0,0,DOMESTIK,TOP SERVICES
1013.0,2023-01-05 00:00:00,2023,1,ICON,ICON,,,Direct,0,0,0,0,0,0,0.0,0,0,DOMESTIK,TOP SERVICES
1014.0,2023-01-06 00:00:00,2023,1,MERATUS,MPN-BOA,IDSUB - IDBNA,Surabaya - Benoa,Direct,0,0,0,0,0,0,0.0,0,0,DOMESTIK,TOP SERVICES
1015.0,2023-01-07 00:00:00,2023,1,PNJ,PPNP-SUBMK,IDSUB - IDMAK,Surabaya - Makassar,,0,0,0,0,0,0,0.0,0,0,DOMESTIK,TOP SERVICES
1016.0,2023-02-01 00:00:00,2023,2,CMA,AD HOC CMA,MTMAL,Malta,Feeder,0,0,0,0,0,0,0.0,0,0,DOMESTIK,TOP SERVICES
1017.0,2023-02-02 00:00:00,2023,2,SPI,SPIL AD HO,IDSUB - IDJKT - IDMAK - IDPAL,Surabaya - Jakarta - Makassar - Palu,Direct,2,12,26,0.93,84,90,1.0,168,180,DOMESTIK,TOP SERVICES
1018.0,2023-02-03 00:00:00,2023,2,TIL,TIL AD HOC,Various POO,Various POO,Direct,13,16,27,0.75,329,361,0.98,4281,4698,DOMESTIK,TOP SERVICES
1019.0,2023-02-04 00:00:00,2023,2,TEMAS,TEMAS AD H,IDSUB - IDMAK,Surabaya - Makassar,Feeder,0,0,0,0,0,0,0.0,0,0,DOMESTIK,TOP SERVICES
1020.0,2023-02-05 00:00:00,2023,2,ICON,ICON,,,Direct,0,0,0,0,0,0,0.0,0,0,DOMESTIK,TOP SERVICES
1021.0,2023-02-06 00:00:00,2023,2,MERATUS,MPN-BOA,IDSUB - IDBNA,Surabaya - Benoa,Direct,0,0,0,0,0,0,0.0,0,0,DOMESTIK,TOP SERVICES
1022.0,2023-02-07 00:00:00,2023,2,PNJ,PPNP-SUBMK,IDSUB - IDMAK,Surabaya - Makassar,,0,0,0,0,0,0,0.0,0,0,DOMESTIK,TOP SERVICES
1023.0,2023-03-01 00:00:00,2023,3,CMA,AD HOC CMA,MTMAL,Malta,Feeder,1,21,26,1.79,361,364,1.0,361,364,DOMESTIK,TOP SERVICES
1024.0,2023-03-02 00:00:00,2023,3,SPI,SPIL AD HO,IDSUB - IDJKT - IDMAK - IDPAL,Surabaya - Jakarta - Makassar - Palu,Direct,2,14,23,0.73,427,458,1.0,853,916,DOMESTIK,TOP SERVICES
1025.0,2023-03-03 00:00:00,2023,3,TIL,TIL AD HOC,Various POO,Various POO,Direct,17,18,29,0.87,322,365,0.98,5468,6209,DOMESTIK,TOP SERVICES
1026.0,2023-03-04 00:00:00,2023,3,TEMAS,TEMAS AD H,IDSUB - IDMAK,Surabaya - Makassar,Feeder,0,0,0,0,0,0,0.0,0,0,DOMESTIK,TOP SERVICES
1027.0,2023-03-05 00:00:00,2023,3,ICON,ICON,,,Direct,0,0,0,0,0,0,0.0,0,0,DOMESTIK,TOP SERVICES
1028.0,2023-03-06 00:00:00,2023,3,MERATUS,MPN-BOA,IDSUB - IDBNA,Surabaya - Benoa,Direct,0,0,0,0,0,0,0.0,0,0,DOMESTIK,TOP SERVICES
1029.0,2023-03-07 00:00:00,2023,3,PNJ,PPNP-SUBMK,IDSUB - IDMAK,Surabaya - Makassar,,0,0,0,0,0,0,0.0,0,0,DOMESTIK,TOP SERVICES
1030.0,2023-04-01 00:00:00,2023,4,CMA,AD HOC CMA,MTMAL,Malta,Feeder,0,0,0,0,0,0,0.0,0,0,DOMESTIK,TOP SERVICES
1031.0,2023-04-02 00:00:00,2023,4,SPI,SPIL AD HO,IDSUB - IDJKT - IDMAK - IDPAL,Surabaya - Jakarta - Makassar - Palu,Direct,0,0,0,0,0,0,0.0,0,0,DOMESTIK,TOP SERVICES
1032.0,2023-04-03 00:00:00,2023,4,TIL,TIL AD HOC,Various POO,Various POO,Direct,12,18,27,0.85,304,344,0.98,3647,4123,DOMESTIK,TOP SERVICES
1033.0,2023-04-04 00:00:00,2023,4,TEMAS,TEMAS AD H,IDSUB - IDMAK,Surabaya - Makassar,Feeder,2,14,22,1.23,165,197,1.0,329,393,DOMESTIK,TOP SERVICES
1034.0,2023-04-05 00:00:00,2023,4,ICON,ICON,,,Direct,0,0,0,0,0,0,0.0,0,0,DOMESTIK,TOP SERVICES
1035.0,2023-04-06 00:00:00,2023,4,MERATUS,MPN-BOA,IDSUB - IDBNA,Surabaya - Benoa,Direct,0,0,0,0,0,0,0.0,0,0,DOMESTIK,TOP SERVICES
1036.0,2023-04-07 00:00:00,2023,4,PNJ,PPNP-SUBMK,IDSUB - IDMAK,Surabaya - Makassar,,0,0,0,0,0,0,0.0,0,0,DOMESTIK,TOP SERVICES
1037.0,2023-05-01 00:00:00,2023,5,CMA,AD HOC CMA,MTMAL,Malta,Feeder,0,0,0,0,0,0,0.0,0,0,DOMESTIK,TOP SERVICES
1038.0,2023-05-02 00:00:00,2023,5,SPI,SPIL AD HO,IDSUB - IDJKT - IDMAK - IDPAL,Surabaya - Jakarta - Makassar - Palu,Direct,0,0,0,0,0,0,0.0,0,0,DOMESTIK,TOP SERVICES
1039.0,2023-05-03 00:00:00,2023,5,TIL,TIL AD HOC,Various POO,Various POO,Direct,10,19,26,0.96,264,292,0.98,2639,2915,DOMESTIK,TOP SERVICES
1040.0,2023-05-04 00:00:00,2023,5,TEMAS,TEMAS AD H,IDSUB - IDMAK,Surabaya - Makassar,Feeder,3,21,21,1.22,189,242,1.0,567,727,DOMESTIK,TOP SERVICES
1041.0,2023-05-05 00:00:00,2023,5,ICON,ICON,,,Direct,0,0,0,0,0,0,0.0,0,0,DOMESTIK,TOP SERVICES
1042.0,2023-05-06 00:00:00,2023,5,MERATUS,MPN-BOA,IDSUB - IDBNA,Surabaya - Benoa,Direct,0,0,0,0,0,0,0.0,0,0,DOMESTIK,TOP SERVICES
1043.0,2023-05-07 00:00:00,2023,5,PNJ,PPNP-SUBMK,IDSUB - IDMAK,Surabaya - Makassar,,0,0,0,0,0,0,0.0,0,0,DOMESTIK,TOP SERVICES
1044.0,2023-06-01 00:00:00,2023,6,CMA,AD HOC CMA,MTMAL,Malta,Feeder,0,0,0,0,0,0,0.0,0,0,DOMESTIK,TOP SERVICES
1045.0,2023-06-02 00:00:00,2023,6,SPI,SPIL AD HO,IDSUB - IDJKT - IDMAK - IDPAL,Surabaya - Jakarta - Makassar - Palu,Direct,6,24,29,1.32,357,392,1.0,2142,2353,DOMESTIK,TOP SERVICES
1046.0,2023-06-03 00:00:00,2023,6,TIL,TIL AD HOC,Various POO,Various POO,Direct,7,23,30,1.02,367,403,0.98,2572,2819,DOMESTIK,TOP SERVICES
1047.0,2023-06-04 00:00:00,2023,6,TEMAS,TEMAS AD H,IDSUB - IDMAK,Surabaya - Makassar,Feeder,2,16,26,1.02,60,73,1.0,120,145,DOMESTIK,TOP SERVICES
1048.0,2023-06-05 00:00:00,2023,6,ICON,ICON,,,Direct,0,0,0,0,0,0,0.0,0,0,DOMESTIK,TOP SERVICES
1049.0,2023-06-06 00:00:00,2023,6,MERATUS,MPN-BOA,IDSUB - IDBNA,Surabaya - Benoa,Direct,0,0,0,0,0,0,0.0,0,0,DOMESTIK,TOP SERVICES
1050.0,2023-06-07 00:00:00,2023,6,PNJ,PPNP-SUBMK,IDSUB - IDMAK,Surabaya - Makassar,,0,0,0,0,0,0,0.0,0,0,DOMESTIK,TOP SERVICES
1051.0,2023-07-01 00:00:00,2023,7,CMA,AD HOC CMA,MTMAL,Malta,Feeder,0,0,0,0,0,0,0.0,0,0,DOMESTIK,TOP SERVICES
1052.0,2023-07-02 00:00:00,2023,7,SPI,SPIL AD HO,IDSUB - IDJKT - IDMAK - IDPAL,Surabaya - Jakarta - Makassar - Palu,Direct,4,20,26,1.16,215,245,1.0,859,979,DOMESTIK,TOP SERVICES
1053.0,2023-07-03 00:00:00,2023,7,TIL,TIL AD HOC,Various POO,Various POO,Direct,1,30,36,0.96,277,306,0.98,277,306,DOMESTIK,TOP SERVICES
1054.0,2023-07-04 00:00:00,2023,7,TEMAS,TEMAS AD H,IDSUB - IDMAK,Surabaya - Makassar,Feeder,0,0,0,0,0,0,0.0,0,0,DOMESTIK,TOP SERVICES
1055.0,2023-07-05 00:00:00,2023,7,ICON,ICON,,,Direct,1,22,29,0.94,168,180,1.0,168,180,DOMESTIK,TOP SERVICES
1056.0,2023-07-06 00:00:00,2023,7,MERATUS,MPN-BOA,IDSUB - IDBNA,Surabaya - Benoa,Direct,1,18,23,1,528,628,1.0,528,628,DOMESTIK,TOP SERVICES
1057.0,2023-07-07 00:00:00,2023,7,PNJ,PPNP-SUBMK,IDSUB - IDMAK,Surabaya - Makassar,,0,0,0,0,0,0,0.0,0,0,DOMESTIK,TOP SERVICES
1058.0,2023-08-01 00:00:00,2023,8,CMA,AD HOC CMA,MTMAL,Malta,Feeder,0,0,0,0,0,0,0.0,0,0,DOMESTIK,TOP SERVICES
1059.0,2023-08-02 00:00:00,2023,8,SPI,SPIL AD HO,IDSUB - IDJKT - IDMAK - IDPAL,Surabaya - Jakarta - Makassar - Palu,Direct,8,21,21,1.27,297,339,1.0,2377,2711,DOMESTIK,TOP SERVICES
1060.0,2023-08-03 00:00:00,2023,8,TIL,TIL AD HOC,Various POO,Various POO,Direct,0,0,0,0,0,0,0.0,0,0,DOMESTIK,TOP SERVICES
1061.0,2023-08-04 00:00:00,2023,8,TEMAS,TEMAS AD H,IDSUB - IDMAK,Surabaya - Makassar,Feeder,1,29,29,1.33,169,175,1.0,169,175,DOMESTIK,TOP SERVICES
1062.0,2023-08-05 00:00:00,2023,8,ICON,ICON,,,Direct,2,20,20,0.9,392,423,1.0,783,846,DOMESTIK,TOP SERVICES
1063.0,2023-08-06 00:00:00,2023,8,MERATUS,MPN-BOA,IDSUB - IDBNA,Surabaya - Benoa,Direct,1,22,22,1,423,513,1.0,423,513,DOMESTIK,TOP SERVICES
1064.0,2023-08-07 00:00:00,2023,8,PNJ,PPNP-SUBMK,IDSUB - IDMAK,Surabaya - Makassar,,0,0,0,0,0,0,0.0,0,0,DOMESTIK,TOP SERVICES
1065.0,2023-09-01 00:00:00,2023,9,CMA,AD HOC CMA,MTMAL,Malta,Feeder,0,0,0,0,0,0,0.0,0,0,DOMESTIK,TOP SERVICES
1066.0,2023-09-02 00:00:00,2023,9,SPI,SPIL AD HO,IDSUB - IDJKT - IDMAK - IDPAL,Surabaya - Jakarta - Makassar - Palu,Direct,13,15,17,1.1,259,287,1.0,3370,3727,DOMESTIK,TOP SERVICES
1067.0,2023-09-03 00:00:00,2023,9,TIL,TIL AD HOC,Various POO,Various POO,Direct,8,21,28,0.94,319,356,0.98,2553,2846,DOMESTIK,TOP SERVICES
1068.0,2023-09-04 00:00:00,2023,9,TEMAS,TEMAS AD H,IDSUB - IDMAK,Surabaya - Makassar,Feeder,0,0,0,0,0,0,0.0,0,0,DOMESTIK,TOP SERVICES
1069.0,2023-09-05 00:00:00,2023,9,ICON,ICON,,,Direct,3,18,24,0.92,322,360,1.0,965,1080,DOMESTIK,TOP SERVICES
1070.0,2023-09-06 00:00:00,2023,9,MERATUS,MPN-BOA,IDSUB - IDBNA,Surabaya - Benoa,Direct,0,0,0,0,0,0,0.0,0,0,DOMESTIK,TOP SERVICES
1071.0,2023-09-07 00:00:00,2023,9,PNJ,PPNP-SUBMK,IDSUB - IDMAK,Surabaya - Makassar,,0,0,0,0,0,0,0.0,0,0,DOMESTIK,TOP SERVICES
1072.0,2023-10-01 00:00:00,2023,10,CMA,AD HOC CMA,MTMAL,Malta,Feeder,0,0,0,0,0,0,0.0,0,0,DOMESTIK,TOP SERVICES
1073.0,2023-10-02 00:00:00,2023,10,SPI,SPIL AD HO,IDSUB - IDJKT - IDMAK - IDPAL,Surabaya - Jakarta - Makassar - Palu,Direct,15,18,22,1.07,305,337,1.0,4581,5049,DOMESTIK,TOP SERVICES
1074.0,2023-10-03 00:00:00,2023,10,TIL,TIL AD HOC,Various POO,Various POO,Direct,6,19,27,0.87,302,337,0.98,1813,2020,DOMESTIK,TOP SERVICES
1075.0,2023-10-04 00:00:00,2023,10,TEMAS,TEMAS AD H,IDSUB - IDMAK,Surabaya - Makassar,Feeder,0,0,0,0,0,0,0.0,0,0,DOMESTIK,TOP SERVICES
1076.0,2023-10-05 00:00:00,2023,10,ICON,ICON,,,Direct,0,0,0,0,0,0,0.0,0,0,DOMESTIK,TOP SERVICES
1077.0,2023-10-06 00:00:00,2023,10,MERATUS,MPN-BOA,IDSUB - IDBNA,Surabaya - Benoa,Direct,2,14,24,1,100,106,1.0,200,212,DOMESTIK,TOP SERVICES
1078.0,2023-10-07 00:00:00,2023,10,PNJ,PPNP-SUBMK,IDSUB - IDMAK,Surabaya - Makassar,,0,0,0,0,0,0,0.0,0,0,DOMESTIK,TOP SERVICES
1079.0,2023-11-01 00:00:00,2023,11,CMA,AD HOC CMA,MTMAL,Malta,Feeder,0,0,0,0,0,0,0.0,0,0,DOMESTIK,TOP SERVICES
1080.0,2023-11-02 00:00:00,2023,11,SPI,SPIL AD HO,IDSUB - IDJKT - IDMAK - IDPAL,Surabaya - Jakarta - Makassar - Palu,Direct,11,19,22,1.05,386,436,1.0,4247,4801,DOMESTIK,TOP SERVICES
1081.0,2023-11-03 00:00:00,2023,11,TIL,TIL AD HOC,Various POO,Various POO,Direct,10,17,27,0.92,279,316,0.98,2790,3163,DOMESTIK,TOP SERVICES
1082.0,2023-11-04 00:00:00,2023,11,TEMAS,TEMAS AD H,IDSUB - IDMAK,Surabaya - Makassar,Feeder,0,0,0,0,0,0,0.0,0,0,DOMESTIK,TOP SERVICES
1083.0,2023-11-05 00:00:00,2023,11,ICON,ICON,,,Direct,0,0,0,0,0,0,0.0,0,0,DOMESTIK,TOP SERVICES
1084.0,2023-11-06 00:00:00,2023,11,MERATUS,MPN-BOA,IDSUB - IDBNA,Surabaya - Benoa,Direct,1,35,22,2,454,568,1.0,454,568,DOMESTIK,TOP SERVICES
1085.0,2023-11-07 00:00:00,2023,11,PNJ,PPNP-SUBMK,IDSUB - IDMAK,Surabaya - Makassar,,1,10,34,1,41,44,0.0,41,44,DOMESTIK,TOP SERVICES
1086.0,2023-12-01 00:00:00,2023,12,CMA,AD HOC CMA,MTMAL,Malta,Feeder,0,0,0,0,0,0,0.0,0,0,DOMESTIK,TOP SERVICES
1087.0,2023-12-02 00:00:00,2023,12,SPI,SPIL AD HO,IDSUB - IDJKT - IDMAK - IDPAL,Surabaya - Jakarta - Makassar - Palu,Direct,13,18,22,0.99,374,412,1.0,4866,5357,DOMESTIK,TOP SERVICES
1088.0,2023-12-03 00:00:00,2023,12,TIL,TIL AD HOC,Various POO,Various POO,Direct,9,19,28,0.99,308,340,0.98,2770,3058,DOMESTIK,TOP SERVICES
1089.0,2023-12-04 00:00:00,2023,12,TEMAS,TEMAS AD H,IDSUB - IDMAK,Surabaya - Makassar,Feeder,0,0,0,0,0,0,0.0,0,0,DOMESTIK,TOP SERVICES
1090.0,2023-12-05 00:00:00,2023,12,ICON,ICON,,,Direct,2,16,28,1,177,200,1.0,353,399,DOMESTIK,TOP SERVICES
1091.0,2023-12-06 00:00:00,2023,12,MERATUS,MPN-BOA,IDSUB - IDBNA,Surabaya - Benoa,Direct,1,23,15,2,849,952,1.0,849,952,DOMESTIK,TOP SERVICES
1092.0,2023-12-07 00:00:00,2023,12,PNJ,PPNP-SUBMK,IDSUB - IDMAK,Surabaya - Makassar,,2,9,29,1,49,62,0.0,98,124,DOMESTIK,TOP SERVICES
1093.0,2024-01-01 00:00:00,2024,1,CMA,AD HOC CMA,MTMAL,Malta,Feeder,0,0,0,0,0,0,0.0,0,0,DOMESTIK,TOP SERVICES
1094.0,2024-01-02 00:00:00,2024,1,SPI,SPIL AD HO,IDSUB - IDJKT - IDMAK - IDPAL,Surabaya - Jakarta - Makassar - Palu,Direct,12,16,19,1.05,443,503,1.0,5319,6041,DOMESTIK,TOP SERVICES
1095.0,2024-01-03 00:00:00,2024,1,TIL,TIL AD HOC,Various POO,Various POO,Direct,13,19,29,0.88,279,309,0.98,3626,4012,DOMESTIK,TOP SERVICES
1096.0,2024-01-04 00:00:00,2024,1,TEMAS,TEMAS AD H,IDSUB - IDMAK,Surabaya - Makassar,Feeder,0,0,0,0,0,0,0.0,0,0,DOMESTIK,TOP SERVICES
1097.0,2024-01-05 00:00:00,2024,1,ICON,ICON,,,Direct,0,0,0,0,0,0,0.0,0,0,DOMESTIK,TOP SERVICES
1098.0,2024-01-06 00:00:00,2024,1,MERATUS,MPN-BOA,IDSUB - IDBNA,Surabaya - Benoa,Direct,0,0,0,0,0,0,0.0,0,0,DOMESTIK,TOP SERVICES
1099.0,2024-01-07 00:00:00,2024,1,PNJ,PPNP-SUBMK,IDSUB - IDMAK,Surabaya - Makassar,,1,12,31,1,61,65,0.0,61,65,DOMESTIK,TOP SERVICES
1100.0,2024-02-01 00:00:00,2024,2,CMA,AD HOC CMA,MTMAL,Malta,Feeder,0,0,0,0,0,0,0.0,0,0,DOMESTIK,TOP SERVICES
1101.0,2024-02-02 00:00:00,2024,2,SPI,SPIL AD HO,IDSUB - IDJKT - IDMAK - IDPAL,Surabaya - Jakarta - Makassar - Palu,Direct,6,23,19,1.24,515,578,1.0,3091,3468,DOMESTIK,TOP SERVICES
1102.0,2024-02-03 00:00:00,2024,2,TIL,TIL AD HOC,Various POO,Various POO,Direct,12,20,28,0.88,332,365,0.98,3989,4380,DOMESTIK,TOP SERVICES
1103.0,2024-02-04 00:00:00,2024,2,TEMAS,TEMAS AD H,IDSUB - IDMAK,Surabaya - Makassar,Feeder,0,0,0,0,0,0,0.0,0,0,DOMESTIK,TOP SERVICES
1104.0,2024-02-05 00:00:00,2024,2,ICON,ICON,,,Direct,0,0,0,0,0,0,0.0,0,0,DOMESTIK,TOP SERVICES
1105.0,2024-02-06 00:00:00,2024,2,MERATUS,MPN-BOA,IDSUB - IDBNA,Surabaya - Benoa,Direct,0,0,0,0,0,0,0.0,0,0,DOMESTIK,TOP SERVICES
1106.0,2024-02-07 00:00:00,2024,2,PNJ,PPNP-SUBMK,IDSUB - IDMAK,Surabaya - Makassar,,2,9,27,1,85,90,0.0,170,180,DOMESTIK,TOP SERVICES
1107.0,2024-01-01 00:00:00,2024,1,ANL,APR,MYKLA-SGSIN-IDJKT-IDSUB-PGLAE-PGKIM-PGMTK- AUTSV-MYKLA,Port Klang-Singapore-Jakarta-Surabaya-Lae-Kimbe-Motukea Island- Townsville-Port Klang,Direct,2,10,22,1.1,70,102,0.0,140,203,INTERNATIONAL,TOP SERVICES
1108.0,2024-01-02 00:00:00,2024,1,ANL,PAX,SGSIN-IDSUB-TLDIL-AUDRW-SGSIN,Singapore-Surabaya-Dili-Darwin-Singapore,Direct,3,21,26,1.4,77,123,0.67,232,369,INTERNATIONAL,TOP SERVICES
1109.0,2024-01-03 00:00:00,2024,1,BEN,ETS/SDD,SGSIN-IDSUB-TLDIL,Singapore-Surabaya-Dili,Direct,2,14,23,0.9,78,129,1.0,155,258,INTERNATIONAL,TOP SERVICES
1110.0,2024-01-04 00:00:00,2024,1,CMA,CHINA 1,CNSGH-CNNBO-CNSTG-CNSHK-IDJKT-IDSUB-PHMNL South-PHMNL North-CNSGH,Shanghai-Ningbo-Shantou-Shekou-Jakarta-Surabaya-Manila South-Manila North-Shanghai,Direct,4,60,27,2.6,629,999,0.75,2516,3996,INTERNATIONAL,TOP SERVICES
1111.0,2024-01-05 00:00:00,2024,1,CMA,CS 2,HKHKG–CNNSH–CNSHK–IDSUB–IDSRG– IDJKT–MYKLA (North)–MYKLA (West)– HKHKG,HongKong–Nansha–Shekou–Surabaya–Semarang– Jakarta–Port Klang (North)–Port Klang (West)– HongKong,Direct,1,63,29,2.7,703,1025,1.0,703,1025,INTERNATIONAL,TOP SERVICES
1112.0,2024-01-06 00:00:00,2024,1,CMA,KCS,North South: CNLYG-CNQIN-CNNSH-MYTPP-SGSIN-IDJKT-IDSUB-PHDVO-CNSGH-CNDAL. East-West: CNYTN-CNNSH-CNCWN-HKHKG-PHMNL South-PHMNL North,North South: Lianyungang-Qingdao-Nansha-Port Kelang-Singapore-Jakarta-Surabaya-Davao-Shanghai-Dalian. East-West: Yantian-Nansha-Chiwan-Hongkong-Manila South-Manila North,Direct,4,60,25,2.5,1244,2005,0.0,4975,8020,INTERNATIONAL,TOP SERVICES
1113.0,2024-01-07 00:00:00,2024,1,CMA,JSS,SGSIN-IDSRG-IDSUB-SGSIN,Singapore-Semarang-Surabaya-Singapore,Feeder,2,62,27,2.5,1232,1900,0.5,2463,3799,INTERNATIONAL,TOP SERVICES
1114.0,2024-01-08 00:00:00,2024,1,CMA,Ad Hoc CMA,SGSIN-IDSRG-IDSUB-SGSIN,Singapore-Semarang-Surabaya-Singapore,Ad Hoc,0,0,0,0,0,0,0.0,0,0,INTERNATIONAL,TOP SERVICES
1115.0,2024-01-09 00:00:00,2024,1,COS,GMI,IDJKT-IDSUB-SGSIN-MYPGU-SGSIN-MYKLA,Jakarta-Surabaya-Singapore-Pasir Gudang-Singapore-Port Kelang West,Feeder,0,0,0,0,0,0,0.0,0,0,INTERNATIONAL,TOP SERVICES
1116.0,2024-01-10 00:00:00,2024,1,COS,SSS-SAT,SGSIN-IDSUB-SGSIN,Singapore-Surabaya-Singapore,Feeder,0,0,0,0,0,0,0.0,0,0,INTERNATIONAL,TOP SERVICES
1117.0,2024-01-11 00:00:00,2024,1,COS,SSS-WED,SGSIN-IDSUB-SGSIN,Singapore-Surabaya-Singapore,Feeder,0,0,0,0,0,0,0.0,0,0,INTERNATIONAL,TOP SERVICES
1118.0,2024-01-12 00:00:00,2024,1,COS,KCS,North South: CNLYG-CNQIN-CNNSH-MYTPP-SGSIN-IDJKT-IDSUB-PHDVO-CNSGH-CNDAL. East-West: CNYTN-CNNSH-CNCWN-HKHKG-PHMNL South-PHMNL North,North South: Lianyungang-Qingdao-Nansha-Port Kelang-Singapore-Jakarta-Surabaya-Davao-Shanghai-Dalian. East-West: Yantian-Nansha-Chiwan-Hongkong-Manila South-Manila North,Direct,1,49,22,2.3,971,1491,0.0,971,1491,INTERNATIONAL,TOP SERVICES
1119.0,2024-01-13 00:00:00,2024,1,COS,JSS,SGSIN-IDSRG-IDSUB-SGSIN,Singapore-Semarang-Surabaya-Singapore,Feeder,3,78,27,3.1,2278,3392,0.67,6835,10175,INTERNATIONAL,TOP SERVICES
1120.0,2024-01-14 00:00:00,2024,1,EMC,CIT,CNNBO-CNSGH-HKHKG (Zhujiang)-CNSHK-IDSUB-IDSRG-IDJKT-SGSIN-THLCH-HKHKG-CNNBO,Ningbo-Shanghai-Hong Kong (Zhujiang)-Shekou-Surabaya-Semarang-Jakarta-Singapore-Laemchabang-Hong Kong-Ningbo,Direct,4,45,27,2,505,785,0.5,2019,3139,INTERNATIONAL,TOP SERVICES
1121.0,2024-01-15 00:00:00,2024,1,EMC,JPI-A,JPYOK-JPTYO-JPSMZ-JPNGO-JPUKB-TWTPE-TWKHH-PHMNL South-IDSUB-IDJKT-MYTPP-MYBTU-TWKHH,Yokohama-Tokyo-Shimizu-Nagoya-Kobe-Taipei-Kaohsiung-Manila South-Surabaya-Jakarta-Tanjung Pelepas-Bintulu-Kaohsiung,Direct,5,61,26,2.6,756,1122,0.0,3782,5608,INTERNATIONAL,TOP SERVICES
1122.0,2024-01-16 00:00:00,2024,1,EMC,JPI-B,CNSHK-HKHKG-IDJKT-IDSRG-IDSUB-PHMNL South-TWKHH-TWTPE-JPYOK,Shekou-Hong Kong-Jakarta-Semarang-Surabaya-Manila South-Kaohsiung-Taipei-Yokohama,Direct,5,52,26,2.2,521,800,0.2,2607,4000,INTERNATIONAL,TOP SERVICES
1123.0,2024-01-17 00:00:00,2024,1,EMC,TMI,IDSUB-IDSRG-MYTPP-THLCH,Surabaya-Semarang-Tanjung Pelepas-Laemchabang,Feeder,0,0,0,0,0,0,0.0,0,0,INTERNATIONAL,TOP SERVICES
1124.0,2024-01-18 00:00:00,2024,1,EMC,VMI,VNHPH-VNSGN-MYKLA West Port-MYTPP-IDJKT-IDSRG-IDSUB,Haipong-Ho Chi Minh City-Port Klang West Port-Tanjung Pelepas-Jakarta-Semarang-Surabaya,Direct,5,48,28,2,2910,4043,0.8,2910,4043,INTERNATIONAL,TOP SERVICES
1125.0,2024-01-19 00:00:00,2024,1,GSL,ITS,MYKLA-SGSIN-IDSRG-IDSUB-MYKLA- SGSIN-THBKK THSCS-THLCH,Port Klang-Singapore-Semarang-Surabaya-Port Klang- Singapore-Bangkok Sahathai Terminal-Laem Chabang,Feeder,1,54,28,2.2,913,1264,0.0,913,1264,INTERNATIONAL,TOP SERVICES
1126.0,2024-01-20 00:00:00,2024,1,HPL,AD HOC HPA,Various route,Various route,Ad Hoc,1,52,53,1,451,516,1.0,451,516,INTERNATIONAL,TOP SERVICES
1127.0,2024-01-21 00:00:00,2024,1,KAL,Ad Hoc KRL,Various route,Various route,Ad Hoc,0,0,0,0,0,0,0.0,0,0,INTERNATIONAL,TOP SERVICES
1128.0,2024-01-22 00:00:00,2024,1,KMT,CKI,KRPUS-KRKWA-CNSGH-CNNBO-HKHKG-IDJKT-IDSUB-VNSGN VNCLI-CNNBO-CNSGH-KRPUS,Pusan-Kwangyang-Shanghai-Ningbo-Hongkong-Jakarta-Surabaya-Hochiminh Cat Lai-Ningbo-Shanghai-Pusan,Direct,4,39,22,2.1,559,815,0.0,2235,3259,INTERNATIONAL,TOP SERVICES
1129.0,2024-01-23 00:00:00,2024,1,KSL,KPG,IDJKT-IDSUB-MYKLA West-INNSA-AEJEA-LKCMB-SADMM-PKKHI-INMUN,Jakarta-Surabaya-Port Klang West-Nhava Sheva-Jebel Ali-Colomba-Dammam-Karachi-Mundra,Direct,0,0,0,0,0,0,0.0,0,0,INTERNATIONAL,TOP SERVICES
1130.0,2024-01-24 00:00:00,2024,1,LMA,ETS/SDD,SGSIN-IDSUB-TLDIL,Singapore-Surabaya-Dili,Direct,1,15,21,1.1,109,180,0.0,109,180,INTERNATIONAL,TOP SERVICES
1131.0,2024-01-25 00:00:00,2024,1,MEL,Ad Hoc MKP,Various route,Various route,Ad Hoc,0,0,0,0,0,0,0.0,0,0,INTERNATIONAL,TOP SERVICES
1132.0,2024-01-26 00:00:00,2024,1,MPN,MPN AD HOC,Various route,Various route,Ad Hoc,0,0,0,0,0,0,0.0,0,0,INTERNATIONAL,TOP SERVICES
1133.0,2024-01-27 00:00:00,2024,1,MSC,NEW JAVA F,SGSIN-MYTPP-IDJKT-IDSUB-SGSIN,Singapore-Tanjung Pelepas-Jakarta-Surabaya-Singapore,Feeder,0,0,0,0,0,0,0.0,0,0,INTERNATIONAL,TOP SERVICES
1134.0,2024-01-28 00:00:00,2024,1,MSC,NEW JAVA T,SGSIN-MYTPP-IDSRG-IDSUB,Singapore-Tanjung Pelepas-Semarang-Surabaya,Feeder,0,0,0,0,0,0,0.0,0,0,INTERNATIONAL,TOP SERVICES
1135.0,2024-01-29 00:00:00,2024,1,MSC,DOLPHIN,CNSGH-CNNBO-CNXAM-MYTPP-SGSIN-IDJKT-IDSUB-MYTPP-SGSIN-THLCH-VNVUT-CNSGH,Shanghai-Ningbo-Xiamen-Tanjung Pelepas-Singapore-Jakarta-Surabaya-Tanjung Pelepas-Singapore-Laem Chabang-Vung Tau-Shanghai,Direct,5,53,24,2.6,805,1290,0.8,4027,6449,INTERNATIONAL,TOP SERVICES
1136.0,2024-01-30 00:00:00,2024,1,MSC,Seahorse,CNSGH-CNNBO-THLCH-MYKLA-SGSIN-IDSUB-IDJKT-MYTPP-CNQZH-HKHKG-CNSGH,Shanghai-Ningbo-Laem Chabang-Port Klang-Singapore-Surabaya-Jakarta-Tanjung Pelepas-Qinzhou-Hongkong-Shanghai,Direct,4,62,31,2.2,848,1197,0.25,3390,4787,INTERNATIONAL,TOP SERVICES
1137.0,2024-01-01 00:00:00,2024,1,MSK,IA-8,CNSGH-CNTXG-CNQIN-TWKEL-SGSIN-MYTPP-IDJKT-IDSUB-PHDVO-CNSGH,Shanghai-Xingang-Qingdao-Keelung-Singapore-Tanjung Pelepas-Jakarta-Surabaya-Davao-Shanghai,Direct,5,81,33,2.7,1937,3047,0.4,9684,15237,INTERNATIONAL,TOP SERVICES
1138.0,2024-01-02 00:00:00,2024,1,NSS,KCI,IDJKT-IDSUB-CNSHK-CNXAM-KRPUS-CNQIN-CNSGH-CNNBO-IDJKT,Jakarta-Surabaya-Shekou-Xiamen-Pusan-Qingdao-Shanghai-Ningbo-Jakarta,Direct,1,44,19,2.1,801,1222,0.0,801,1222,INTERNATIONAL,TOP SERVICES
1139.0,2024-01-03 00:00:00,2024,1,ONE,CS 2,HKHKG–CNNSH–CNSHK–IDSUB–IDSRG– IDJKT–MYKLA (North)–MYKLA (West)– HKHKG,HongKong–Nansha–Shekou–Surabaya–Semarang– Jakarta–Port Klang (North)–Port Klang (West)– HongKong,Direct,2,48,22,2.4,741,1094,0.0,1482,2187,INTERNATIONAL,TOP SERVICES
1140.0,2024-01-04 00:00:00,2024,1,ONE,KCI,IDJKT-IDSUB-CNSHK-CNXAM-KRPUS-CNQIN-CNSGH-CNNBO-IDJKT,Jakarta-Surabaya-Shekou-Xiamen-Pusan-Qingdao-Shanghai-Ningbo-Jakarta,Direct,1,41,19,2,772,1329,0.0,772,1329,INTERNATIONAL,TOP SERVICES
1141.0,2024-01-05 00:00:00,2024,1,OOL,ITS,MYKLA-SGSIN-IDSRG-IDSUB-MYKLA- SGSIN-THBKK THSCS-THLCH,Port Klang-Singapore-Semarang-Surabaya-Port Klang- Singapore-Bangkok Sahathai Terminal-Laem Chabang,Feeder,2,56,28,2.2,863,1221,1.0,1725,2441,INTERNATIONAL,TOP SERVICES
1142.0,2024-01-06 00:00:00,2024,1,OOL,CHINA1,CNSGH-CNNBO-CNSTG-CNSHK-IDJKT-IDSUB-PHMNL South-PHMNL North-CNSGH,Shanghai-Ningbo-Shantou-Shekou-Jakarta-Surabaya-Manila South-Manila North-Shanghai,Direct,1,61,20,3,1020,1526,0.0,1020,1526,INTERNATIONAL,TOP SERVICES
1143.0,2024-01-07 00:00:00,2024,1,PIL,SSE,SGSIN-IDSUB-SGSIN,Singapore-Surabaya-Singapore,Feeder,0,0,0,0,0,0,0.0,0,0,INTERNATIONAL,TOP SERVICES
1144.0,2024-01-08 00:00:00,2024,1,PIL,SUS,0,0,0,0,0,0,0,0,0,0.0,0,0,INTERNATIONAL,TOP SERVICES
1145.0,2024-01-09 00:00:00,2024,1,RCL,RMI3,SGSIN-IDSUB-SGSIN-MYKLA-MYNTL-MYKLA-SGSIN,Singapore-Surabaya-Singapore-Port Klang-Penang-Port Klang-Singapore,Feeder,0,0,0,0,0,0,0.0,0,0,INTERNATIONAL,TOP SERVICES
1146.0,2024-01-10 00:00:00,2024,1,RCL,CS 2,HKHKG–CNNSH–CNSHK–IDSUB–IDSRG– IDJKT–MYKLA (North)–MYKLA (West)– HKHKG,HongKong–Nansha–Shekou–Surabaya–Semarang– Jakarta–Port Klang (North)–Port Klang (West)– HongKong,Direct,2,41,27,3,579,812,0.5,1157,1623,INTERNATIONAL,TOP SERVICES
1147.0,2024-01-11 00:00:00,2024,1,SIT,CMI,IDJKT-IDSRG-IDSUB-IDMAK-PHBTG-CNSGH-CNXAM-CNSHK-CNNSH-MYBTU-IDJKT,Jakarta-Semarang-Surabaya-Makassar-Batangas-Shanghai-Xiamen-Shekou-Nansha-Bintulu-Jakarta,Direct,4,35,20,2,464,649,0.25,1855,2594,INTERNATIONAL,TOP SERVICES
1148.0,2024-01-12 00:00:00,2024,1,SIT,CMI2,CNSHK-CNNSH-VNSGN-IDJKT-IDSRG- IDSUB-MYBTU-CNQGS-CNSHK,Shekou-Nansha-Hochiminh-Jakarta-Semarang- Surabaya-Bintulu-Qinzhao-Shekou,Direct,0,0,0,0,0,0,0.0,0,0,INTERNATIONAL,TOP SERVICES
1149.0,2024-01-13 00:00:00,2024,1,SIT,KCI,IDJKT-IDSUB-CNSHK-CNXAM-KRPUS-CNQIN-CNSGH-CNNBO-IDJKT,Jakarta-Surabaya-Shekou-Xiamen-Pusan-Qingdao-Shanghai-Ningbo-Jakarta,Direct,1,37,18,2,815,1306,0.0,815,1306,INTERNATIONAL,TOP SERVICES
1150.0,2024-01-14 00:00:00,2024,1,SSL,SSS-SAT,SGSIN-IDSUB-SGSIN,Singapore-Surabaya-Singapore,Feeder,5,70,28,2.6,1459,2174,0.4,7295,10868,INTERNATIONAL,TOP SERVICES
1151.0,2024-01-15 00:00:00,2024,1,SSL,SSS-WED,SGSIN-IDSUB-SGSIN,Singapore-Surabaya-Singapore,Feeder,4,74,35,2,1234,1795,0.75,4936,7180,INTERNATIONAL,TOP SERVICES
1152.0,2024-01-16 00:00:00,2024,1,SSL,SSE,SGSIN-IDSUB-SGSIN,Singapore-Surabaya-Singapore,Feeder,0,0,0,0,0,0,0.0,0,0,INTERNATIONAL,TOP SERVICES
1153.0,2024-01-17 00:00:00,2024,1,SSL,AD HOC SSL,Various route,Various route,Ad Hoc,1,60,28,3,790,1448,1.0,790,1448,INTERNATIONAL,TOP SERVICES
1154.0,2024-01-18 00:00:00,2024,1,TSL,KCI,IDJKT-IDSUB-CNSHK-CNXAM-KRPUS-CNQIN-CNSGH-CNNBO-IDJKT,Jakarta-Surabaya-Shekou-Xiamen-Pusan-Qingdao-Shanghai-Ningbo-Jakarta,Direct,1,32,16,2.3,844,1222,0.0,844,1222,INTERNATIONAL,TOP SERVICES
1155.0,2024-01-19 00:00:00,2024,1,WHL,CS 2,HKHKG–CNNSH–CNSHK–IDSUB–IDSRG– IDJKT–MYKLA (North)–MYKLA (West)– HKHKG,HongKong–Nansha–Shekou–Surabaya–Semarang– Jakarta–Port Klang (North)–Port Klang (West)– HongKong,Direct,0,0,0,0,0,0,0.0,0,0,INTERNATIONAL,TOP SERVICES
1156.0,2024-01-20 00:00:00,2024,1,WHL,TPI,IDJKT-IDSRG-IDSUB-TWKHH-TWTXG-TWKHH-TWTPE,Jakarta-Semarang-Surabaya-Kaohsiung-Taichung-Kaohsiung-Taipei,Direct,4,50,25,2.4,907,1395,0.25,3628,5580,INTERNATIONAL,TOP SERVICES
1157.0,2024-01-21 00:00:00,2024,1,WHL,Ad Hoc WHL,Various route,Various route,Ad Hoc,0,0,0,0,0,0,0.0,0,0,INTERNATIONAL,TOP SERVICES
1158.0,2024-01-22 00:00:00,2024,1,WHL,C18,IDSUB-SGSIN-MYKLA- INMUN-INNSA,Surabaya-Singapore-Port Klang- Mundra-Nhava Sheva,Direct,0,0,0,0,0,0,0.0,0,0,INTERNATIONAL,TOP SERVICES
1159.0,2024-01-23 00:00:00,2024,1,XCL,SSX,SGSIN-IDSUB-SGSIN,Singapore-Surabaya-Singapore,Feeder,0,0,0,0,0,0,0.0,0,0,INTERNATIONAL,TOP SERVICES
1160.0,2024-01-24 00:00:00,2024,1,YML,ITS,MYKLA-SGSIN-IDSRG-IDSUB-MYKLA- SGSIN-THBKK THSCS-THLCH,Port Klang-Singapore-Semarang-Surabaya-Port Klang- Singapore-Bangkok Sahathai Terminal-Laem Chabang,Feeder,1,46,19,2.7,821,1157,1.0,821,1157,INTERNATIONAL,TOP SERVICES
1161.0,2024-02-01 00:00:00,2024,2,ANL,APR,MYKLA-SGSIN-IDJKT-IDSUB-PGLAE-PGKIM-PGMTK- AUTSV-MYKLA,Port Klang-Singapore-Jakarta-Surabaya-Lae-Kimbe-Motukea Island- Townsville-Port Klang,Direct,1,10,75,0.3,39,59,0.0,39,59,INTERNATIONAL,TOP SERVICES
1162.0,2024-02-02 00:00:00,2024,2,ANL,PAX,SGSIN-IDSUB-TLDIL-AUDRW-SGSIN,Singapore-Surabaya-Dili-Darwin-Singapore,Direct,2,24,28,1.4,115,205,1.0,230,410,INTERNATIONAL,TOP SERVICES
1163.0,2024-02-03 00:00:00,2024,2,BEN,ETS/SDD,SGSIN-IDSUB-TLDIL,Singapore-Surabaya-Dili,Direct,1,7,18,0.9,51,93,1.0,51,93,INTERNATIONAL,TOP SERVICES
1164.0,2024-02-04 00:00:00,2024,2,CMA,CHINA 1,CNSGH-CNNBO-CNSTG-CNSHK-IDJKT-IDSUB-PHMNL South-PHMNL North-CNSGH,Shanghai-Ningbo-Shantou-Shekou-Jakarta-Surabaya-Manila South-Manila North-Shanghai,Direct,2,65,36,2.1,890,1281,0.0,1779,2561,INTERNATIONAL,TOP SERVICES
1165.0,2024-02-05 00:00:00,2024,2,CMA,CS 2,HKHKG–CNNSH–CNSHK–IDSUB–IDSRG– IDJKT–MYKLA (North)–MYKLA (West)– HKHKG,HongKong–Nansha–Shekou–Surabaya–Semarang– Jakarta–Port Klang (North)–Port Klang (West)– HongKong,Direct,2,41,21,2.2,635,932,1.0,1270,1863,INTERNATIONAL,TOP SERVICES
1166.0,2024-02-06 00:00:00,2024,2,CMA,KCS,North South: CNLYG-CNQIN-CNNSH-MYTPP-SGSIN-IDJKT-IDSUB-PHDVO-CNSGH-CNDAL. East-West: CNYTN-CNNSH-CNCWN-HKHKG-PHMNL South-PHMNL North,North South: Lianyungang-Qingdao-Nansha-Port Kelang-Singapore-Jakarta-Surabaya-Davao-Shanghai-Dalian. East-West: Yantian-Nansha-Chiwan-Hongkong-Manila South-Manila North,Direct,4,70,28,2.6,1594,2686,0.0,6375,10743,INTERNATIONAL,TOP SERVICES
1167.0,2024-02-07 00:00:00,2024,2,CMA,JSS,SGSIN-IDSRG-IDSUB-SGSIN,Singapore-Semarang-Surabaya-Singapore,Feeder,2,90,31,3,2217,3322,0.0,4433,6643,INTERNATIONAL,TOP SERVICES
1168.0,2024-02-08 00:00:00,2024,2,CMA,Ad Hoc CMA,SGSIN-IDSRG-IDSUB-SGSIN,Singapore-Semarang-Surabaya-Singapore,Ad Hoc,0,0,0,0,0,0,0.0,0,0,INTERNATIONAL,TOP SERVICES
1169.0,2024-02-09 00:00:00,2024,2,COS,GMI,IDJKT-IDSUB-SGSIN-MYPGU-SGSIN-MYKLA,Jakarta-Surabaya-Singapore-Pasir Gudang-Singapore-Port Kelang West,Feeder,0,0,0,0,0,0,0.0,0,0,INTERNATIONAL,TOP SERVICES
1170.0,2024-02-10 00:00:00,2024,2,COS,SSS-SAT,SGSIN-IDSUB-SGSIN,Singapore-Surabaya-Singapore,Feeder,0,0,0,0,0,0,0.0,0,0,INTERNATIONAL,TOP SERVICES
1171.0,2024-02-11 00:00:00,2024,2,COS,SSS-WED,SGSIN-IDSUB-SGSIN,Singapore-Surabaya-Singapore,Feeder,0,0,0,0,0,0,0.0,0,0,INTERNATIONAL,TOP SERVICES
1172.0,2024-02-12 00:00:00,2024,2,COS,KCS,North South: CNLYG-CNQIN-CNNSH-MYTPP-SGSIN-IDJKT-IDSUB-PHDVO-CNSGH-CNDAL. East-West: CNYTN-CNNSH-CNCWN-HKHKG-PHMNL South-PHMNL North,North South: Lianyungang-Qingdao-Nansha-Port Kelang-Singapore-Jakarta-Surabaya-Davao-Shanghai-Dalian. East-West: Yantian-Nansha-Chiwan-Hongkong-Manila South-Manila North,Direct,1,49,22,2.3,971,1491,0.0,971,1491,INTERNATIONAL,TOP SERVICES
1173.0,2024-02-13 00:00:00,2024,2,COS,JSS,SGSIN-IDSRG-IDSUB-SGSIN,Singapore-Semarang-Surabaya-Singapore,Feeder,2,77,25,3.1,2202,3351,1.0,4404,6702,INTERNATIONAL,TOP SERVICES
1174.0,2024-02-14 00:00:00,2024,2,EMC,CIT,CNNBO-CNSGH-HKHKG (Zhujiang)-CNSHK-IDSUB-IDSRG-IDJKT-SGSIN-THLCH-HKHKG-CNNBO,Ningbo-Shanghai-Hong Kong (Zhujiang)-Shekou-Surabaya-Semarang-Jakarta-Singapore-Laemchabang-Hong Kong-Ningbo,Direct,9,48,26,2.1,612,928,0.56,5509,8352,INTERNATIONAL,TOP SERVICES
1175.0,2024-02-15 00:00:00,2024,2,EMC,JPI-A,JPYOK-JPTYO-JPSMZ-JPNGO-JPUKB-TWTPE-TWKHH-PHMNL South-IDSUB-IDJKT-MYTPP-MYBTU-TWKHH,Yokohama-Tokyo-Shimizu-Nagoya-Kobe-Taipei-Kaohsiung-Manila South-Surabaya-Jakarta-Tanjung Pelepas-Bintulu-Kaohsiung,Direct,9,55,24,2.5,881,1321,0.11,7933,11886,INTERNATIONAL,TOP SERVICES
1176.0,2024-02-16 00:00:00,2024,2,EMC,JPI-B,CNSHK-HKHKG-IDJKT-IDSRG-IDSUB-PHMNL South-TWKHH-TWTPE-JPYOK,Shekou-Hong Kong-Jakarta-Semarang-Surabaya-Manila South-Kaohsiung-Taipei-Yokohama,Direct,3,37,24,1.7,572,813,0.33,1715,2438,INTERNATIONAL,TOP SERVICES
1177.0,2024-02-17 00:00:00,2024,2,EMC,TMI,IDSUB-IDSRG-MYTPP-THLCH,Surabaya-Semarang-Tanjung Pelepas-Laemchabang,Feeder,0,0,0,0,0,0,0.0,0,0,INTERNATIONAL,TOP SERVICES
1178.0,2024-02-18 00:00:00,2024,2,EMC,VMI,VNHPH-VNSGN-MYKLA West Port-MYTPP-IDJKT-IDSRG-IDSUB,Haipong-Ho Chi Minh City-Port Klang West Port-Tanjung Pelepas-Jakarta-Semarang-Surabaya,Direct,4,44,26,2,2125,2968,0.25,2125,2968,INTERNATIONAL,TOP SERVICES
1179.0,2024-02-19 00:00:00,2024,2,GSL,ITS,MYKLA-SGSIN-IDSRG-IDSUB-MYKLA- SGSIN-THBKK THSCS-THLCH,Port Klang-Singapore-Semarang-Surabaya-Port Klang- Singapore-Bangkok Sahathai Terminal-Laem Chabang,Feeder,2,45,26,1.9,1025,1383,0.0,2049,2766,INTERNATIONAL,TOP SERVICES
1180.0,2024-02-20 00:00:00,2024,2,HPL,AD HOC HPA,Various route,Various route,Ad Hoc,0,,,,,,,0,0,INTERNATIONAL,TOP SERVICES
1181.0,2024-02-21 00:00:00,2024,2,KAL,Ad Hoc KRL,Various route,Various route,Ad Hoc,0,0,0,0,0,0,0.0,0,0,INTERNATIONAL,TOP SERVICES
1182.0,2024-02-22 00:00:00,2024,2,KMT,CKI,KRPUS-KRKWA-CNSGH-CNNBO-HKHKG-IDJKT-IDSUB-VNSGN VNCLI-CNNBO-CNSGH-KRPUS,Pusan-Kwangyang-Shanghai-Ningbo-Hongkong-Jakarta-Surabaya-Hochiminh Cat Lai-Ningbo-Shanghai-Pusan,Direct,5,37,22,1.9,447,651,0.0,2234,3253,INTERNATIONAL,TOP SERVICES
1183.0,2024-02-23 00:00:00,2024,2,KSL,KPG,IDJKT-IDSUB-MYKLA West-INNSA-AEJEA-LKCMB-SADMM-PKKHI-INMUN,Jakarta-Surabaya-Port Klang West-Nhava Sheva-Jebel Ali-Colomba-Dammam-Karachi-Mundra,Direct,0,0,0,0,0,0,0.0,0,0,INTERNATIONAL,TOP SERVICES
1184.0,2024-02-24 00:00:00,2024,2,LMA,ETS/SDD,SGSIN-IDSUB-TLDIL,Singapore-Surabaya-Dili,Direct,2,12,15,1,71,123,,141,245,INTERNATIONAL,TOP SERVICES
1185.0,2024-02-25 00:00:00,2024,2,MEL,Ad Hoc MKP,Various route,Various route,Ad Hoc,0,0,0,0,0,0,0.0,0,0,INTERNATIONAL,TOP SERVICES
1186.0,2024-02-26 00:00:00,2024,2,MPN,MPN AD HOC,Various route,Various route,Ad Hoc,0,0,0,0,0,0,0.0,0,0,INTERNATIONAL,TOP SERVICES
1187.0,2024-02-27 00:00:00,2024,2,MSC,NEW JAVA F,SGSIN-MYTPP-IDJKT-IDSUB-SGSIN,Singapore-Tanjung Pelepas-Jakarta-Surabaya-Singapore,Feeder,0,0,0,0,0,0,0.0,0,0,INTERNATIONAL,TOP SERVICES
1188.0,2024-02-28 00:00:00,2024,2,MSC,NEW JAVA T,SGSIN-MYTPP-IDSRG-IDSUB,Singapore-Tanjung Pelepas-Semarang-Surabaya,Feeder,0,0,0,0,0,0,0.0,0,0,INTERNATIONAL,TOP SERVICES
1189.0,2024-02-29 00:00:00,2024,2,MSC,DOLPHIN,CNSGH-CNNBO-CNXAM-MYTPP-SGSIN-IDJKT-IDSUB-MYTPP-SGSIN-THLCH-VNVUT-CNSGH,Shanghai-Ningbo-Xiamen-Tanjung Pelepas-Singapore-Jakarta-Surabaya-Tanjung Pelepas-Singapore-Laem Chabang-Vung Tau-Shanghai,Direct,4,44,19,2.5,789,1188,0.75,3154,4753,INTERNATIONAL,TOP SERVICES
1190.0,2024-02-01 00:00:00,2024,2,MSC,Seahorse,CNSGH-CNNBO-THLCH-MYKLA-SGSIN-IDSUB-IDJKT-MYTPP-CNQZH-HKHKG-CNSGH,Shanghai-Ningbo-Laem Chabang-Port Klang-Singapore-Surabaya-Jakarta-Tanjung Pelepas-Qinzhou-Hongkong-Shanghai,Direct,4,58,26,2.5,854,1234,0.0,3415,4936,INTERNATIONAL,TOP SERVICES
1191.0,2024-02-02 00:00:00,2024,2,MSK,IA-8,CNSGH-CNTXG-CNQIN-TWKEL-SGSIN-MYTPP-IDJKT-IDSUB-PHDVO-CNSGH,Shanghai-Xingang-Qingdao-Keelung-Singapore-Tanjung Pelepas-Jakarta-Surabaya-Davao-Shanghai,Direct,4,76,27,2.6,2319,3765,0.0,9274,15059,INTERNATIONAL,TOP SERVICES
1192.0,2024-02-03 00:00:00,2024,2,NSS,KCI,IDJKT-IDSUB-CNSHK-CNXAM-KRPUS-CNQIN-CNSGH-CNNBO-IDJKT,Jakarta-Surabaya-Shekou-Xiamen-Pusan-Qingdao-Shanghai-Ningbo-Jakarta,Direct,1,0,17,2.2,670,991,0.0,670,991,INTERNATIONAL,TOP SERVICES
1193.0,2024-02-04 00:00:00,2024,2,ONE,CS 2,HKHKG–CNNSH–CNSHK–IDSUB–IDSRG– IDJKT–MYKLA (North)–MYKLA (West)– HKHKG,HongKong–Nansha–Shekou–Surabaya–Semarang– Jakarta–Port Klang (North)–Port Klang (West)– HongKong,Direct,1,36,18,2,606,915,0.0,606,915,INTERNATIONAL,TOP SERVICES
1194.0,2024-02-05 00:00:00,2024,2,ONE,KCI,IDJKT-IDSUB-CNSHK-CNXAM-KRPUS-CNQIN-CNSGH-CNNBO-IDJKT,Jakarta-Surabaya-Shekou-Xiamen-Pusan-Qingdao-Shanghai-Ningbo-Jakarta,Direct,1,0,0,0,742,1125,0.0,742,1125,INTERNATIONAL,TOP SERVICES
1195.0,2024-02-06 00:00:00,2024,2,OOL,ITS,MYKLA-SGSIN-IDSRG-IDSUB-MYKLA- SGSIN-THBKK THSCS-THLCH,Port Klang-Singapore-Semarang-Surabaya-Port Klang- Singapore-Bangkok Sahathai Terminal-Laem Chabang,Feeder,1,61,25,2.2,995,1365,1.0,995,1365,INTERNATIONAL,TOP SERVICES
1196.0,2024-02-07 00:00:00,2024,2,OOL,CHINA1,CNSGH-CNNBO-CNSTG-CNSHK-IDJKT-IDSUB-PHMNL South-PHMNL North-CNSGH,Shanghai-Ningbo-Shantou-Shekou-Jakarta-Surabaya-Manila South-Manila North-Shanghai,Direct,1,77,30,3,1315,1991,0.0,1315,1991,INTERNATIONAL,TOP SERVICES
1197.0,2024-02-08 00:00:00,2024,2,PIL,SSE,SGSIN-IDSUB-SGSIN,Singapore-Surabaya-Singapore,Feeder,0,0,0,0,0,0,0.0,0,0,INTERNATIONAL,TOP SERVICES
1198.0,2024-02-09 00:00:00,2024,2,PIL,SUS,0,0,0,0,0,0,0,0,0,0.0,0,0,INTERNATIONAL,TOP SERVICES
1199.0,2024-02-10 00:00:00,2024,2,RCL,RMI3,SGSIN-IDSUB-SGSIN-MYKLA-MYNTL-MYKLA-SGSIN,Singapore-Surabaya-Singapore-Port Klang-Penang-Port Klang-Singapore,Feeder,0,0,0,0,0,0,0.0,0,0,INTERNATIONAL,TOP SERVICES
1200.0,2024-02-11 00:00:00,2024,2,RCL,CS 2,HKHKG–CNNSH–CNSHK–IDSUB–IDSRG– IDJKT–MYKLA (North)–MYKLA (West)– HKHKG,HongKong–Nansha–Shekou–Surabaya–Semarang– Jakarta–Port Klang (North)–Port Klang (West)– HongKong,Direct,2,28,17,2,501,669,0.5,1001,1337,INTERNATIONAL,TOP SERVICES
1201.0,2024-02-12 00:00:00,2024,2,SIT,CMI,IDJKT-IDSRG-IDSUB-IDMAK-PHBTG-CNSGH-CNXAM-CNSHK-CNNSH-MYBTU-IDJKT,Jakarta-Semarang-Surabaya-Makassar-Batangas-Shanghai-Xiamen-Shekou-Nansha-Bintulu-Jakarta,Direct,4,34,23,1.7,397,587,0.0,1589,2349,INTERNATIONAL,TOP SERVICES
1202.0,2024-02-13 00:00:00,2024,2,SIT,CMI2,CNSHK-CNNSH-VNSGN-IDJKT-IDSRG- IDSUB-MYBTU-CNQGS-CNSHK,Shekou-Nansha-Hochiminh-Jakarta-Semarang- Surabaya-Bintulu-Qinzhao-Shekou,Direct,0,0,0,0,0,0,0.0,0,0,INTERNATIONAL,TOP SERVICES
1203.0,2024-02-14 00:00:00,2024,2,SIT,KCI,IDJKT-IDSUB-CNSHK-CNXAM-KRPUS-CNQIN-CNSGH-CNNBO-IDJKT,Jakarta-Surabaya-Shekou-Xiamen-Pusan-Qingdao-Shanghai-Ningbo-Jakarta,Direct,1,36,22,1.6,741,1059,0.0,741,1059,INTERNATIONAL,TOP SERVICES
1204.0,2024-02-15 00:00:00,2024,2,SSL,SSS-SAT,SGSIN-IDSUB-SGSIN,Singapore-Surabaya-Singapore,Feeder,4,66,29,2.3,1775,2696,0.0,7099,10785,INTERNATIONAL,TOP SERVICES
1205.0,2024-02-16 00:00:00,2024,2,SSL,SSS-WED,SGSIN-IDSUB-SGSIN,Singapore-Surabaya-Singapore,Feeder,4,71,29,2,1600,2303,0.75,6400,9210,INTERNATIONAL,TOP SERVICES
1206.0,2024-02-17 00:00:00,2024,2,SSL,SSE,SGSIN-IDSUB-SGSIN,Singapore-Surabaya-Singapore,Feeder,0,0,0,0,0,0,0.0,0,0,INTERNATIONAL,TOP SERVICES
1207.0,2024-02-18 00:00:00,2024,2,SSL,AD HOC SSL,Various route,Various route,Ad Hoc,1,60,28,3,790,1448,1.0,790,1448,INTERNATIONAL,TOP SERVICES
1208.0,2024-02-19 00:00:00,2024,2,TSL,KCI,IDJKT-IDSUB-CNSHK-CNXAM-KRPUS-CNQIN-CNSGH-CNNBO-IDJKT,Jakarta-Surabaya-Shekou-Xiamen-Pusan-Qingdao-Shanghai-Ningbo-Jakarta,Direct,1,34,16,2.2,708,1032,0.0,708,1032,INTERNATIONAL,TOP SERVICES
1209.0,2024-02-20 00:00:00,2024,2,WHL,CS 2,HKHKG–CNNSH–CNSHK–IDSUB–IDSRG– IDJKT–MYKLA (North)–MYKLA (West)– HKHKG,HongKong–Nansha–Shekou–Surabaya–Semarang– Jakarta–Port Klang (North)–Port Klang (West)– HongKong,Direct,0,0,0,0,0,0,0.0,0,0,INTERNATIONAL,TOP SERVICES
1210.0,2024-02-21 00:00:00,2024,2,WHL,TPI,IDJKT-IDSRG-IDSUB-TWKHH-TWTXG-TWKHH-TWTPE,Jakarta-Semarang-Surabaya-Kaohsiung-Taichung-Kaohsiung-Taipei,Direct,4,49,20,2.4,908,1380,0.25,3633,5521,INTERNATIONAL,TOP SERVICES
1211.0,2024-02-22 00:00:00,2024,2,WHL,Ad Hoc WHL,Various route,Various route,Ad Hoc,0,0,0,0,0,0,0.0,0,0,INTERNATIONAL,TOP SERVICES
1212.0,2024-02-23 00:00:00,2024,2,WHL,C18,IDSUB-SGSIN-MYKLA- INMUN-INNSA,Surabaya-Singapore-Port Klang- Mundra-Nhava Sheva,Direct,0,0,0,0,0,0,0.0,0,0,INTERNATIONAL,TOP SERVICES
1213.0,2024-02-24 00:00:00,2024,2,XCL,SSX,SGSIN-IDSUB-SGSIN,Singapore-Surabaya-Singapore,Feeder,0,0,0,0,0,0,0.0,0,0,INTERNATIONAL,TOP SERVICES
1214.0,2024-02-25 00:00:00,2024,2,YML,ITS,MYKLA-SGSIN-IDSRG-IDSUB-MYKLA- SGSIN-THBKK THSCS-THLCH,Port Klang-Singapore-Semarang-Surabaya-Port Klang- Singapore-Bangkok Sahathai Terminal-Laem Chabang,Feeder,1,49,23,2.4,414,560,0.0,414,560,INTERNATIONAL,TOP SERVICES
,03/2024,2024,3,ANL,APR,MYKLA-SGSIN-IDJKT-IDSUB-PGLAE-PGKIM-PGMTK- AUTSV-MYKLA,Port Klang-Singapore-Jakarta-Surabaya-Lae-Kimbe-Motukea Island- Townsville-Port Klang,Direct,1,9,15,0.7,59,94,0.0,59,94,INTERNATIONAL,TOP SERVICES
,03/2024,2024,3,ANL,PAX,SGSIN-IDSUB-TLDIL-AUDRW-SGSIN,Singapore-Surabaya-Dili-Darwin-Singapore,Direct,3,19,26,1.1,103,170,1.0,308,509,INTERNATIONAL,TOP SERVICES
,03/2024,2024,3,BEN,ETS/SDD,SGSIN-IDSUB-TLDIL,Singapore-Surabaya-Dili,Direct,2,11,17,1,72,123,1.0,144,245,INTERNATIONAL,TOP SERVICES
,03/2024,2024,3,CMA,CHINA 1,CNSGH-CNNBO-CNSTG-CNSHK-IDJKT-IDSUB-PHMNL South-PHMNL North-CNSGH,Shanghai-Ningbo-Shantou-Shekou-Jakarta-Surabaya-Manila South-Manila North-Shanghai,Direct,1,48,24,2,1139,1810,0.0,1139,1810,INTERNATIONAL,TOP SERVICES
,03/2024,2024,3,CMA,CS 2,HKHKG–CNNSH–CNSHK–IDSUB–IDSRG– IDJKT–MYKLA (North)–MYKLA (West)– HKHKG,HongKong–Nansha–Shekou–Surabaya–Semarang– Jakarta–Port Klang (North)–Port Klang (West)– HongKong,Direct,1,48,31,1.7,677,1020,1.0,677,1020,INTERNATIONAL,TOP SERVICES
,03/2024,2024,3,CMA,KCS,North South: CNLYG-CNQIN-CNNSH-MYTPP-SGSIN-IDJKT-IDSUB-PHDVO-CNSGH-CNDAL. East-West: CNYTN-CNNSH-CNCWN-HKHKG-PHMNL South-PHMNL North,North South: Lianyungang-Qingdao-Nansha-Port Kelang-Singapore-Jakarta-Surabaya-Davao-Shanghai-Dalian. East-West: Yantian-Nansha-Chiwan-Hongkong-Manila South-Manila North,Direct,4,71,32,2.4,1662,2797,0.0,6648,11188,INTERNATIONAL,TOP SERVICES
,03/2024,2024,3,CMA,JSS,SGSIN-IDSRG-IDSUB-SGSIN,Singapore-Semarang-Surabaya-Singapore,Feeder,2,72,34,2.1,2296,3397,0.5,4591,6794,INTERNATIONAL,TOP SERVICES
,03/2024,2024,3,CMA,Ad Hoc CMA,SGSIN-IDSRG-IDSUB-SGSIN,Singapore-Semarang-Surabaya-Singapore,Ad Hoc,0,0,0,0,0,0,0.0,0,0,INTERNATIONAL,TOP SERVICES
,03/2024,2024,3,COS,GMI,IDJKT-IDSUB-SGSIN-MYPGU-SGSIN-MYKLA,Jakarta-Surabaya-Singapore-Pasir Gudang-Singapore-Port Kelang West,Feeder,0,0,0,0,0,0,0.0,0,0,INTERNATIONAL,TOP SERVICES
,03/2024,2024,3,COS,SSS-SAT,SGSIN-IDSUB-SGSIN,Singapore-Surabaya-Singapore,Feeder,0,0,0,0,0,0,0.0,0,0,INTERNATIONAL,TOP SERVICES
,03/2024,2024,3,COS,SSS-WED,SGSIN-IDSUB-SGSIN,Singapore-Surabaya-Singapore,Feeder,0,0,0,0,0,0,0.0,0,0,INTERNATIONAL,TOP SERVICES
,03/2024,2024,3,COS,KCS,North South: CNLYG-CNQIN-CNNSH-MYTPP-SGSIN-IDJKT-IDSUB-PHDVO-CNSGH-CNDAL. East-West: CNYTN-CNNSH-CNCWN-HKHKG-PHMNL South-PHMNL North,North South: Lianyungang-Qingdao-Nansha-Port Kelang-Singapore-Jakarta-Surabaya-Davao-Shanghai-Dalian. East-West: Yantian-Nansha-Chiwan-Hongkong-Manila South-Manila North,Direct,0,,,,,,,0,0,INTERNATIONAL,TOP SERVICES
,03/2024,2024,3,COS,JSS,SGSIN-IDSRG-IDSUB-SGSIN,Singapore-Semarang-Surabaya-Singapore,Feeder,2,91,35,2.8,2656,3787,1.0,5311,7573,INTERNATIONAL,TOP SERVICES
,03/2024,2024,3,COS,CHINA 1,CNSGH-CNNBO-CNSTG-CNSHK-IDJKT-IDSUB-PHMNL South-PHMNL North-CNSGH,,,1,62,35,2,1300,2032,0.0,1300,2032,INTERNATIONAL,TOP SERVICES
,03/2024,2024,3,EMC,CIT,CNNBO-CNSGH-HKHKG (Zhujiang)-CNSHK-IDSUB-IDSRG-IDJKT-SGSIN-THLCH-HKHKG-CNNBO,Ningbo-Shanghai-Hong Kong (Zhujiang)-Shekou-Surabaya-Semarang-Jakarta-Singapore-Laemchabang-Hong Kong-Ningbo,Direct,3,56,34,1.9,607,972,0.67,1820,2917,INTERNATIONAL,TOP SERVICES
,03/2024,2024,3,EMC,JPI-A,JPYOK-JPTYO-JPSMZ-JPNGO-JPUKB-TWTPE-TWKHH-PHMNL South-IDSUB-IDJKT-MYTPP-MYBTU-TWKHH,Yokohama-Tokyo-Shimizu-Nagoya-Kobe-Taipei-Kaohsiung-Manila South-Surabaya-Jakarta-Tanjung Pelepas-Bintulu-Kaohsiung,Direct,4,64,29,2.5,986,1507,0.5,3942,6026,INTERNATIONAL,TOP SERVICES
,03/2024,2024,3,EMC,JPI-B,CNSHK-HKHKG-IDJKT-IDSRG-IDSUB-PHMNL South-TWKHH-TWTPE-JPYOK,Shekou-Hong Kong-Jakarta-Semarang-Surabaya-Manila South-Kaohsiung-Taipei-Yokohama,Direct,5,42,22,2.1,637,1034,0.4,3183,5170,INTERNATIONAL,TOP SERVICES
,03/2024,2024,3,EMC,TMI,IDSUB-IDSRG-MYTPP-THLCH,Surabaya-Semarang-Tanjung Pelepas-Laemchabang,Feeder,0,0,0,0,0,0,0.0,0,0,INTERNATIONAL,TOP SERVICES
,03/2024,2024,3,EMC,VMI,VNHPH-VNSGN-MYKLA West Port-MYTPP-IDJKT-IDSRG-IDSUB,Haipong-Ho Chi Minh City-Port Klang West Port-Tanjung Pelepas-Jakarta-Semarang-Surabaya,Direct,4,49,28,2,2583,3546,0.0,2583,3546,INTERNATIONAL,TOP SERVICES
,03/2024,2024,3,GSL,ITS,MYKLA-SGSIN-IDSRG-IDSUB-MYKLA- SGSIN-THBKK THSCS-THLCH,Port Klang-Singapore-Semarang-Surabaya-Port Klang- Singapore-Bangkok Sahathai Terminal-Laem Chabang,Feeder,1,39,21,1.9,893,1225,0.0,893,1225,INTERNATIONAL,TOP SERVICES
,03/2024,2024,3,HPL,AD HOC HPA,Various route,Various route,Ad Hoc,0,,,,,,,0,0,INTERNATIONAL,TOP SERVICES
,03/2024,2024,3,KAL,Ad Hoc KRL,Various route,Various route,Ad Hoc,0,0,0,0,0,0,0.0,0,0,INTERNATIONAL,TOP SERVICES
,03/2024,2024,3,KMT,CKI,KRPUS-KRKWA-CNSGH-CNNBO-HKHKG-IDJKT-IDSUB-VNSGN VNCLI-CNNBO-CNSGH-KRPUS,Pusan-Kwangyang-Shanghai-Ningbo-Hongkong-Jakarta-Surabaya-Hochiminh Cat Lai-Ningbo-Shanghai-Pusan,Direct,4,37,26,1.6,399,571,0.0,1597,2284,INTERNATIONAL,TOP SERVICES
,03/2024,2024,3,KSL,KPG,IDJKT-IDSUB-MYKLA West-INNSA-AEJEA-LKCMB-SADMM-PKKHI-INMUN,Jakarta-Surabaya-Port Klang West-Nhava Sheva-Jebel Ali-Colomba-Dammam-Karachi-Mundra,Direct,0,0,0,0,0,0,0.0,0,0,INTERNATIONAL,TOP SERVICES
,03/2024,2024,3,LMA,ETS/SDD,SGSIN-IDSUB-TLDIL,Singapore-Surabaya-Dili,Direct,1,17,26,0.9,72,133,1.0,72,133,INTERNATIONAL,TOP SERVICES
,03/2024,2024,3,MEL,Ad Hoc MKP,Various route,Various route,Ad Hoc,0,0,0,0,0,0,0.0,0,0,INTERNATIONAL,TOP SERVICES
,03/2024,2024,3,MPN,MPN AD HOC,,Various route,Ad Hoc,0,0,0,0,0,0,0.0,0,0,INTERNATIONAL,TOP SERVICES
,03/2024,2024,3,MSC,NEW JAVA F,SGSIN-MYTPP-IDJKT-IDSUB-SGSIN,Singapore-Tanjung Pelepas-Jakarta-Surabaya-Singapore,Feeder,0,0,0,0,0,0,0.0,0,0,INTERNATIONAL,TOP SERVICES
,03/2024,2024,3,MSC,NEW JAVA T,SGSIN-MYTPP-IDSRG-IDSUB,Singapore-Tanjung Pelepas-Semarang-Surabaya,Feeder,0,0,0,0,0,0,0.0,0,0,INTERNATIONAL,TOP SERVICES
,03/2024,2024,3,MSC,DOLPHIN,CNSGH-CNNBO-CNXAM-MYTPP-SGSIN-IDJKT-IDSUB-MYTPP-SGSIN-THLCH-VNVUT-CNSGH,Shanghai-Ningbo-Xiamen-Tanjung Pelepas-Singapore-Jakarta-Surabaya-Tanjung Pelepas-Singapore-Laem Chabang-Vung Tau-Shanghai,Direct,5,45,21,2.2,1009,1519,1.0,5044,7593,INTERNATIONAL,TOP SERVICES
,03/2024,2024,3,MSC,Seahorse,CNSGH-CNNBO-THLCH-MYKLA-SGSIN-IDSUB-IDJKT-MYTPP-CNQZH-HKHKG-CNSGH,Shanghai-Ningbo-Laem Chabang-Port Klang-Singapore-Surabaya-Jakarta-Tanjung Pelepas-Qinzhou-Hongkong-Shanghai,Direct,6,48,28,2,788,1155,0.33,4730,6929,INTERNATIONAL,TOP SERVICES
,03/2024,2024,3,MSK,IA-8,CNSGH-CNTXG-CNQIN-TWKEL-SGSIN-MYTPP-IDJKT-IDSUB-PHDVO-CNSGH,Shanghai-Xingang-Qingdao-Keelung-Singapore-Tanjung Pelepas-Jakarta-Surabaya-Davao-Shanghai,Direct,5,60,28,2.2,1697,2772,0.6,8485,13858,INTERNATIONAL,TOP SERVICES
,03/2024,2024,3,NSS,KCI,IDJKT-IDSUB-CNSHK-CNXAM-KRPUS-CNQIN-CNSGH-CNNBO-IDJKT,Jakarta-Surabaya-Shekou-Xiamen-Pusan-Qingdao-Shanghai-Ningbo-Jakarta,Direct,1,0,23,2,774,1207,0.0,774,1207,INTERNATIONAL,TOP SERVICES
,03/2024,2024,3,ONE,CS 2,HKHKG–CNNSH–CNSHK–IDSUB–IDSRG– IDJKT–MYKLA (North)–MYKLA (West)– HKHKG,HongKong–Nansha–Shekou–Surabaya–Semarang– Jakarta–Port Klang (North)–Port Klang (West)– HongKong,Direct,2,44,23,2,794,1213,0.0,1587,2426,INTERNATIONAL,TOP SERVICES
,03/2024,2024,3,ONE,KCI,IDJKT-IDSUB-CNSHK-CNXAM-KRPUS-CNQIN-CNSGH-CNNBO-IDJKT,Jakarta-Surabaya-Shekou-Xiamen-Pusan-Qingdao-Shanghai-Ningbo-Jakarta,Direct,1,0,0,0,990,1412,0.0,990,1412,INTERNATIONAL,TOP SERVICES
,03/2024,2024,3,OOL,ITS,MYKLA-SGSIN-IDSRG-IDSUB-MYKLA- SGSIN-THBKK THSCS-THLCH,Port Klang-Singapore-Semarang-Surabaya-Port Klang- Singapore-Bangkok Sahathai Terminal-Laem Chabang,Feeder,2,44,18,2.5,946,,0.0,1892,2604,INTERNATIONAL,TOP SERVICES
,03/2024,2024,3,OOL,CHINA1,CNSGH-CNNBO-CNSTG-CNSHK-IDJKT-IDSUB-PHMNL South-PHMNL North-CNSGH,Shanghai-Ningbo-Shantou-Shekou-Jakarta-Surabaya-Manila South-Manila North-Shanghai,Direct,1,69,30,2,1154,1667,0.0,1154,1667,INTERNATIONAL,TOP SERVICES
,03/2024,2024,3,PIL,SSE,SGSIN-IDSUB-SGSIN,Singapore-Surabaya-Singapore,Feeder,0,0,0,0,0,0,0.0,0,0,INTERNATIONAL,TOP SERVICES
,03/2024,2024,3,PIL,SUS,0,0,0,0,0,0,0,0,0,0.0,0,0,INTERNATIONAL,TOP SERVICES
,03/2024,2024,3,RCL,RMI3,SGSIN-IDSUB-SGSIN-MYKLA-MYNTL-MYKLA-SGSIN,Singapore-Surabaya-Singapore-Port Klang-Penang-Port Klang-Singapore,Feeder,0,0,0,0,0,0,0.0,0,0,INTERNATIONAL,TOP SERVICES
,03/2024,2024,3,RCL,CS 2,HKHKG–CNNSH–CNSHK–IDSUB–IDSRG– IDJKT–MYKLA (North)–MYKLA (West)– HKHKG,HongKong–Nansha–Shekou–Surabaya–Semarang– Jakarta–Port Klang (North)–Port Klang (West)– HongKong,Direct,1,31,20,1,815,1195,0.0,815,1195,INTERNATIONAL,TOP SERVICES
,03/2024,2024,3,SIT,CMI,IDJKT-IDSRG-IDSUB-IDMAK-PHBTG-CNSGH-CNXAM-CNSHK-CNNSH-MYBTU-IDJKT,Jakarta-Semarang-Surabaya-Makassar-Batangas-Shanghai-Xiamen-Shekou-Nansha-Bintulu-Jakarta,Direct,5,31,24,1.6,314,479,0.4,1569,2397,INTERNATIONAL,TOP SERVICES
,03/2024,2024,3,SIT,CMI2,CNSHK-CNNSH-VNSGN-IDJKT-IDSRG- IDSUB-MYBTU-CNQGS-CNSHK,Shekou-Nansha-Hochiminh-Jakarta-Semarang- Surabaya-Bintulu-Qinzhao-Shekou,Direct,0,0,0,0,0,0,0.0,0,0,INTERNATIONAL,TOP SERVICES
,03/2024,2024,3,SIT,KCI,IDJKT-IDSUB-CNSHK-CNXAM-KRPUS-CNQIN-CNSGH-CNNBO-IDJKT,Jakarta-Surabaya-Shekou-Xiamen-Pusan-Qingdao-Shanghai-Ningbo-Jakarta,Direct,1,40,22,1.6,866,1258,0.0,866,1258,INTERNATIONAL,TOP SERVICES
,03/2024,2024,3,SSL,SSS-SAT,SGSIN-IDSUB-SGSIN,Singapore-Surabaya-Singapore,Feeder,4,86,36,2.3,1900,2854,0.0,7601,11414,INTERNATIONAL,TOP SERVICES
,03/2024,2024,3,SSL,SSS-WED,SGSIN-IDSUB-SGSIN,Singapore-Surabaya-Singapore,Feeder,4,68,30,2,1519,2263,0.0,6074,9051,INTERNATIONAL,TOP SERVICES
,03/2024,2024,3,SSL,SSE,SGSIN-IDSUB-SGSIN,Singapore-Surabaya-Singapore,Feeder,0,0,0,0,0,0,0.0,0,0,INTERNATIONAL,TOP SERVICES
,03/2024,2024,3,SSL,AD HOC SSL,Various route,Various route,Ad Hoc,0,,,,,,,0,0,INTERNATIONAL,TOP SERVICES
,03/2024,2024,3,TSL,KCI,IDJKT-IDSUB-CNSHK-CNXAM-KRPUS-CNQIN-CNSGH-CNNBO-IDJKT,Jakarta-Surabaya-Shekou-Xiamen-Pusan-Qingdao-Shanghai-Ningbo-Jakarta,Direct,1,34,18,2,876,1333,0.0,876,1333,INTERNATIONAL,TOP SERVICES
,03/2024,2024,3,WHL,CS 2,HKHKG–CNNSH–CNSHK–IDSUB–IDSRG– IDJKT–MYKLA (North)–MYKLA (West)– HKHKG,HongKong–Nansha–Shekou–Surabaya–Semarang– Jakarta–Port Klang (North)–Port Klang (West)– HongKong,Direct,0,0,0,0,0,0,0.0,0,0,INTERNATIONAL,TOP SERVICES
,03/2024,2024,3,WHL,TPI,IDJKT-IDSRG-IDSUB-TWKHH-TWTXG-TWKHH-TWTPE,Jakarta-Semarang-Surabaya-Kaohsiung-Taichung-Kaohsiung-Taipei,Direct,5,39,19,2.1,1047,1638,0.6,5235,8192,INTERNATIONAL,TOP SERVICES
,03/2024,2024,3,WHL,Ad Hoc WHL,Various route,Various route,Ad Hoc,0,0,0,0,0,0,0.0,0,0,INTERNATIONAL,TOP SERVICES
,03/2024,2024,3,WHL,C18,IDSUB-SGSIN-MYKLA- INMUN-INNSA,Surabaya-Singapore-Port Klang- Mundra-Nhava Sheva,Direct,0,0,0,0,0,0,0.0,0,0,INTERNATIONAL,TOP SERVICES
,03/2024,2024,3,XCL,SSX,SGSIN-IDSUB-SGSIN,Singapore-Surabaya-Singapore,Feeder,0,0,0,0,0,0,0.0,0,0,INTERNATIONAL,TOP SERVICES
,03/2024,2024,3,YML,ITS,MYKLA-SGSIN-IDSRG-IDSUB-MYKLA- SGSIN-THBKK THSCS-THLCH,Port Klang-Singapore-Semarang-Surabaya-Port Klang- Singapore-Bangkok Sahathai Terminal-Laem Chabang,Feeder,0,,,,,,,0,0,INTERNATIONAL,TOP SERVICES
,03/2024,2024,3,CMA,AD HOC CMA,SGSIN-IDSRG-IDSUB-SGSIN,Malta,Feeder,0,0,0,0,0,0,0.0,0,0,DOMESTIK,TOP SERVICES
,03/2024,2024,3,SPI,SPIL AD HO,IDSUB - IDJKT - IDMAK - IDPAL,Surabaya - Jakarta - Makassar - Palu,Direct,6,20,20,1.16,373,407,1.0,2237,2439,DOMESTIK,TOP SERVICES
,03/2024,2024,3,TIL,TIL AD HOC,Various POO,Various POO,Direct,14,18,28,0.79,355,400,0.98,4976,5601,DOMESTIK,TOP SERVICES
,03/2024,2024,3,TEMAS,TEMAS AD H,IDSUB - IDMAK,Surabaya - Makassar,Feeder,0,0,0,0,0,0,0.0,0,0,DOMESTIK,TOP SERVICES
,03/2024,2024,3,ICON,ICON,,,Direct,2,15,23,0.87,169,200,1.0,338,399,DOMESTIK,TOP SERVICES
,03/2024,2024,3,MERATUS,MPN-BOA,IDSUB - IDBNA,Surabaya - Benoa,Direct,1,12,23,1,35,54,1.0,35,54,DOMESTIK,TOP SERVICES
,03/2024,2024,3,PNJ,PPNP-SUBMK,IDSUB - IDMAK,Surabaya - Makassar,,2,11,24,1,71,77,0.0,141,154,DOMESTIK,TOP SERVICES
,04/2024,2024,4,ANL,APR,MYKLA-SGSIN-IDJKT-IDSUB-PGLAE-PGKIM-PGMTK- AUTSV-MYKLA,Port Klang-Singapore-Jakarta-Surabaya-Lae-Kimbe-Motukea Island- Townsville-Port Klang,Direct,2,5,25,0.6,39,62,0.0,77,123,,TOP SERVICES
,04/2024,2024,4,ANL,PAX,MYKLA-SGSIN-IDJKT-IDSUB-PGLAE-PGKIM-PGMTK- AUTSV-MYKLA,Singapore-Surabaya-Dili-Darwin-Singapore,Direct,2,,,,,48,0.5,81,96,,TOP SERVICES
,04/2024,2024,4,BEN,ETS/SDD,SGSIN-IDSUB-TLDIL,Singapore-Surabaya-Dili,Direct,0,,,,,,,0,0,,TOP SERVICES
,04/2024,2024,4,CMA,CHINA 1,CNSGH-CNNBO-CNSTG-CNSHK-IDJKT-IDSUB-PHMNL South-PHMNL North-CNSGH,Shanghai-Ningbo-Shantou-Shekou-Jakarta-Surabaya-Manila South-Manila North-Shanghai,Direct,2,66,28,2024-04-02 00:00:00,1284,2048,0.0,2.567,4.096,,TOP SERVICES
,04/2024,2024,4,CMA,CS 2,CNSGH-CNNBO-CNSTG-CNSHK-IDJKT-IDSUB-PHMNL South-PHMNL North-CNSGH,HongKong–Nansha–Shekou–Surabaya–Semarang– Jakarta–Port Klang (North)–Port Klang (West)– HongKong,Direct,2,26,15,2.0,467,675,1.0,934,1.349,,TOP SERVICES
,04/2024,2024,4,CMA,KCS,CNSGH-CNNBO-CNSTG-CNSHK-IDJKT-IDSUB-PHMNL South-PHMNL North-CNSGH,North South: Lianyungang-Qingdao-Nansha-Port Kelang-Singapore-Jakarta-Surabaya-Davao-Shanghai-Dalian. East-West: Yantian-Nansha-Chiwan-Hongkong-Manila South-Manila North,Direct,4,67,26,2024-07-02 00:00:00,1640,2732,0.0,6.558,10.926,,TOP SERVICES
,04/2024,2024,4,CMA,JSS,CNSGH-CNNBO-CNSTG-CNSHK-IDJKT-IDSUB-PHMNL South-PHMNL North-CNSGH,Singapore-Semarang-Surabaya-Singapore,Feeder,2,66,28,2024-05-02 00:00:00,2037,3092,0.0,4.073,6.183,,TOP SERVICES
,04/2024,2024,4,CMA,Ad Hoc CMA,CNSGH-CNNBO-CNSTG-CNSHK-IDJKT-IDSUB-PHMNL South-PHMNL North-CNSGH,Singapore-Semarang-Surabaya-Singapore,Ad Hoc,0,0,0,0.0,0,0,0.0,0,0,,TOP SERVICES
,04/2024,2024,4,COS,GMI,IDJKT-IDSUB-SGSIN-MYPGU-SGSIN-MYKLA,Jakarta-Surabaya-Singapore-Pasir Gudang-Singapore-Port Kelang West,Feeder,0,0,0,0.0,0,0,0.0,0,0,,TOP SERVICES
,04/2024,2024,4,COS,SSS-SAT,IDJKT-IDSUB-SGSIN-MYPGU-SGSIN-MYKLA,Singapore-Surabaya-Singapore,Feeder,0,0,0,0.0,0,0,0.0,0,0,,TOP SERVICES
,04/2024,2024,4,COS,SSS-WED,IDJKT-IDSUB-SGSIN-MYPGU-SGSIN-MYKLA,Singapore-Surabaya-Singapore,Feeder,0,0,0,0,0,0,0.0,0,0,,TOP SERVICES
,04/2024,2024,4,COS,KCS,IDJKT-IDSUB-SGSIN-MYPGU-SGSIN-MYKLA,North South: Lianyungang-Qingdao-Nansha-Port Kelang-Singapore-Jakarta-Surabaya-Davao-Shanghai-Dalian. East-West: Yantian-Nansha-Chiwan-Hongkong-Manila South-Manila North,Direct,0,,,,,,,0,0,,TOP SERVICES
,04/2024,2024,4,COS,JSS,IDJKT-IDSUB-SGSIN-MYPGU-SGSIN-MYKLA,Singapore-Semarang-Surabaya-Singapore,Feeder,2,87,30,2024-01-03 00:00:00,2379,3624,0.0,4757,7247,,TOP SERVICES
,04/2024,2024,4,COS,CHINA 1,IDJKT-IDSUB-SGSIN-MYPGU-SGSIN-MYKLA,,,1,73,28,3,1280,1967,1.0,1280,1967,,TOP SERVICES
,04/2024,2024,4,EMC,CIT,CNNBO-CNSGH-HKHKG (Zhujiang)-CNSHK-IDSUB-IDSRG-IDJKT-SGSIN-THLCH-HKHKG-CNNBO,Ningbo-Shanghai-Hong Kong (Zhujiang)-Shekou-Surabaya-Semarang-Jakarta-Singapore-Laemchabang-Hong Kong-Ningbo,Direct,3,36,18,2024-02-02 00:00:00,598,899,0.33,1.793,2.697,,TOP SERVICES
,04/2024,2024,4,EMC,JPI-A,CNNBO-CNSGH-HKHKG (Zhujiang)-CNSHK-IDSUB-IDSRG-IDJKT-SGSIN-THLCH-HKHKG-CNNBO,Yokohama-Tokyo-Shimizu-Nagoya-Kobe-Taipei-Kaohsiung-Manila South-Surabaya-Jakarta-Tanjung Pelepas-Bintulu-Kaohsiung,Direct,3,54,27,2024-02-02 00:00:00,649,982,0.33,1.947,2.947,,TOP SERVICES
,04/2024,2024,4,EMC,JPI-B,CNNBO-CNSGH-HKHKG (Zhujiang)-CNSHK-IDSUB-IDSRG-IDJKT-SGSIN-THLCH-HKHKG-CNNBO,Shekou-Hong Kong-Jakarta-Semarang-Surabaya-Manila South-Kaohsiung-Taipei-Yokohama,Direct,4,44,25,2024-01-02 00:00:00,534,820,0.5,2.136,3.28,,TOP SERVICES
,04/2024,2024,4,EMC,TMI,CNNBO-CNSGH-HKHKG (Zhujiang)-CNSHK-IDSUB-IDSRG-IDJKT-SGSIN-THLCH-HKHKG-CNNBO,Surabaya-Semarang-Tanjung Pelepas-Laemchabang,Feeder,0,0,0,0,0,0,0.0,0,0,,TOP SERVICES
,04/2024,2024,4,EMC,VMI,CNNBO-CNSGH-HKHKG (Zhujiang)-CNSHK-IDSUB-IDSRG-IDJKT-SGSIN-THLCH-HKHKG-CNNBO,Haipong-Ho Chi Minh City-Port Klang West Port-Tanjung Pelepas-Jakarta-Semarang-Surabaya,Direct,0,34,20,2,1639,2242,0.0,1.639,2.242,,TOP SERVICES
,04/2024,2024,4,EMC,NCI,CNNBO-CNSGH-HKHKG (Zhujiang)-CNSHK-IDSUB-IDSRG-IDJKT-SGSIN-THLCH-HKHKG-CNNBO,,,1,40,23,2,327,440,1.0,327,440,,TOP SERVICES
,04/2024,2024,4,GSL,ITS,MYKLA-SGSIN-IDSRG-IDSUB-MYKLA- SGSIN-THBKK THSCS-THLCH,Port Klang-Singapore-Semarang-Surabaya-Port Klang- Singapore-Bangkok Sahathai Terminal-Laem Chabang,Feeder,1,46,22,2024-03-02 00:00:00,760,1032,0.0,760,1.032,,TOP SERVICES
,04/2024,2024,4,HPL,AD HOC HPA,Various route,Various route,Ad Hoc,0,,,,,,,0,0,,TOP SERVICES
,04/2024,2024,4,KAL,Ad Hoc KRL,Various route,Various route,Ad Hoc,0,0,0,0,0,0,0.0,0,0,,TOP SERVICES
,04/2024,2024,4,KMT,CKI,KRPUS-KRKWA-CNSGH-CNNBO-HKHKG-IDJKT-IDSUB-VNSGN VNCLI-CNNBO-CNSGH-KRPUS,Pusan-Kwangyang-Shanghai-Ningbo-Hongkong-Jakarta-Surabaya-Hochiminh Cat Lai-Ningbo-Shanghai-Pusan,Direct,3,41,24,2.0,481,662,0.0,1.443,1.987,,TOP SERVICES
,04/2024,2024,4,KSL,KPG,IDJKT-IDSUB-MYKLA West-INNSA-AEJEA-LKCMB-SADMM-PKKHI-INMUN,Jakarta-Surabaya-Port Klang West-Nhava Sheva-Jebel Ali-Colomba-Dammam-Karachi-Mundra,Direct,0,0,0,0.0,0,0,0.0,0,0,,TOP SERVICES
,04/2024,2024,4,LMA,ETS/SDD,SGSIN-IDSUB-TLDIL,Singapore-Surabaya-Dili,Direct,2,16,18,2024-02-01 00:00:00,103,172,1.0,205,343,,TOP SERVICES
,04/2024,2024,4,MEL,Ad Hoc MKP,Various route,Various route,Ad Hoc,1,0,0,0,0,0,0.0,0,0,,TOP SERVICES
,04/2024,2024,4,MPN,MPN AD HOC,0,Various route,Ad Hoc,0,0,0,0,0,0,0.0,0,0,,TOP SERVICES
,04/2024,2024,4,MSC,NEW JAVA F,SGSIN-MYTPP-IDJKT-IDSUB-SGSIN,Singapore-Tanjung Pelepas-Jakarta-Surabaya-Singapore,Feeder,0,0,0,0,0,0,0.0,0,0,,TOP SERVICES
,04/2024,2024,4,MSC,NEW JAVA T,SGSIN-MYTPP-IDJKT-IDSUB-SGSIN,Singapore-Tanjung Pelepas-Semarang-Surabaya,Feeder,0,0,0,0.0,0,0,0.0,0,0,,TOP SERVICES
,04/2024,2024,4,MSC,DOLPHIN,SGSIN-MYTPP-IDJKT-IDSUB-SGSIN,Shanghai-Ningbo-Xiamen-Tanjung Pelepas-Singapore-Jakarta-Surabaya-Tanjung Pelepas-Singapore-Laem Chabang-Vung Tau-Shanghai,Direct,1,44,20,2024-03-02 00:00:00,708,1162,0.0,708,1.162,,TOP SERVICES
,04/2024,2024,4,MSC,Seahorse,SGSIN-MYTPP-IDJKT-IDSUB-SGSIN,Shanghai-Ningbo-Laem Chabang-Port Klang-Singapore-Surabaya-Jakarta-Tanjung Pelepas-Qinzhou-Hongkong-Shanghai,Direct,16,55,28,2024-03-02 00:00:00,848,1220,0.25,13572,19513,,TOP SERVICES
,04/2024,2024,4,MSK,IA-8,CNSGH-CNTXG-CNQIN-TWKEL-SGSIN-MYTPP-IDJKT-IDSUB-PHDVO-CNSGH,Shanghai-Xingang-Qingdao-Keelung-Singapore-Tanjung Pelepas-Jakarta-Surabaya-Davao-Shanghai,Direct,5,78,29,2024-09-02 00:00:00,2048,3314,0.2,10.24,16.569,,TOP SERVICES
,04/2024,2024,4,NSS,KCI,IDJKT-IDSUB-CNSHK-CNXAM-KRPUS-CNQIN-CNSGH-CNNBO-IDJKT,Jakarta-Surabaya-Shekou-Xiamen-Pusan-Qingdao-Shanghai-Ningbo-Jakarta,Direct,1,0,25,2024-08-02 00:00:00,515,774,0.0,515,774,,TOP SERVICES
,04/2024,2024,4,ONE,CS 2,HKHKG–CNNSH–CNSHK–IDSUB–IDSRG– IDJKT–MYKLA (North)–MYKLA (West)– HKHKG,HongKong–Nansha–Shekou–Surabaya–Semarang– Jakarta–Port Klang (North)–Port Klang (West)– HongKong,Direct,1,71,36,2024-06-02 00:00:00,605,800,0.0,605,800,,TOP SERVICES
,04/2024,2024,4,ONE,KCI,HKHKG–CNNSH–CNSHK–IDSUB–IDSRG– IDJKT–MYKLA (North)–MYKLA (West)– HKHKG,Jakarta-Surabaya-Shekou-Xiamen-Pusan-Qingdao-Shanghai-Ningbo-Jakarta,Direct,1,0,0,0,790,1095,0.0,790,1095,,TOP SERVICES
,04/2024,2024,4,OOL,ITS,MYKLA-SGSIN-IDSRG-IDSUB-MYKLA- SGSIN-THBKK THSCS-THLCH,Port Klang-Singapore-Semarang-Surabaya-Port Klang- Singapore-Bangkok Sahathai Terminal-Laem Chabang,Feeder,1,52,24,2024-04-02 00:00:00,467,606,0.0,467,606,,TOP SERVICES
,04/2024,2024,4,OOL,CHINA1,MYKLA-SGSIN-IDSRG-IDSUB-MYKLA- SGSIN-THBKK THSCS-THLCH,Shanghai-Ningbo-Shantou-Shekou-Jakarta-Surabaya-Manila South-Manila North-Shanghai,Direct,1,62,28,3,735,1275,0.0,735,1275,,TOP SERVICES
,04/2024,2024,4,PIL,SSE,SGSIN-IDSUB-SGSIN,Singapore-Surabaya-Singapore,Feeder,0,0,0,0,0,0,0.0,0,0,,TOP SERVICES
,04/2024,2024,4,PIL,SUS,SGSIN-IDSUB-SGSIN,0,0,0,0,0,0.0,0,0,0.0,0,0,,TOP SERVICES
,04/2024,2024,4,RCL,RMI3,SGSIN-IDSUB-SGSIN-MYKLA-MYNTL-MYKLA-SGSIN,Singapore-Surabaya-Singapore-Port Klang-Penang-Port Klang-Singapore,Feeder,0,0,0,0,0,0,0.0,0,0,,TOP SERVICES
,04/2024,2024,4,RCL,CS 2,SGSIN-IDSUB-SGSIN-MYKLA-MYNTL-MYKLA-SGSIN,HongKong–Nansha–Shekou–Surabaya–Semarang– Jakarta–Port Klang (North)–Port Klang (West)– HongKong,Direct,2,33,19,2,732,1072,0.0,1464,2143,,TOP SERVICES
,04/2024,2024,4,SIT,CMI,IDJKT-IDSRG-IDSUB-IDMAK-PHBTG-CNSGH-CNXAM-CNSHK-CNNSH-MYBTU-IDJKT,Jakarta-Semarang-Surabaya-Makassar-Batangas-Shanghai-Xiamen-Shekou-Nansha-Bintulu-Jakarta,Direct,4,24,16,2024-07-01 00:00:00,275,405,0.5,1.098,1.621,,TOP SERVICES
,04/2024,2024,4,SIT,CMI2,IDJKT-IDSRG-IDSUB-IDMAK-PHBTG-CNSGH-CNXAM-CNSHK-CNNSH-MYBTU-IDJKT,Shekou-Nansha-Hochiminh-Jakarta-Semarang- Surabaya-Bintulu-Qinzhao-Shekou,Direct,0,0,0,0,0,0,0.0,0,0,,TOP SERVICES
,04/2024,2024,4,SIT,KCI,IDJKT-IDSRG-IDSUB-IDMAK-PHBTG-CNSGH-CNXAM-CNSHK-CNNSH-MYBTU-IDJKT,Jakarta-Surabaya-Shekou-Xiamen-Pusan-Qingdao-Shanghai-Ningbo-Jakarta,Direct,1,33,18,2024-08-01 00:00:00,917,1524,0.0,917,1.524,,TOP SERVICES
,04/2024,2024,4,SSL,SSS-SAT,SGSIN-IDSUB-SGSIN,Singapore-Surabaya-Singapore,Feeder,4,63,25,2024-07-02 00:00:00,1766,2559,0.0,7.063,10.235,,TOP SERVICES
,04/2024,2024,4,SSL,SSS-WED,SGSIN-IDSUB-SGSIN,Singapore-Surabaya-Singapore,Feeder,3,76,30,3,1536,2316,0.0,4.608,6.948,,TOP SERVICES
,04/2024,2024,4,SSL,SSE,SGSIN-IDSUB-SGSIN,Singapore-Surabaya-Singapore,Feeder,0,0,0,0.0,0,0,0.0,0,0,,TOP SERVICES
,04/2024,2024,4,SSL,AD HOC SSL,SGSIN-IDSUB-SGSIN,Various route,Ad Hoc,1,26,15,2,759,1145,1.0,759,1145,,TOP SERVICES
,04/2024,2024,4,TSL,KCI,IDJKT-IDSUB-CNSHK-CNXAM-KRPUS-CNQIN-CNSGH-CNNBO-IDJKT,Jakarta-Surabaya-Shekou-Xiamen-Pusan-Qingdao-Shanghai-Ningbo-Jakarta,Direct,1,30,14,2024-02-02 00:00:00,994,1529,0.0,994,1529,,TOP SERVICES
,04/2024,2024,4,WHL,CS 2,HKHKG–CNNSH–CNSHK–IDSUB–IDSRG– IDJKT–MYKLA (North)–MYKLA (West)– HKHKG,HongKong–Nansha–Shekou–Surabaya–Semarang– Jakarta–Port Klang (North)–Port Klang (West)– HongKong,Direct,0,0,0,0,0,0,0.0,0,0,,TOP SERVICES
,04/2024,2024,4,WHL,TPI,HKHKG–CNNSH–CNSHK–IDSUB–IDSRG– IDJKT–MYKLA (North)–MYKLA (West)– HKHKG,Jakarta-Semarang-Surabaya-Kaohsiung-Taichung-Kaohsiung-Taipei,Direct,16,46,21,2024-03-02 00:00:00,959,1476,0.44,15.344,23.615,,TOP SERVICES
,04/2024,2024,4,WHL,Ad Hoc WHL,HKHKG–CNNSH–CNSHK–IDSUB–IDSRG– IDJKT–MYKLA (North)–MYKLA (West)– HKHKG,Various route,Ad Hoc,0,0,0,0,0,0,0.0,0,0,,TOP SERVICES
,04/2024,2024,4,WHL,C18,HKHKG–CNNSH–CNSHK–IDSUB–IDSRG– IDJKT–MYKLA (North)–MYKLA (West)– HKHKG,Surabaya-Singapore-Port Klang- Mundra-Nhava Sheva,Direct,0,0,0,0,0,0,0.0,0,0,,TOP SERVICES
,04/2024,2024,4,XCL,SSX,SGSIN-IDSUB-SGSIN,Singapore-Surabaya-Singapore,Feeder,0,0,0,0.0,0,0,0.0,0,0,,TOP SERVICES
,04/2024,2024,4,YML,ITS,MYKLA-SGSIN-IDSRG-IDSUB-MYKLA- SGSIN-THBKK THSCS-THLCH,Port Klang-Singapore-Semarang-Surabaya-Port Klang- Singapore-Bangkok Sahathai Terminal-Laem Chabang,Feeder,0,,,,,,,0,0,,TOP SERVICES
,04/2024,2024,4,CMA,AD HOC CMA,CNSGH-CNNBO-CNSTG-CNSHK-IDJKT-IDSUB-PHMNL South-PHMNL North-CNSGH,Malta,Feeder,0,0,0,0,0,0,0.0,0,0,,TOP SERVICES
,04/2024,2024,4,SPI,SPIL AD HO,IDSUB - IDJKT - IDMAK - IDPAL,Surabaya - Jakarta - Makassar - Palu,Direct,2,14,22,0.88,274,286,1.0,548,572,,TOP SERVICES
,04/2024,2024,4,TIL,TIL AD HOC,Various POO,Various POO,Direct,8,22,30,0.89,291,321,0.98,2.326,2.567,,TOP SERVICES
,04/2024,2024,4,TEMAS,TEMAS AD H,IDSUB - IDMAK,Surabaya - Makassar,Feeder,0,0,0,0,0,0,0.0,0,0,,TOP SERVICES
,04/2024,2024,4,ICON,ICON,0,,Direct,1,16,23,0.98,164,198,1.0,164,198,,TOP SERVICES
,04/2024,2024,4,MERATUS,MPN-BOA,IDSUB - IDBNA,Surabaya - Benoa,Direct,1,16,23,1,315,360,1.0,315,360,,TOP SERVICES
,04/2024,2024,4,PNJ,PPNP-SUBMK,IDSUB - IDMAK,Surabaya - Makassar,,2,11,24,1,71,77,0.0,141,154,,TOP SERVICES
,05/2024,2024,5,ANL,APR,MYKLA-SGSIN-IDJKT-IDSUB-PGLAE-PGKIM-PGMTK- AUTSV-MYKLA,Port Klang-Singapore-Jakarta-Surabaya-Lae-Kimbe-Motukea Island- Townsville-Port Klang,Direct,3,9,22,0.9,53,85,0.0,160,255,,TOP SERVICES
,05/2024,2024,5,ANL,PAX,MYKLA-SGSIN-IDJKT-IDSUB-PGLAE-PGKIM-PGMTK- AUTSV-MYKLA,Singapore-Surabaya-Dili-Darwin-Singapore,Direct,3,18,20,1.2,123,67,0.67,129,200,,TOP SERVICES
,05/2024,2024,5,BEN,ETS/SDD,SGSIN-IDSUB-TLDIL,Singapore-Surabaya-Dili,Direct,2,18,20,1.2,123,159,1.0,246,317,,TOP SERVICES
,05/2024,2024,5,CMA,CHINA 1,CNSGH-CNNBO-CNSTG-CNSHK-IDJKT-IDSUB-PHMNL South-PHMNL North-CNSGH,Shanghai-Ningbo-Shantou-Shekou-Jakarta-Surabaya-Manila South-Manila North-Shanghai,Direct,2,58,28,2.6,1229,1930,0.0,2458,3860,,TOP SERVICES
,05/2024,2024,5,CMA,CS 2,CNSGH-CNNBO-CNSTG-CNSHK-IDJKT-IDSUB-PHMNL South-PHMNL North-CNSGH,HongKong–Nansha–Shekou–Surabaya–Semarang– Jakarta–Port Klang (North)–Port Klang (West)– HongKong,Direct,1,40,19,2.5,802,1161,1.0,802,1161,,TOP SERVICES
,05/2024,2024,5,CMA,KCS,CNSGH-CNNBO-CNSTG-CNSHK-IDJKT-IDSUB-PHMNL South-PHMNL North-CNSGH,North South: Lianyungang-Qingdao-Nansha-Port Kelang-Singapore-Jakarta-Surabaya-Davao-Shanghai-Dalian. East-West: Yantian-Nansha-Chiwan-Hongkong-Manila South-Manila North,Direct,4,67,29,2.7,1643,2806,0.0,6572,11224,,TOP SERVICES
,05/2024,2024,5,CMA,JSS,CNSGH-CNNBO-CNSTG-CNSHK-IDJKT-IDSUB-PHMNL South-PHMNL North-CNSGH,Singapore-Semarang-Surabaya-Singapore,Feeder,3,73,30,2.9,2179,3203,0.0,6536,9610,,TOP SERVICES
,05/2024,2024,5,COS,JSS,IDJKT-IDSUB-SGSIN-MYPGU-SGSIN-MYKLA,Singapore-Semarang-Surabaya-Singapore,Feeder,2,91,33,3.2,2599,4014,1.0,5198,8028,,TOP SERVICES
,05/2024,2024,5,COS,CHINA 1,IDJKT-IDSUB-SGSIN-MYPGU-SGSIN-MYKLA,,,1,90,37,3,1383,2153,0.0,1383,2153,,TOP SERVICES
,05/2024,2024,5,EMC,CIT,CNNBO-CNSGH-HKHKG (Zhujiang)-CNSHK-IDSUB-IDSRG-IDJKT-SGSIN-THLCH-HKHKG-CNNBO,Ningbo-Shanghai-Hong Kong (Zhujiang)-Shekou-Surabaya-Semarang-Jakarta-Singapore-Laemchabang-Hong Kong-Ningbo,Direct,4,39,26,1.9,458,730,0.0,1833,2920,,TOP SERVICES
,05/2024,2024,5,EMC,JPI-A,CNNBO-CNSGH-HKHKG (Zhujiang)-CNSHK-IDSUB-IDSRG-IDJKT-SGSIN-THLCH-HKHKG-CNNBO,Yokohama-Tokyo-Shimizu-Nagoya-Kobe-Taipei-Kaohsiung-Manila South-Surabaya-Jakarta-Tanjung Pelepas-Bintulu-Kaohsiung,Direct,5,57,26,2.5,940,1406,0.2,4700,7029,,TOP SERVICES
,05/2024,2024,5,EMC,JPI-B,CNNBO-CNSGH-HKHKG (Zhujiang)-CNSHK-IDSUB-IDSRG-IDJKT-SGSIN-THLCH-HKHKG-CNNBO,Shekou-Hong Kong-Jakarta-Semarang-Surabaya-Manila South-Kaohsiung-Taipei-Yokohama,Direct,5,38,22,2.1,557,844,0.8,2786,4219,,TOP SERVICES
,05/2024,2024,5,EMC,VMI,CNNBO-CNSGH-HKHKG (Zhujiang)-CNSHK-IDSUB-IDSRG-IDJKT-SGSIN-THLCH-HKHKG-CNNBO,Haipong-Ho Chi Minh City-Port Klang West Port-Tanjung Pelepas-Jakarta-Semarang-Surabaya,Direct,0,44,24,2,1869,2524,0.0,1869,2524,,TOP SERVICES
,05/2024,2024,5,EMC,NCI,CNNBO-CNSGH-HKHKG (Zhujiang)-CNSHK-IDSUB-IDSRG-IDJKT-SGSIN-THLCH-HKHKG-CNNBO,"CNXGA-CNDAL-CNQIN-KRKUV-CNNBG-CNNSA-VNSGN-MYTPP-IDJKT-IDSUB-PHMNL-PHBTG-JPHKT-CNTXG

",,2,48,35,2,633,886,0.5,1265,1771,,TOP SERVICES
,05/2024,2024,5,GSL,ITS,MYKLA-SGSIN-IDSRG-IDSUB-MYKLA- SGSIN-THBKK THSCS-THLCH,Port Klang-Singapore-Semarang-Surabaya-Port Klang- Singapore-Bangkok Sahathai Terminal-Laem Chabang,Feeder,2,41,23,2.2,921,1319,0.0,1841,2637,,TOP SERVICES
,05/2024,2024,5,HPL,AD HOC HPA,Various route,Various route,Ad Hoc,0,0,0,0,0,0,0.0,0,0,,TOP SERVICES
,05/2024,2024,5,KMT,CKI,KRPUS-KRKWA-CNSGH-CNNBO-HKHKG-IDJKT-IDSUB-VNSGN VNCLI-CNNBO-CNSGH-KRPUS,Pusan-Kwangyang-Shanghai-Ningbo-Hongkong-Jakarta-Surabaya-Hochiminh Cat Lai-Ningbo-Shanghai-Pusan,Direct,4,33,22,1.8,512,732,0.5,2048,2927,,TOP SERVICES
,05/2024,2024,5,LMA,ETS/SDD,SGSIN-IDSUB-TLDIL,Singapore-Surabaya-Dili,Direct,1,14,24,1,57,97,1.0,57,97,,TOP SERVICES
,05/2024,2024,5,MSC,DOLPHIN,SGSIN-MYTPP-IDJKT-IDSUB-SGSIN,Shanghai-Ningbo-Xiamen-Tanjung Pelepas-Singapore-Jakarta-Surabaya-Tanjung Pelepas-Singapore-Laem Chabang-Vung Tau-Shanghai,Direct,10,51,25,2.5,738,1151,0.5,7378,11512,,TOP SERVICES
,05/2024,2024,5,MSC,Seahorse,SGSIN-MYTPP-IDJKT-IDSUB-SGSIN,Shanghai-Ningbo-Laem Chabang-Port Klang-Singapore-Surabaya-Jakarta-Tanjung Pelepas-Qinzhou-Hongkong-Shanghai,Direct,3,70,28,2.9,1490,2016,0.0,4470,6047,,TOP SERVICES
,05/2024,2024,5,MSK,IA-8,CNSGH-CNTXG-CNQIN-TWKEL-SGSIN-MYTPP-IDJKT-IDSUB-PHDVO-CNSGH,Shanghai-Xingang-Qingdao-Keelung-Singapore-Tanjung Pelepas-Jakarta-Surabaya-Davao-Shanghai,Direct,3,73,32,2.8,2305,3675,0.33,6914,11026,,TOP SERVICES
,05/2024,2024,5,NSS,KCI,IDJKT-IDSUB-CNSHK-CNXAM-KRPUS-CNQIN-CNSGH-CNNBO-IDJKT,Jakarta-Surabaya-Shekou-Xiamen-Pusan-Qingdao-Shanghai-Ningbo-Jakarta,Direct,1,0,18,2,839,1184,0.0,839,1184,,TOP SERVICES
,05/2024,2024,5,ONE,CS 2,HKHKG–CNNSH–CNSHK–IDSUB–IDSRG– IDJKT–MYKLA (North)–MYKLA (West)– HKHKG,HongKong–Nansha–Shekou–Surabaya–Semarang– Jakarta–Port Klang (North)–Port Klang (West)– HongKong,Direct,2,58,31,2.4,680,1029,0.0,1359,2058,,TOP SERVICES
,05/2024,2024,5,ONE,KCI,HKHKG–CNNSH–CNSHK–IDSUB–IDSRG– IDJKT–MYKLA (North)–MYKLA (West)– HKHKG,Jakarta-Surabaya-Shekou-Xiamen-Pusan-Qingdao-Shanghai-Ningbo-Jakarta,Direct,1,0,0,0,1202,1835,0.0,0,0,,TOP SERVICES
,05/2024,2024,5,OOL,ITS,MYKLA-SGSIN-IDSRG-IDSUB-MYKLA- SGSIN-THBKK THSCS-THLCH,Port Klang-Singapore-Semarang-Surabaya-Port Klang- Singapore-Bangkok Sahathai Terminal-Laem Chabang,Feeder,1,37,21,2.1,902,1279,0.0,902,1279,,TOP SERVICES
,05/2024,2024,5,OOL,CHINA1,MYKLA-SGSIN-IDSRG-IDSUB-MYKLA- SGSIN-THBKK THSCS-THLCH,Shanghai-Ningbo-Shantou-Shekou-Jakarta-Surabaya-Manila South-Manila North-Shanghai,Direct,1,78,30,3,1418,2337,0.0,1418,2337,,TOP SERVICES
,05/2024,2024,5,RCL,CS 2,SGSIN-IDSUB-SGSIN-MYKLA-MYNTL-MYKLA-SGSIN,HongKong–Nansha–Shekou–Surabaya–Semarang– Jakarta–Port Klang (North)–Port Klang (West)– HongKong,Direct,1,48,24,2,705,1022,0.0,705,1022,,TOP SERVICES
,05/2024,2024,5,SIT,CMI,IDJKT-IDSRG-IDSUB-IDMAK-PHBTG-CNSGH-CNXAM-CNSHK-CNNSH-MYBTU-IDJKT,Jakarta-Semarang-Surabaya-Makassar-Batangas-Shanghai-Xiamen-Shekou-Nansha-Bintulu-Jakarta,Direct,4,29,19,1.8,327,479,0.25,1307,1917,,TOP SERVICES
,05/2024,2024,5,SIT,KCI,IDJKT-IDSRG-IDSUB-IDMAK-PHBTG-CNSGH-CNXAM-CNSHK-CNNSH-MYBTU-IDJKT,Jakarta-Surabaya-Shekou-Xiamen-Pusan-Qingdao-Shanghai-Ningbo-Jakarta,Direct,1,38,19,2.1,804,1212,0.0,804,1212,,TOP SERVICES
,05/2024,2024,5,SSL,SSS-SAT,SGSIN-IDSUB-SGSIN,Singapore-Surabaya-Singapore,Feeder,5,58,23,2.9,1741,2623,0.0,8704,13117,,TOP SERVICES
,05/2024,2024,5,SSL,SSS-WED,SGSIN-IDSUB-SGSIN,Singapore-Surabaya-Singapore,Feeder,2,73,30,3,1914,2933,0.0,3827,5866,,TOP SERVICES
,05/2024,2024,5,SSL,AD HOC SSL,SGSIN-IDSUB-SGSIN,Various route,Ad Hoc,1,72,28,3,2106,3411,1.0,2106,3411,,TOP SERVICES
,05/2024,2024,5,TSL,KCI,IDJKT-IDSUB-CNSHK-CNXAM-KRPUS-CNQIN-CNSGH-CNNBO-IDJKT,Jakarta-Surabaya-Shekou-Xiamen-Pusan-Qingdao-Shanghai-Ningbo-Jakarta,Direct,1,46,19,2.8,1171,1784,0.0,1171,1784,,TOP SERVICES
,05/2024,2024,5,WHL,TPI,HKHKG–CNNSH–CNSHK–IDSUB–IDSRG– IDJKT–MYKLA (North)–MYKLA (West)– HKHKG,Jakarta-Semarang-Surabaya-Kaohsiung-Taichung-Kaohsiung-Taipei,Direct,4,37,20,2.3,741,1114,0.0,2963,4455,,TOP SERVICES
,05/2024,2024,5,WHL,Ad Hoc WHL,HKHKG–CNNSH–CNSHK–IDSUB–IDSRG– IDJKT–MYKLA (North)–MYKLA (West)– HKHKG,Various route,Ad Hoc,0,0,0,0,0,0,0.0,0,0,,TOP SERVICES
,05/2024,2024,5,YML,ITS,MYKLA-SGSIN-IDSRG-IDSUB-MYKLA- SGSIN-THBKK THSCS-THLCH,Port Klang-Singapore-Semarang-Surabaya-Port Klang- Singapore-Bangkok Sahathai Terminal-Laem Chabang,Feeder,0,0,0,0,0,0,0.0,0,0,,TOP SERVICES
,05/2024,2024,5,CMA,AD HOC CMA,CNSGH-CNNBO-CNSTG-CNSHK-IDJKT-IDSUB-PHMNL South-PHMNL North-CNSGH,Malta,Feeder,0,0,0,0,0,0,0.0,0,0,,TOP SERVICES
,05/2024,2024,5,SPI,SPIL AD HO,IDSUB - IDJKT - IDMAK - IDPAL,Surabaya - Jakarta - Makassar - Palu,Direct,5,13,23,0.79,337,360,1.0,1687,1800,,TOP SERVICES
,05/2024,2024,5,TIL,TIL AD HOC,Various POO,Various POO,Direct,5,21,30,0.96,342,386,1.0,1710,1934,,TOP SERVICES
,05/2024,2024,5,TEMAS,TEMAS AD H,IDSUB - IDMAK,Surabaya - Makassar,Feeder,0,0,0,0,0,0,0.0,0,0,,TOP SERVICES
,05/2024,2024,5,ICON,ICON,0,,Direct,0,0,0,0,0,0,0.0,0,0,,TOP SERVICES
,05/2024,2024,5,MERATUS,MPN-BOA,IDSUB - IDBNA,Surabaya - Benoa,Direct,1,6,17,1,284,311,1.0,284,311,,TOP SERVICES
,05/2024,2024,5,PNJ,PPNP-SUBMK,IDSUB - IDMAK,Surabaya - Makassar,,0,0,0,0,0,0,0.0,0,0,,TOP SERVICES
