date,year,month,lop,persentase,tahun_kategori,total_teus,sumber_sheet
2024-01-01,2024,1,CMA,0.1715,2022,12085.0,B.OPR INT
2024-01-02,2024,1,EMC,0.0886,2022,12494.0,B.OPR INT
2024-01-03,2024,1,MSC,-0.0329,2022,11120.0,B.OPR INT
2024-01-04,2024,1,ONE,-0.1184,2022,12015.0,B.OPR INT
2024-01-05,2024,1,MSK,-0.2962,2022,14065.0,B.OPR INT
2024-01-06,2024,1,WHL,0.1297,2022,6221.0,B.OPR INT
2024-01-07,2024,1,COSCO,-0.354,2022,10768.0,B.OPR INT
2024-01-08,2024,1,OOCL,0.0457,2022,5100.0,B.OPR INT
2024-01-09,2024,1,RCL,4.4919,2022,2297.0,B.OPR INT
2024-01-10,2024,1,SITC,-0.2173,2022,2275.0,B.OPR INT
2024-01-11,2024,1,HPL,0.3761,2022,3316.0,B.OPR INT
2024-01-12,2024,1,YML,0.149,2022,1186.0,B.OPR INT
2024-01-13,2024,1,KMTC,-0.4946,2022,2262.0,B.OPR INT
2024-01-14,2024,1,GSL,0.2926,2022,2157.0,B.OPR INT
2024-01-15,2024,1,PIL,-0.565,2022,2297.0,B.OPR INT
2024-01-16,2024,1,SSL,-0.6106,2022,2275.0,B.OPR INT
2024-01-17,2024,1,HMM,-0.7255,2022,1559.0,B.OPR INT
2024-01-18,2024,1,ANL,0.0,2022,0.0,B.OPR INT
2024-01-19,2024,1,XCL,-0.8709,2022,1542.0,B.OPR INT
2024-01-20,2024,1,KRL,0.0,2022,0.0,B.OPR INT
2024-01-21,2024,1,KSL,0.0,2022,0.0,B.OPR INT
2024-01-22,2024,1,MELL,-1.0,2022,255.0,B.OPR INT
2024-01-23,2024,1,OTHER,0.3805,2022,2347.0,B.OPR INT
2024-02-01,2024,2,EMC,0.0124,2022,26036.0,B.OPR INT
2024-02-02,2024,2,CMA,0.0298,2022,25419.0,B.OPR INT
2024-02-03,2024,2,MSK,-0.1471,2022,27297.0,B.OPR INT
2024-02-04,2024,2,ONE,-0.0679,2022,21359.0,B.OPR INT
2024-02-05,2024,2,MSC,-0.1306,2022,21751.0,B.OPR INT
2024-02-06,2024,2,COSCO,-0.4033,2022,23839.0,B.OPR INT
2024-02-07,2024,2,WHL,0.0234,2022,13712.0,B.OPR INT
2024-02-08,2024,2,OOCL,0.2074,2022,9161.0,B.OPR INT
2024-02-09,2024,2,RCL,5.4166,2022,1061.0,B.OPR INT
2024-02-10,2024,2,OTHER,0.4733,2022,4257.0,B.OPR INT
2024-02-11,2024,2,SITC,-0.189,2022,7321.0,B.OPR INT
2024-02-12,2024,2,HAPAG,0.48,2022,3923.0,B.OPR INT
2024-02-13,2024,2,YML,0.2725,2022,4176.0,B.OPR INT
2024-02-14,2024,2,KMTC,-0.3693,2022,5407.0,B.OPR INT
2024-02-15,2024,2,GSL,0.3486,2022,2395.0,B.OPR INT
2024-02-16,2024,2,PIL,-0.4338,2022,4322.0,B.OPR INT
2024-02-17,2024,2,SSL,-0.5488,2022,3774.0,B.OPR INT
2024-02-18,2024,2,ANL,0.0,2022,0.0,B.OPR INT
2024-02-19,2024,2,HMM,-0.7196,2022,3142.0,B.OPR INT
2024-02-20,2024,2,XCL,-0.8162,2022,2448.0,B.OPR INT
2024-02-21,2024,2,MELL,-0.6935,2022,261.0,B.OPR INT
2024-02-22,2024,2,KRL,-0.6602,2022,206.0,B.OPR INT
2024-02-23,2024,2,KSL,0.0,2022,0.0,B.OPR INT
2024-03-01,2024,3,EMC,0.1285,2022,38881.0,B.OPR INT
2024-03-02,2024,3,CMA,0.2425,2022,34249.0,B.OPR INT
2024-03-03,2024,3,MSK,-0.123,2022,41446.0,B.OPR INT
2024-03-04,2024,3,ONE,-0.0312,2022,32622.0,B.OPR INT
2024-03-05,2024,3,MSC,-0.0996,2022,32928.0,B.OPR INT
2024-03-06,2024,3,WHL,0.4138,2022,17560.0,B.OPR INT
2024-03-07,2024,3,COSCO,-0.3562,2022,34027.0,B.OPR INT
2024-03-08,2024,3,OOCL,0.2248,2022,14084.0,B.OPR INT
2024-03-09,2024,3,OTHER,0.2284,2022,9910.0,B.OPR INT
2024-03-10,2024,3,RCL,2.7354,2022,2672.0,B.OPR INT
2024-03-11,2024,3,HAPAG,0.4762,2022,6210.0,B.OPR INT
2024-03-12,2024,3,SITC,-0.1476,2022,10680.0,B.OPR INT
2024-03-13,2024,3,YML,0.0555,2022,7456.0,B.OPR INT
2024-03-14,2024,3,KMTC,-0.3166,2022,8354.0,B.OPR INT
2024-03-15,2024,3,GSL,0.5316,2022,3437.0,B.OPR INT
2024-03-16,2024,3,PIL,-0.4505,2022,6996.0,B.OPR INT
2024-03-17,2024,3,SSL,-0.4181,2022,5173.0,B.OPR INT
2024-03-18,2024,3,ANL,0.0,2022,0.0,B.OPR INT
2024-03-19,2024,3,HMM,-0.6865,2022,4666.0,B.OPR INT
2024-03-20,2024,3,XCL,-0.8217,2022,4010.0,B.OPR INT
2024-03-21,2024,3,MELL,0.3011,2022,269.0,B.OPR INT
2024-03-22,2024,3,KRL,-0.375,2022,112.0,B.OPR INT
2024-03-23,2024,3,KSL,0.0,2022,0.0,B.OPR INT
2024-04-01,2024,4,CMA,0.2241,2022,48138.0,B.OPR INT
2024-04-02,2024,4,EMC,0.0094,2022,55238.0,B.OPR INT
2024-04-03,2024,4,MSK,-0.1511,2022,61173.0,B.OPR INT
2024-04-04,2024,4,ONE,-0.05,2022,42913.0,B.OPR INT
2024-04-05,2024,4,MSC,-0.0495,2022,41616.0,B.OPR INT
2024-04-06,2024,4,WHL,0.3763,2022,22810.0,B.OPR INT
2024-04-07,2024,4,COSCO,-0.3937,2022,45728.0,B.OPR INT
2024-04-08,2024,4,OOCL,0.2169,2022,18000.0,B.OPR INT
2024-04-09,2024,4,OTHER,0.8949,2022,8887.0,B.OPR INT
2024-04-10,2024,4,RCL,1.1752,2022,5811.0,B.OPR INT
2024-04-11,2024,4,SITC,-0.1267,2022,13846.0,B.OPR INT
2024-04-12,2024,4,HAPAG,0.4219,2022,8478.0,B.OPR INT
2024-04-13,2024,4,YML,0.0618,2022,9387.0,B.OPR INT
2024-04-14,2024,4,KMTC,-0.2766,2022,10478.0,B.OPR INT
2024-04-15,2024,4,GSL,0.8091,2022,3829.0,B.OPR INT
2024-04-16,2024,4,PIL,-0.5236,2022,9897.0,B.OPR INT
2024-04-17,2024,4,SSL,-0.3891,2022,6659.0,B.OPR INT
2024-04-18,2024,4,ANL,0.0,2022,3304.0,B.OPR INT
2024-04-19,2024,4,HMM,-0.7081,2022,6193.0,B.OPR INT
2024-04-20,2024,4,XCL,-0.8106,2022,5196.0,B.OPR INT
2024-04-21,2024,4,MELL,-0.2708,2022,480.0,B.OPR INT
2024-04-22,2024,4,SWI,0.0,2022,0.0,B.OPR INT
2024-04-23,2024,4,KRL,-0.375,2022,112.0,B.OPR INT
2024-04-24,2024,4,KSL,0.0,2022,0.0,B.OPR INT
2024-05-01,2024,5,CMA,0.3162,2022,60113.0,B.OPR INT
2024-05-02,2024,5,EMC,0.1267,2022,65036.0,B.OPR INT
2024-05-03,2024,5,MSK,-0.1154,2022,75633.0,B.OPR INT
2024-05-04,2024,5,MSC,0.081,2022,50535.0,B.OPR INT
2024-05-05,2024,5,ONE,-0.0002,2022,52795.0,B.OPR INT
2024-05-06,2024,5,WHL,0.4259,2022,27038.0,B.OPR INT
2024-05-07,2024,5,COSCO,-0.363,2022,56025.0,B.OPR INT
2024-05-08,2024,5,OOCL,0.2226,2022,22510.0,B.OPR INT
2024-05-09,2024,5,RCL,1.1604,2022,7563.0,B.OPR INT
2024-05-10,2024,5,SITC,-0.0869,2022,16806.0,B.OPR INT
2024-05-11,2024,5,HAPAG,0.4424,2022,10481.0,B.OPR INT
2024-05-12,2024,5,YML,0.0746,2022,11682.0,B.OPR INT
2024-05-13,2024,5,KMTC,-0.0971,2022,11364.0,B.OPR INT
2024-05-14,2024,5,TSL,0.0,2022,0.0,B.OPR INT
2024-05-15,2024,5,OTHER,-0.1349,2022,11760.0,B.OPR INT
2024-05-16,2024,5,GSL,0.9304,2022,4695.0,B.OPR INT
2024-05-17,2024,5,PIL,-0.5055,2022,11250.0,B.OPR INT
2024-05-18,2024,5,SSL,-0.3792,2022,8756.0,B.OPR INT
2024-05-19,2024,5,ANL,0.0,2022,4080.0,B.OPR INT
2024-05-20,2024,5,HMM,-0.6616,2022,7059.0,B.OPR INT
2024-05-21,2024,5,XCL,-0.7792,2022,5932.0,B.OPR INT
2024-05-22,2024,5,MELL,-0.2077,2022,496.0,B.OPR INT
2024-05-23,2024,5,KRL,-0.7799,2022,318.0,B.OPR INT
2024-05-24,2024,5,KSL,-1.0,2022,333.0,B.OPR INT
2024-06-01,2024,6,CMA,0.1997,2022,84109.0,B.OPR INT
2024-06-01,2024,6,EMC,0.1077,2022,80647.0,B.OPR INT
2024-06-01,2024,6,MSK,-0.0545,2022,89453.0,B.OPR INT
2024-06-01,2024,6,MSC,0.0995,2022,59848.0,B.OPR INT
2024-06-01,2024,6,ONE,0.0145,2022,63478.0,B.OPR INT
2024-06-01,2024,6,WHL,0.3785,2022,31937.0,B.OPR INT
2024-06-01,2024,6,COSCO,-0.3647,2022,67829.0,B.OPR INT
2024-06-01,2024,6,OOCL,0.1792,2022,27553.0,B.OPR INT
2024-06-01,2024,6,RCL,0.7739,2022,11183.0,B.OPR INT
2024-06-01,2024,6,SITC,-0.0295,2022,19090.0,B.OPR INT
2024-06-01,2024,6,HAPAG,0.4066,2022,12908.0,B.OPR INT
2024-06-01,2024,6,YML,0.1132,2022,13911.0,B.OPR INT
2024-06-01,2024,6,KMTC,0.0802,2022,12493.0,B.OPR INT
2024-06-01,2024,6,OTHER,-0.1663,2022,14710.0,B.OPR INT
2024-06-01,2024,6,GSL,0.7858,2022,6009.0,B.OPR INT
2024-06-01,2024,6,SSL,-0.327,2022,10483.0,B.OPR INT
2024-06-01,2024,6,PIL,-0.4818,2022,12657.0,B.OPR INT
2024-06-01,2024,6,ANL,0.0,2022,5269.0,B.OPR INT
2024-06-01,2024,6,HMM,-0.6125,2022,7819.0,B.OPR INT
2024-06-01,2024,6,XCL,-0.7684,2022,6536.0,B.OPR INT
2024-06-21,2024,6,MELL,0.4899,2022,496.0,B.OPR INT
2024-06-01,2024,6,KRL,-0.8627,2022,510.0,B.OPR INT
2024-06-01,2024,6,KSL,-1.0,2022,778.0,B.OPR INT
2024-06-01,2024,6,SWI,0.0,2022,0.0,B.OPR INT
2024-07-01,2024,7,CMA,0.2119,2022,96589.0,B.OPR INT
2024-07-01,2024,7,EMC,0.1216,2022,95541.0,B.OPR INT
2024-07-01,2024,7,MSK,-0.0203,2022,103180.0,B.OPR INT
2024-07-01,2024,7,MSC,0.1355,2022,69137.0,B.OPR INT
2024-07-01,2024,7,ONE,0.0362,2022,72983.0,B.OPR INT
2024-07-01,2024,7,WHL,0.3907,2022,37284.0,B.OPR INT
2024-07-01,2024,7,COSCO,-0.3758,2022,79527.0,B.OPR INT
2024-07-01,2024,7,OOCL,0.1469,2022,32599.0,B.OPR INT
2024-07-01,2024,7,RCL,0.7454,2022,13863.0,B.OPR INT
2024-07-01,2024,7,SITC,-0.02,2022,22566.0,B.OPR INT
2024-07-01,2024,7,HAPAG,0.3908,2022,15329.0,B.OPR INT
2024-07-01,2024,7,YML,0.0336,2022,17029.0,B.OPR INT
2024-07-01,2024,7,KMTC,0.1323,2022,14851.0,B.OPR INT
2024-07-01,2024,7,OTHER,-0.2383,2022,18015.0,B.OPR INT
2024-07-01,2024,7,GSL,0.5251,2022,7917.0,B.OPR INT
2024-07-01,2024,7,SSL,-0.2514,2022,11575.0,B.OPR INT
2024-07-01,2024,7,PIL,-0.4398,2022,13925.0,B.OPR INT
2024-07-01,2024,7,ANL,0.0,2022,6282.0,B.OPR INT
2024-07-01,2024,7,HMM,-0.545,2022,8887.0,B.OPR INT
2024-07-01,2024,7,XCL,-0.7305,2022,7228.0,B.OPR INT
2024-07-01,2024,7,MELL,1.741,2022,502.0,B.OPR INT
2024-07-01,2024,7,KRL,-0.8627,2022,510.0,B.OPR INT
2024-07-01,2024,7,KSL,-1.0,2022,778.0,B.OPR INT
2024-08-01,2024,8,CMA,0.1532,2022,117329.0,B.OPR INT
2024-08-01,2024,8,EMC,0.1453,2022,109168.0,B.OPR INT
2024-08-01,2024,8,MSK,-0.0285,2022,118877.0,B.OPR INT
2024-08-01,2024,8,MSC,0.1464,2022,81279.0,B.OPR INT
2024-08-01,2024,8,ONE,0.077,2022,80591.0,B.OPR INT
2024-08-01,2024,8,WHL,0.3737,2022,43163.0,B.OPR INT
2024-08-01,2024,8,COSCO,-0.3912,2022,89952.0,B.OPR INT
2024-08-01,2024,8,OOCL,0.1282,2022,37879.0,B.OPR INT
2024-08-01,2024,8,RCL,0.5548,2022,17567.0,B.OPR INT
2024-08-01,2024,8,SITC,-0.0411,2022,26112.0,B.OPR INT
2024-08-01,2024,8,HAPAG,0.4112,2022,17257.0,B.OPR INT
2024-08-01,2024,8,YML,0.0405,2022,19454.0,B.OPR INT
2024-08-01,2024,8,KMTC,0.1419,2022,17448.0,B.OPR INT
2024-08-01,2024,8,OTHER,-0.3248,2022,21627.0,B.OPR INT
2024-08-01,2024,8,GSL,0.4928,2022,9467.0,B.OPR INT
2024-08-01,2024,8,SSL,-0.1864,2022,12620.0,B.OPR INT
2024-08-01,2024,8,PIL,-0.4198,2022,15468.0,B.OPR INT
2024-08-01,2024,8,ANL,0.0,2022,7314.0,B.OPR INT
2024-08-01,2024,8,HMM,-0.5262,2022,10073.0,B.OPR INT
2024-08-01,2024,8,XCL,-0.6743,2022,7734.0,B.OPR INT
2024-08-01,2024,8,MELL,1.2692,2022,743.0,B.OPR INT
2024-08-01,2024,8,BEN,0.0,2022,0.0,B.OPR INT
2024-08-01,2024,8,KRL,-0.9128,2022,803.0,B.OPR INT
2024-09-01,2024,9,CMA,0.142,2022,133054.0,B.OPR INT
2024-09-01,2024,9,EMC,0.182,2022,119331.0,B.OPR INT
2024-09-01,2024,9,MSK,0.0122,2022,131509.0,B.OPR INT
2024-09-01,2024,9,MSC,0.2451,2022,88856.0,B.OPR INT
2024-09-01,2024,9,ONE,0.0854,2022,91264.0,B.OPR INT
2024-09-01,2024,9,WHL,0.3652,2022,48737.0,B.OPR INT
2024-09-01,2024,9,COSCO,-0.3816,2022,97974.0,B.OPR INT
2024-09-01,2024,9,OOCL,0.0832,2022,43534.0,B.OPR INT
2024-09-01,2024,9,RCL,0.4654,2022,20890.0,B.OPR INT
2024-09-01,2024,9,SITC,-0.0096,2022,29046.0,B.OPR INT
2024-09-01,2024,9,HAPAG,0.4365,2022,19522.0,B.OPR INT
2024-09-01,2024,9,YML,-0.0045,2022,22124.0,B.OPR INT
2024-09-01,2024,9,KMTC,0.1497,2022,19630.0,B.OPR INT
2024-09-01,2024,9,OTHER,-0.3834,2022,24635.0,B.OPR INT
2024-09-01,2024,9,GSL,0.4436,2022,11034.0,B.OPR INT
2024-09-01,2024,9,SSL,-0.1248,2022,13275.0,B.OPR INT
2024-09-01,2024,9,PIL,-0.3796,2022,17045.0,B.OPR INT
2024-09-01,2024,9,ANL,0.0,2022,8410.0,B.OPR INT
2024-09-01,2024,9,HMM,-0.5059,2022,10933.0,B.OPR INT
2024-09-01,2024,9,XCL,-0.6249,2022,8211.0,B.OPR INT
2024-09-01,2024,9,MELL,1.3881,2022,804.0,B.OPR INT
2024-09-01,2024,9,BEN,0.0,2022,0.0,B.OPR INT
2024-09-01,2024,9,KRL,-0.9128,2022,803.0,B.OPR INT
2024-10-01,2024,10,CMA,0.0,2022,158.915,B.OPR INT
2024-10-01,2024,10,MSK,0.0,2022,134.265,B.OPR INT
2024-10-01,2024,10,EMC,0.0,2022,148.638,B.OPR INT
2024-10-01,2024,10,ONE,0.0,2022,97.534,B.OPR INT
2024-10-01,2024,10,COSCO,0.0,2022,103.014,B.OPR INT
2024-10-01,2024,10,MSC,0.0,2022,54.822,B.OPR INT
2024-10-01,2024,10,OOCL,0.0,2022,106.522,B.OPR INT
2024-10-01,2024,10,WHL,0.0,2022,49.713,B.OPR INT
2024-10-01,2024,10,SITC,0.0,2022,24.778,B.OPR INT
2024-10-01,2024,10,RCL,0.0,2022,19.522,B.OPR INT
2024-10-01,2024,10,HAPAG,0.0,2022,32.194,B.OPR INT
2024-10-01,2024,10,GSL,0.0,2022,21.837,B.OPR INT
2024-10-01,2024,10,KMTC,0.0,2022,24.871,B.OPR INT
2024-10-01,2024,10,YML,0.0,2022,12.339,B.OPR INT
2024-10-01,2024,10,SSL,0.0,2022,27.905,B.OPR INT
2024-10-01,2024,10,TSL,0.0,2022,14.221,B.OPR INT
2024-10-01,2024,10,PIL,0.0,2022,18.498,B.OPR INT
2024-10-01,2024,10,NSS,0.0,2022,0.0,B.OPR INT
2024-10-01,2024,10,XCL,0.0,2022,11.851,B.OPR INT
2024-10-01,2024,10,HMM,0.0,2022,8.413,B.OPR INT
2024-10-01,2024,10,OTHER,0.0,2022,850.0,B.OPR INT
2024-10-01,2024,10,SWI,0.0,2022,0.0,B.OPR INT
2024-10-01,2024,10,MELL,0.0,2022,2.129,B.OPR INT
2024-11-01,2024,11,CMA,0.0388,2022,176873.0,B.OPR INT
2024-11-01,2024,11,EMC,0.1965,2022,148163.0,B.OPR INT
2024-11-01,2024,11,MSK,0.029,2022,163753.0,B.OPR INT
2024-11-01,2024,11,MSC,0.2508,2022,107820.0,B.OPR INT
2024-11-01,2024,11,ONE,0.1045,2022,113352.0,B.OPR INT
2024-11-01,2024,11,WHL,0.3368,2022,60705.0,B.OPR INT
2024-11-01,2024,11,COSCO,-0.3345,2022,113737.0,B.OPR INT
2024-11-01,2024,11,OOCL,0.0334,2022,55295.0,B.OPR INT
2024-11-01,2024,11,RCL,0.3365,2022,28079.0,B.OPR INT
2024-11-01,2024,11,HAPAG,0.8146,2022,19522.0,B.OPR INT
2024-11-01,2024,11,SITC,-0.005,2022,35487.0,B.OPR INT
2024-11-01,2024,11,KMTC,0.1595,2022,23985.0,B.OPR INT
2024-11-01,2024,11,YML,-0.0775,2022,27994.0,B.OPR INT
2024-11-01,2024,11,GSL,0.3627,2022,14432.0,B.OPR INT
2024-11-01,2024,11,OTHER,-0.4478,2022,31313.0,B.OPR INT
2024-11-01,2024,11,SSL,-0.0298,2022,15222.0,B.OPR INT
2024-11-01,2024,11,PIL,-0.3447,2022,19854.0,B.OPR INT
2024-11-01,2024,11,ANL,0.0,2022,0.0,B.OPR INT
2024-11-01,2024,11,HMM,-0.4849,2022,12592.0,B.OPR INT
2024-11-01,2024,11,XCL,-0.4773,2022,8558.0,B.OPR INT
2024-11-01,2024,11,MELL,1.9228,2022,894.0,B.OPR INT
2024-11-01,2024,11,BEN,0.0,2022,0.0,B.OPR INT
2024-11-01,2024,11,KRL,-0.9389,2022,1146.0,B.OPR INT
2024-12-01,2024,12,CMA,0.0224,2022,199067.0,B.OPR INT
2024-12-01,2024,12,EMC,0.189,2022,163326.0,B.OPR INT
2024-12-01,2024,12,MSK,0.0317,2022,179658.0,B.OPR INT
2024-12-01,2024,12,MSC,0.2566,2022,115596.0,B.OPR INT
2024-12-01,2024,12,ONE,0.1227,2022,124359.0,B.OPR INT
2024-12-01,2024,12,WHL,0.2941,2022,68490.0,B.OPR INT
2024-12-01,2024,12,COSCO,-0.3146,2022,121343.0,B.OPR INT
2024-12-01,2024,12,OOCL,0.024,2022,60927.0,B.OPR INT
2024-12-01,2024,12,RCL,0.3045,2022,31561.0,B.OPR INT
2024-12-01,2024,12,HAPAG,0.3914,2022,28766.0,B.OPR INT
2024-12-01,2024,12,SITC,0.0031,2022,39109.0,B.OPR INT
2024-12-01,2024,12,KMTC,0.1681,2022,26467.0,B.OPR INT
2024-12-01,2024,12,YML,-0.0918,2022,30386.0,B.OPR INT
2024-12-01,2024,12,GSL,0.3369,2022,16092.0,B.OPR INT
2024-12-01,2024,12,OTHER,-0.4429,2022,34782.0,B.OPR INT
2024-12-01,2024,12,SSL,0.0397,2022,15947.0,B.OPR INT
2024-12-01,2024,12,PIL,-0.313,2022,20909.0,B.OPR INT
2024-12-01,2024,12,ANL,0.0,2022,0.0,B.OPR INT
2024-12-01,2024,12,HMM,-0.4585,2022,13160.0,B.OPR INT
2024-12-01,2024,12,XCL,-0.4548,2022,9169.0,B.OPR INT
2024-12-01,2024,12,MELL,1.9981,2022,1034.0,B.OPR INT
2024-12-01,2024,12,BEN,0.0,2022,0.0,B.OPR INT
2024-12-01,2024,12,KRL,-0.969,2022,2258.0,B.OPR INT
2025-01-01,2025,1,CMA,0.345,2022,0.0,B.OPR INT
2025-01-01,2025,1,EMC,0.2209,2022,0.0,B.OPR INT
2025-01-01,2025,1,MSC,0.4311,2022,0.0,B.OPR INT
2025-01-01,2025,1,ONE,0.1858,2022,0.0,B.OPR INT
2025-01-01,2025,1,MSK,-0.0318,2022,0.0,B.OPR INT
2025-01-01,2025,1,WHL,0.1905,2022,0.0,B.OPR INT
2025-01-01,2025,1,COSCO,-0.1293,2022,0.0,B.OPR INT
2025-01-01,2025,1,OOCL,0.0084,2022,0.0,B.OPR INT
2025-01-01,2025,1,RCL,0.3211,2022,0.0,B.OPR INT
2025-01-01,2025,1,SITC,0.1417,2022,0.0,B.OPR INT
2025-01-01,2025,1,HPL,0.0418,2022,0.0,B.OPR INT
2025-01-01,2025,1,YML,0.901,2022,0.0,B.OPR INT
2025-01-01,2025,1,KMTC,-0.184,2022,0.0,B.OPR INT
2025-01-01,2025,1,GSL,-0.3648,2022,0.0,B.OPR INT
2025-01-01,2025,1,PIL,1.0345,2022,0.0,B.OPR INT
2025-01-01,2025,1,SSL,-0.047,2022,0.0,B.OPR INT
2025-01-01,2025,1,HMM,0.3272,2022,0.0,B.OPR INT
2025-01-01,2025,1,ANL,1.1883,2022,0.0,B.OPR INT
2025-01-01,2025,1,XCL,0.5374,2022,0.0,B.OPR INT
2025-01-01,2025,1,KRL,2.1709,2022,0.0,B.OPR INT
2025-01-01,2025,1,KSL,0.0,2022,0.0,B.OPR INT
2025-01-01,2025,1,MELL,0.0,2022,0.0,B.OPR INT
2025-01-01,2025,1,OTHER,0.0,2022,0.0,B.OPR INT
2025-02-01,2025,2,CMA,0.0,2022,0.0,B.OPR INT
2025-02-01,2025,2,EMC,0.0,2022,0.0,B.OPR INT
2025-02-01,2025,2,MSC,0.0,2022,0.0,B.OPR INT
2025-02-01,2025,2,ONE,0.0,2022,0.0,B.OPR INT
2025-02-01,2025,2,MSK,0.0,2022,0.0,B.OPR INT
2025-02-01,2025,2,WHL,0.0,2022,0.0,B.OPR INT
2025-02-01,2025,2,COSCO,0.0,2022,0.0,B.OPR INT
2025-02-01,2025,2,OOCL,0.0,2022,0.0,B.OPR INT
2025-02-01,2025,2,RCL,0.0,2022,0.0,B.OPR INT
2025-02-01,2025,2,SITC,0.0,2022,0.0,B.OPR INT
2025-02-01,2025,2,HPL,0.0,2022,0.0,B.OPR INT
2025-02-01,2025,2,YML,0.0,2022,0.0,B.OPR INT
2025-02-01,2025,2,KMTC,0.0,2022,0.0,B.OPR INT
2025-02-01,2025,2,GSL,0.0,2022,0.0,B.OPR INT
2025-02-01,2025,2,PIL,0.0,2022,0.0,B.OPR INT
2025-02-01,2025,2,SSL,0.0,2022,0.0,B.OPR INT
2025-02-01,2025,2,HMM,0.0,2022,0.0,B.OPR INT
2025-02-01,2025,2,ANL,0.0,2022,0.0,B.OPR INT
2025-02-01,2025,2,XCL,0.0,2022,0.0,B.OPR INT
2025-02-01,2025,2,KRL,0.0,2022,0.0,B.OPR INT
2025-02-01,2025,2,KSL,0.0,2022,0.0,B.OPR INT
2025-02-01,2025,2,MELL,0.0,2022,0.0,B.OPR INT
2025-02-01,2025,2,OTHER,0.0,2022,0.0,B.OPR INT
2025-03-01,2025,3,CMA,0.0,2022,0.0,B.OPR INT
2025-03-02,2025,3,SSL,0.0,2022,0.0,B.OPR INT
2025-03-03,2025,3,MSK,0.0,2022,0.0,B.OPR INT
2025-03-04,2025,3,EMC,0.0,2022,0.0,B.OPR INT
2025-03-05,2025,3,MSC,0.0,2022,0.0,B.OPR INT
2025-03-06,2025,3,COS,0.0,2022,0.0,B.OPR INT
2025-03-07,2025,3,WHL,0.0,2022,0.0,B.OPR INT
2025-03-08,2025,3,SIT,0.0,2022,0.0,B.OPR INT
2025-03-09,2025,3,OOL,0.0,2022,0.0,B.OPR INT
2025-03-10,2025,3,KMT,0.0,2022,0.0,B.OPR INT
2025-03-11,2025,3,ONE,0.0,2022,0.0,B.OPR INT
2025-03-12,2025,3,YML,0.0,2022,0.0,B.OPR INT
2025-03-13,2025,3,GSL,0.0,2022,0.0,B.OPR INT
2025-03-14,2025,3,NSS,0.0,2022,0.0,B.OPR INT
2025-03-15,2025,3,ANL,0.0,2022,0.0,B.OPR INT
2025-03-16,2025,3,TSL,0.0,2022,0.0,B.OPR INT
2025-03-17,2025,3,RCL,0.0,2022,0.0,B.OPR INT
2025-03-18,2025,3,LMA,0.0,2022,0.0,B.OPR INT
2025-03-19,2025,3,BEN,0.0,2022,0.0,B.OPR INT
2025-03-20,2025,3,HPL,0.0,2022,0.0,B.OPR INT
2025-03-21,2025,3,PIL,0.0,2022,0.0,B.OPR INT
2025-03-22,2025,3,KAL,0.0,2022,0.0,B.OPR INT
2025-03-23,2025,3,XCL,0.0,2022,0.0,B.OPR INT
2025-03-24,2025,3,KSL,0.0,2022,0.0,B.OPR INT
2025-03-25,2025,3,ACL,0.0,2022,0.0,B.OPR INT
2025-03-26,2025,3,ESL,0.0,2022,0.0,B.OPR INT
2025-04-02,2025,4,CMA,0.0,2022,0.0,B.OPR INT
2025-04-03,2025,4,SSL,0.0,2022,0.0,B.OPR INT
2025-04-04,2025,4,MSK,0.0,2022,0.0,B.OPR INT
2025-04-05,2025,4,EMC,0.0,2022,0.0,B.OPR INT
2025-04-06,2025,4,MSC,0.0,2022,0.0,B.OPR INT
2025-04-07,2025,4,COS,0.0,2022,0.0,B.OPR INT
2025-04-08,2025,4,WHL,0.0,2022,0.0,B.OPR INT
2025-04-09,2025,4,SIT,0.0,2022,0.0,B.OPR INT
2025-04-10,2025,4,OOL,0.0,2022,0.0,B.OPR INT
2025-04-11,2025,4,ONE,0.0,2022,0.0,B.OPR INT
2025-04-12,2025,4,KMT,0.0,2022,0.0,B.OPR INT
2025-04-13,2025,4,GSL,0.0,2022,0.0,B.OPR INT
2025-04-14,2025,4,YML,0.0,2022,0.0,B.OPR INT
2025-04-15,2025,4,NSS,0.0,2022,0.0,B.OPR INT
2025-04-16,2025,4,TSL,0.0,2022,0.0,B.OPR INT
2025-04-17,2025,4,ANL,0.0,2022,0.0,B.OPR INT
2025-04-18,2025,4,RCL,0.0,2022,0.0,B.OPR INT
2025-04-19,2025,4,LMA,0.0,2022,0.0,B.OPR INT
2025-04-20,2025,4,BEN,0.0,2022,0.0,B.OPR INT
2025-04-21,2025,4,HPL,0.0,2022,0.0,B.OPR INT
2025-04-22,2025,4,PIL,0.0,2022,0.0,B.OPR INT
2025-04-23,2025,4,KAL,0.0,2022,0.0,B.OPR INT
2025-04-24,2025,4,XCL,0.0,2022,0.0,B.OPR INT
2025-04-25,2025,4,KSL,0.0,2022,0.0,B.OPR INT
2025-04-26,2025,4,ACL,0.0,2022,0.0,B.OPR INT
2025-04-27,2025,4,ESL,0.0,2022,0.0,B.OPR INT
2025-05-04,2025,5,CMA,0.0,2022,0.0,B.OPR INT
2025-05-05,2025,5,MSK,0.0,2022,0.0,B.OPR INT
2025-05-06,2025,5,EMC,0.0,2022,0.0,B.OPR INT
2025-05-07,2025,5,ONE,0.0,2022,0.0,B.OPR INT
2025-05-08,2025,5,COSCO,0.0,2022,0.0,B.OPR INT
2025-05-09,2025,5,MSC,0.0,2022,0.0,B.OPR INT
2025-05-10,2025,5,OOCL,0.0,2022,0.0,B.OPR INT
2025-05-11,2025,5,WHL,0.0,2022,0.0,B.OPR INT
2025-05-12,2025,5,SITC,0.0,2022,0.0,B.OPR INT
2025-05-13,2025,5,RCL,0.0,2022,0.0,B.OPR INT
2025-05-14,2025,5,HAPAG,0.0,2022,0.0,B.OPR INT
2025-05-15,2025,5,YML,0.0,2022,0.0,B.OPR INT
2025-05-16,2025,5,KMTC,0.0,2022,0.0,B.OPR INT
2025-05-17,2025,5,GSL,0.0,2022,0.0,B.OPR INT
2025-05-18,2025,5,SSL,0.0,2022,0.0,B.OPR INT
2025-05-19,2025,5,PIL,0.0,2022,0.0,B.OPR INT
2025-05-20,2025,5,TSL,0.0,2022,0.0,B.OPR INT
2025-05-21,2025,5,NSS,0.0,2022,0.0,B.OPR INT
2025-05-22,2025,5,OTHERS,0.0,2022,0.0,B.OPR INT
2025-05-23,2025,5,XCL,0.0,2022,0.0,B.OPR INT
2025-05-24,2025,5,HMM,0.0,2022,0.0,B.OPR INT
2025-05-25,2025,5,MELL,0.0,2022,0.0,B.OPR INT
2025-05-26,2025,5,SWI,0.0,2022,0.0,B.OPR INT
2025-05-27,2025,5,KRL,0.0,2022,0.0,B.OPR INT
2025-05-28,2025,5,BEN,0.0,2022,0.0,B.OPR INT
2025-05-29,2025,5,KSL,0.0,2022,0.0,B.OPR INT
2025-06-01,2025,6,CMA,0.0,2022,0.0,B.OPR INT
2025-06-01,2025,6,MSK,0.0,2022,0.0,B.OPR INT
2025-06-01,2025,6,EMC,0.0,2022,0.0,B.OPR INT
2025-06-01,2025,6,ONE,0.0,2022,0.0,B.OPR INT
2025-06-01,2025,6,COSCO,0.0,2022,0.0,B.OPR INT
2025-06-01,2025,6,MSC,0.0,2022,0.0,B.OPR INT
2025-06-01,2025,6,OOCL,0.0,2022,0.0,B.OPR INT
2025-06-01,2025,6,WHL,0.0,2022,0.0,B.OPR INT
2025-06-01,2025,6,SITC,0.0,2022,0.0,B.OPR INT
2025-06-01,2025,6,RCL,0.0,2022,0.0,B.OPR INT
2025-06-01,2025,6,HAPAG,0.0,2022,0.0,B.OPR INT
2025-06-01,2025,6,YML,0.0,2022,0.0,B.OPR INT
2025-06-01,2025,6,KMTC,0.0,2022,0.0,B.OPR INT
2025-06-01,2025,6,GSL,0.0,2022,0.0,B.OPR INT
2025-06-01,2025,6,SSL,0.0,2022,0.0,B.OPR INT
2025-06-01,2025,6,PIL,0.0,2022,0.0,B.OPR INT
2025-06-01,2025,6,TSL,0.0,2022,0.0,B.OPR INT
2025-06-01,2025,6,NSS,0.0,2022,0.0,B.OPR INT
2025-06-02,2025,6,OTHERS,0.0,2022,0.0,B.OPR INT
2025-06-03,2025,6,XCL,0.0,2022,0.0,B.OPR INT
2025-06-04,2025,6,HMM,0.0,2022,0.0,B.OPR INT
2025-06-05,2025,6,MELL,0.0,2022,0.0,B.OPR INT
2025-06-06,2025,6,SWI,0.0,2022,0.0,B.OPR INT
2025-06-07,2025,6,KRL,0.0,2022,0.0,B.OPR INT
2025-06-08,2025,6,BEN,0.0,2022,0.0,B.OPR INT
2025-06-09,2025,6,KSL,0.0,2022,0.0,B.OPR INT
2025-07-01,2025,7,OOCL,0.0,2022,0.0,B.OPR INT
2025-07-01,2025,7,RCL,0.0,2022,0.0,B.OPR INT
2025-07-01,2025,7,SITC,0.0,2022,0.0,B.OPR INT
2025-07-01,2025,7,HAPAG,0.0,2022,0.0,B.OPR INT
2025-07-01,2025,7,YML,0.0,2022,0.0,B.OPR INT
2025-07-01,2025,7,KMTC,0.0,2022,0.0,B.OPR INT
2025-07-01,2025,7,OTHER,0.0,2022,0.0,B.OPR INT
2025-07-01,2025,7,GSL,0.0,2022,0.0,B.OPR INT
2025-07-01,2025,7,SSL,0.0,2022,0.0,B.OPR INT
2025-07-01,2025,7,PIL,0.0,2022,0.0,B.OPR INT
2025-07-01,2025,7,ANL,0.0,2022,0.0,B.OPR INT
2025-07-01,2025,7,HMM,0.0,2022,0.0,B.OPR INT
2025-07-01,2025,7,XCL,0.0,2022,0.0,B.OPR INT
2025-07-01,2025,7,MELL,0.0,2022,0.0,B.OPR INT
2025-07-01,2025,7,KRL,0.0,2022,0.0,B.OPR INT
2025-07-01,2025,7,KSL,0.0,2022,0.0,B.OPR INT
2025-08-01,2025,8,CMA,0.0,2022,0.0,B.OPR INT
2025-08-01,2025,8,EMC,0.0,2022,0.0,B.OPR INT
2025-08-01,2025,8,MSK,0.0,2022,0.0,B.OPR INT
2025-08-01,2025,8,MSC,0.0,2022,0.0,B.OPR INT
2025-08-01,2025,8,ONE,0.0,2022,0.0,B.OPR INT
2025-08-01,2025,8,WHL,0.0,2022,0.0,B.OPR INT
2025-08-01,2025,8,COSCO,0.0,2022,0.0,B.OPR INT
2025-08-01,2025,8,OOCL,0.0,2022,0.0,B.OPR INT
2025-08-01,2025,8,RCL,0.0,2022,0.0,B.OPR INT
2025-08-01,2025,8,SITC,0.0,2022,0.0,B.OPR INT
2025-08-01,2025,8,HAPAG,0.0,2022,0.0,B.OPR INT
2025-08-01,2025,8,YML,0.0,2022,0.0,B.OPR INT
2025-08-01,2025,8,KMTC,0.0,2022,0.0,B.OPR INT
2025-08-01,2025,8,OTHER,0.0,2022,0.0,B.OPR INT
2025-08-01,2025,8,GSL,0.0,2022,0.0,B.OPR INT
2025-08-01,2025,8,SSL,0.0,2022,0.0,B.OPR INT
2025-08-01,2025,8,PIL,0.0,2022,0.0,B.OPR INT
2025-08-01,2025,8,ANL,0.0,2022,0.0,B.OPR INT
2025-08-01,2025,8,HMM,0.0,2022,0.0,B.OPR INT
2025-08-01,2025,8,XCL,0.0,2022,0.0,B.OPR INT
2025-08-01,2025,8,MELL,0.0,2022,0.0,B.OPR INT
2025-08-01,2025,8,BEN,0.0,2022,0.0,B.OPR INT
2025-08-01,2025,8,KRL,0.0,2022,0.0,B.OPR INT
2025-09-01,2025,9,CMA,0.0,2022,0.0,B.OPR INT
2025-09-01,2025,9,EMC,0.0,2022,0.0,B.OPR INT
2025-09-01,2025,9,MSK,0.0,2022,0.0,B.OPR INT
2025-09-01,2025,9,MSC,0.0,2022,0.0,B.OPR INT
2025-09-01,2025,9,ONE,0.0,2022,0.0,B.OPR INT
2025-09-01,2025,9,WHL,0.0,2022,0.0,B.OPR INT
2025-09-01,2025,9,COSCO,0.0,2022,0.0,B.OPR INT
2025-09-01,2025,9,OOCL,0.0,2022,0.0,B.OPR INT
2025-09-01,2025,9,RCL,0.0,2022,0.0,B.OPR INT
2025-09-01,2025,9,SITC,0.0,2022,0.0,B.OPR INT
2025-09-01,2025,9,HAPAG,0.0,2022,0.0,B.OPR INT
2025-09-01,2025,9,YML,0.0,2022,0.0,B.OPR INT
2025-09-01,2025,9,KMTC,0.0,2022,0.0,B.OPR INT
2025-09-01,2025,9,OTHER,0.0,2022,0.0,B.OPR INT
2025-09-01,2025,9,GSL,0.0,2022,0.0,B.OPR INT
2025-09-01,2025,9,SSL,0.0,2022,0.0,B.OPR INT
2025-09-01,2025,9,PIL,0.0,2022,0.0,B.OPR INT
2025-09-01,2025,9,ANL,0.0,2022,0.0,B.OPR INT
2025-09-01,2025,9,HMM,0.0,2022,0.0,B.OPR INT
2025-09-01,2025,9,XCL,0.0,2022,0.0,B.OPR INT
2025-09-01,2025,9,MELL,0.0,2022,0.0,B.OPR INT
2025-09-01,2025,9,BEN,0.0,2022,0.0,B.OPR INT
2025-09-01,2025,9,KRL,0.0,2022,0.0,B.OPR INT
2025-10-01,2025,10,CMA,0.0,2022,0.0,B.OPR INT
2025-10-01,2025,10,EMC,0.0,2022,0.0,B.OPR INT
2025-10-01,2025,10,MSK,0.0,2022,0.0,B.OPR INT
2025-10-01,2025,10,MSC,0.0,2022,0.0,B.OPR INT
2025-10-01,2025,10,ONE,0.0,2022,0.0,B.OPR INT
2025-10-01,2025,10,WHL,0.0,2022,0.0,B.OPR INT
2025-10-01,2025,10,COSCO,0.0,2022,0.0,B.OPR INT
2025-10-01,2025,10,OOCL,0.0,2022,0.0,B.OPR INT
2025-10-01,2025,10,RCL,0.0,2022,0.0,B.OPR INT
2025-10-01,2025,10,SITC,0.0,2022,0.0,B.OPR INT
2025-10-01,2025,10,HAPAG,0.0,2022,0.0,B.OPR INT
2025-10-01,2025,10,YML,0.0,2022,0.0,B.OPR INT
2025-10-01,2025,10,KMTC,0.0,2022,0.0,B.OPR INT
2025-10-01,2025,10,OTHER,0.0,2022,0.0,B.OPR INT
2025-10-01,2025,10,GSL,0.0,2022,0.0,B.OPR INT
2025-10-01,2025,10,SSL,0.0,2022,0.0,B.OPR INT
2025-10-01,2025,10,PIL,0.0,2022,0.0,B.OPR INT
2025-10-01,2025,10,ANL,0.0,2022,0.0,B.OPR INT
2025-10-01,2025,10,HMM,0.0,2022,0.0,B.OPR INT
2025-10-01,2025,10,XCL,0.0,2022,0.0,B.OPR INT
2025-10-01,2025,10,MELL,0.0,2022,0.0,B.OPR INT
2025-10-01,2025,10,BEN,0.0,2022,0.0,B.OPR INT
2025-10-01,2025,10,KRL,0.0,2022,0.0,B.OPR INT
2025-11-01,2025,11,CMA,0.0,2022,0.0,B.OPR INT
2025-11-01,2025,11,EMC,0.0,2022,0.0,B.OPR INT
2025-11-01,2025,11,MSK,0.0,2022,0.0,B.OPR INT
2025-11-01,2025,11,MSC,0.0,2022,0.0,B.OPR INT
2025-11-01,2025,11,ONE,0.0,2022,0.0,B.OPR INT
2025-11-01,2025,11,WHL,0.0,2022,0.0,B.OPR INT
2025-11-01,2025,11,COSCO,0.0,2022,0.0,B.OPR INT
2025-11-01,2025,11,OOCL,0.0,2022,0.0,B.OPR INT
2025-11-01,2025,11,RCL,0.0,2022,0.0,B.OPR INT
2025-11-01,2025,11,HAPAG,0.0,2022,0.0,B.OPR INT
2025-11-01,2025,11,SITC,0.0,2022,0.0,B.OPR INT
2025-11-01,2025,11,KMTC,0.0,2022,0.0,B.OPR INT
2025-11-01,2025,11,YML,0.0,2022,0.0,B.OPR INT
2025-11-01,2025,11,GSL,0.0,2022,0.0,B.OPR INT
2025-11-01,2025,11,OTHER,0.0,2022,0.0,B.OPR INT
2025-11-01,2025,11,SSL,0.0,2022,0.0,B.OPR INT
2025-11-01,2025,11,PIL,0.0,2022,0.0,B.OPR INT
2025-11-01,2025,11,ANL,0.0,2022,0.0,B.OPR INT
2025-11-01,2025,11,HMM,0.0,2022,0.0,B.OPR INT
2025-11-01,2025,11,XCL,0.0,2022,0.0,B.OPR INT
2025-11-01,2025,11,MELL,0.0,2022,0.0,B.OPR INT
2025-11-01,2025,11,BEN,0.0,2022,0.0,B.OPR INT
2025-11-01,2025,11,KRL,0.0,2022,0.0,B.OPR INT
2025-12-01,2025,12,CMA,0.0,2022,0.0,B.OPR INT
2025-12-01,2025,12,MSK,0.0,2022,0.0,B.OPR INT
2025-12-01,2025,12,EMC,0.0,2022,0.0,B.OPR INT
2025-12-01,2025,12,MSC,0.0,2022,0.0,B.OPR INT
2025-12-01,2025,12,ONE,0.0,2022,0.0,B.OPR INT
2025-12-01,2025,12,COSCO,0.0,2022,0.0,B.OPR INT
2025-12-01,2025,12,OOCL,0.0,2022,0.0,B.OPR INT
2025-12-01,2025,12,WHL,0.0,2022,0.0,B.OPR INT
2025-12-01,2025,12,SITC,0.0,2022,0.0,B.OPR INT
2025-12-01,2025,12,HAPAG,0.0,2022,0.0,B.OPR INT
2025-12-01,2025,12,RCL,0.0,2022,0.0,B.OPR INT
2025-12-01,2025,12,PIL,0.0,2022,0.0,B.OPR INT
2025-12-01,2025,12,YML,0.0,2022,0.0,B.OPR INT
2025-12-01,2025,12,KMTC,0.0,2022,0.0,B.OPR INT
2025-12-01,2025,12,OTHERS,0.0,2022,0.0,B.OPR INT
2025-12-01,2025,12,TSL,0.0,2022,0.0,B.OPR INT
2025-12-01,2025,12,SSL,0.0,2022,0.0,B.OPR INT
2025-12-01,2025,12,GSL,0.0,2022,0.0,B.OPR INT
2025-12-01,2025,12,NSS,0.0,2022,0.0,B.OPR INT
2025-12-01,2025,12,HMM,0.0,2022,0.0,B.OPR INT
2025-12-01,2025,12,XCL,0.0,2022,0.0,B.OPR INT
2025-12-01,2025,12,SWI,0.0,2022,0.0,B.OPR INT
2025-12-01,2025,12,MELL,0.0,2022,0.0,B.OPR INT
2025-12-02,2025,12,KRL,0.0,2022,0.0,B.OPR INT
2026-01-01,2026,1,CMA,0.1683,2022,0.0,B.OPR INT
2026-01-02,2026,1,EMC,0.1768,2022,0.0,B.OPR INT
2026-01-03,2026,1,MSK,0.0499,2022,0.0,B.OPR INT
2026-01-04,2026,1,MSC,0.4508,2022,0.0,B.OPR INT
2026-01-05,2026,1,ONE,-0.0993,2022,0.0,B.OPR INT
2026-01-06,2026,1,COSCO,-0.4347,2022,0.0,B.OPR INT
2026-01-07,2026,1,OOCL,-0.1427,2022,0.0,B.OPR INT
2026-01-08,2026,1,PIL,1.6793,2022,0.0,B.OPR INT
2026-01-09,2026,1,HAPAG,-0.0732,2022,0.0,B.OPR INT
2026-01-10,2026,1,SITC,-0.3406,2022,0.0,B.OPR INT
2026-01-11,2026,1,WHL,-0.5851,2022,0.0,B.OPR INT
2026-01-12,2026,1,RCL,-0.2345,2022,0.0,B.OPR INT
2026-01-13,2026,1,YML,-0.0046,2022,0.0,B.OPR INT
2026-01-14,2026,1,SSL,0.2373,2022,0.0,B.OPR INT
2026-01-15,2026,1,KMTC,-0.2787,2022,0.0,B.OPR INT
2026-01-16,2026,1,TSL,0.0,2022,0.0,B.OPR INT
2026-01-17,2026,1,HMM,1.7778,2022,0.0,B.OPR INT
2026-01-18,2026,1,GSL,-0.231,2022,0.0,B.OPR INT
2026-01-19,2026,1,OTHERS,0.1077,2022,0.0,B.OPR INT
2026-01-20,2026,1,XCL,0.4459,2022,0.0,B.OPR INT
2026-01-21,2026,1,NSS,0.0,2022,0.0,B.OPR INT
2026-01-22,2026,1,SWI,9.5769,2022,0.0,B.OPR INT
2026-01-23,2026,1,MELL,-0.465,2022,0.0,B.OPR INT
2026-01-24,2026,1,KRL,0.0,2022,0.0,B.OPR INT
2026-01-25,2026,1,BEN,0.0,2022,0.0,B.OPR INT
2026-01-26,2026,1,KSL,0.0,2022,0.0,B.OPR INT
2024-01-01,2024,1,CMA,0.1715,2023,14158.0,B.OPR INT
2024-01-02,2024,1,EMC,0.0886,2023,13601.0,B.OPR INT
2024-01-03,2024,1,MSC,-0.0329,2023,10754.0,B.OPR INT
2024-01-04,2024,1,ONE,-0.1184,2023,10592.0,B.OPR INT
2024-01-05,2024,1,MSK,-0.2962,2023,9899.0,B.OPR INT
2024-01-06,2024,1,WHL,0.1297,2023,7028.0,B.OPR INT
2024-01-07,2024,1,COSCO,-0.354,2023,6956.0,B.OPR INT
2024-01-08,2024,1,OOCL,0.0457,2023,5333.0,B.OPR INT
2024-01-09,2024,1,RCL,4.4919,2023,3394.0,B.OPR INT
2024-01-10,2024,1,SITC,-0.2173,2023,3267.0,B.OPR INT
2024-01-11,2024,1,HPL,0.3761,2023,0.0,B.OPR INT
2024-01-12,2024,1,YML,0.149,2023,2614.0,B.OPR INT
2024-01-13,2024,1,KMTC,-0.4946,2023,1675.0,B.OPR INT
2024-01-14,2024,1,GSL,0.2926,2023,1533.0,B.OPR INT
2024-01-15,2024,1,PIL,-0.565,2023,984.0,B.OPR INT
2024-01-16,2024,1,SSL,-0.6106,2023,840.0,B.OPR INT
2024-01-17,2024,1,HMM,-0.7255,2023,428.0,B.OPR INT
2024-01-18,2024,1,ANL,0.0,2023,377.0,B.OPR INT
2024-01-19,2024,1,XCL,-0.8709,2023,199.0,B.OPR INT
2024-01-20,2024,1,KRL,0.0,2023,0.0,B.OPR INT
2024-01-21,2024,1,KSL,0.0,2023,0.0,B.OPR INT
2024-01-22,2024,1,MELL,-1.0,2023,0.0,B.OPR INT
2024-01-23,2024,1,OTHER,0.3805,2023,2819.0,B.OPR INT
2024-02-01,2024,2,EMC,0.0124,2023,12759.0,B.OPR INT
2024-02-02,2024,2,CMA,0.0298,2023,12019.0,B.OPR INT
2024-02-03,2024,2,MSK,-0.1471,2023,13383.0,B.OPR INT
2024-02-04,2024,2,ONE,-0.0679,2023,9316.0,B.OPR INT
2024-02-05,2024,2,MSC,-0.1306,2023,8157.0,B.OPR INT
2024-02-06,2024,2,COSCO,-0.4033,2023,7269.0,B.OPR INT
2024-02-07,2024,2,WHL,0.0234,2023,7005.0,B.OPR INT
2024-02-08,2024,2,OOCL,0.2074,2023,5728.0,B.OPR INT
2024-02-09,2024,2,RCL,5.4166,2023,3414.0,B.OPR INT
2024-02-10,2024,2,OTHER,0.4733,2023,2038.0,B.OPR INT
2024-02-11,2024,2,SITC,-0.189,2023,2670.0,B.OPR INT
2024-02-12,2024,2,HAPAG,0.48,2023,2645.0,B.OPR INT
2024-02-13,2024,2,YML,0.2725,2023,2700.0,B.OPR INT
2024-02-14,2024,2,KMTC,-0.3693,2023,1735.0,B.OPR INT
2024-02-15,2024,2,GSL,0.3486,2023,1697.0,B.OPR INT
2024-02-16,2024,2,PIL,-0.4338,2023,1463.0,B.OPR INT
2024-02-17,2024,2,SSL,-0.5488,2023,863.0,B.OPR INT
2024-02-18,2024,2,ANL,0.0,2023,575.0,B.OPR INT
2024-02-19,2024,2,HMM,-0.7196,2023,453.0,B.OPR INT
2024-02-20,2024,2,XCL,-0.8162,2023,251.0,B.OPR INT
2024-02-21,2024,2,MELL,-0.6935,2023,80.0,B.OPR INT
2024-02-22,2024,2,KRL,-0.6602,2023,70.0,B.OPR INT
2024-02-23,2024,2,KSL,0.0,2023,0.0,B.OPR INT
2024-03-01,2024,3,EMC,0.1285,2023,17518.0,B.OPR INT
2024-03-02,2024,3,CMA,0.2425,2023,16376.0,B.OPR INT
2024-03-03,2024,3,MSK,-0.123,2023,13068.0,B.OPR INT
2024-03-04,2024,3,ONE,-0.0312,2023,11695.0,B.OPR INT
2024-03-05,2024,3,MSC,-0.0996,2023,10739.0,B.OPR INT
2024-03-06,2024,3,WHL,0.4138,2023,10793.0,B.OPR INT
2024-03-07,2024,3,COSCO,-0.3562,2023,7680.0,B.OPR INT
2024-03-08,2024,3,OOCL,0.2248,2023,6189.0,B.OPR INT
2024-03-09,2024,3,OTHER,0.2284,2023,1458.0,B.OPR INT
2024-03-10,2024,3,RCL,2.7354,2023,3173.0,B.OPR INT
2024-03-11,2024,3,HAPAG,0.4762,2023,3361.0,B.OPR INT
2024-03-12,2024,3,SITC,-0.1476,2023,3167.0,B.OPR INT
2024-03-13,2024,3,YML,0.0555,2023,2556.0,B.OPR INT
2024-03-14,2024,3,KMTC,-0.3166,2023,2299.0,B.OPR INT
2024-03-15,2024,3,GSL,0.5316,2023,2034.0,B.OPR INT
2024-03-16,2024,3,PIL,-0.4505,2023,1397.0,B.OPR INT
2024-03-17,2024,3,SSL,-0.4181,2023,1307.0,B.OPR INT
2024-03-18,2024,3,ANL,0.0,2023,803.0,B.OPR INT
2024-03-19,2024,3,HMM,-0.6865,2023,582.0,B.OPR INT
2024-03-20,2024,3,XCL,-0.8217,2023,265.0,B.OPR INT
2024-03-21,2024,3,MELL,0.3011,2023,270.0,B.OPR INT
2024-03-22,2024,3,KRL,-0.375,2023,0.0,B.OPR INT
2024-03-23,2024,3,KSL,0.0,2023,0.0,B.OPR INT
2024-04-01,2024,4,CMA,0.2241,2023,16375.0,B.OPR INT
2024-04-02,2024,4,EMC,0.0094,2023,11880.0,B.OPR INT
2024-04-03,2024,4,MSK,-0.1511,2023,15581.0,B.OPR INT
2024-04-04,2024,4,ONE,-0.05,2023,9166.0,B.OPR INT
2024-04-05,2024,4,MSC,-0.0495,2023,9904.0,B.OPR INT
2024-04-06,2024,4,WHL,0.3763,2023,6568.0,B.OPR INT
2024-04-07,2024,4,COSCO,-0.3937,2023,5820.0,B.OPR INT
2024-04-08,2024,4,OOCL,0.2169,2023,4654.0,B.OPR INT
2024-04-09,2024,4,OTHER,0.8949,2023,1819.0,B.OPR INT
2024-04-10,2024,4,RCL,1.1752,2023,2659.0,B.OPR INT
2024-04-11,2024,4,SITC,-0.1267,2023,2988.0,B.OPR INT
2024-04-12,2024,4,HAPAG,0.4219,2023,2888.0,B.OPR INT
2024-04-13,2024,4,YML,0.0618,2023,2097.0,B.OPR INT
2024-04-14,2024,4,KMTC,-0.2766,2023,1871.0,B.OPR INT
2024-04-15,2024,4,GSL,0.8091,2023,1663.0,B.OPR INT
2024-04-16,2024,4,PIL,-0.5236,2023,871.0,B.OPR INT
2024-04-17,2024,4,SSL,-0.3891,2023,1058.0,B.OPR INT
2024-04-18,2024,4,ANL,0.0,2023,820.0,B.OPR INT
2024-04-19,2024,4,HMM,-0.7081,2023,345.0,B.OPR INT
2024-04-20,2024,4,XCL,-0.8106,2023,269.0,B.OPR INT
2024-04-21,2024,4,MELL,-0.2708,2023,0.0,B.OPR INT
2024-04-22,2024,4,SWI,0.0,2023,0.0,B.OPR INT
2024-04-23,2024,4,KRL,-0.375,2023,0.0,B.OPR INT
2024-04-24,2024,4,KSL,0.0,2023,0.0,B.OPR INT
2024-05-01,2024,5,CMA,0.3162,2023,20193.0,B.OPR INT
2024-05-02,2024,5,EMC,0.1267,2023,17515.0,B.OPR INT
2024-05-03,2024,5,MSK,-0.1154,2023,14971.0,B.OPR INT
2024-05-04,2024,5,MSC,0.081,2023,15075.0,B.OPR INT
2024-05-05,2024,5,ONE,-0.0002,2023,12013.0,B.OPR INT
2024-05-06,2024,5,WHL,0.4259,2023,7160.0,B.OPR INT
2024-05-07,2024,5,COSCO,-0.363,2023,7961.0,B.OPR INT
2024-05-08,2024,5,OOCL,0.2226,2023,5616.0,B.OPR INT
2024-05-09,2024,5,RCL,1.1604,2023,3699.0,B.OPR INT
2024-05-10,2024,5,SITC,-0.0869,2023,3253.0,B.OPR INT
2024-05-11,2024,5,HAPAG,0.4424,2023,3063.0,B.OPR INT
2024-05-12,2024,5,YML,0.0746,2023,2587.0,B.OPR INT
2024-05-13,2024,5,KMTC,-0.0971,2023,2680.0,B.OPR INT
2024-05-14,2024,5,TSL,0.0,2023,0.0,B.OPR INT
2024-05-15,2024,5,OTHER,-0.1349,2023,0.0,B.OPR INT
2024-05-16,2024,5,GSL,0.9304,2023,2136.0,B.OPR INT
2024-05-17,2024,5,PIL,-0.5055,2023,848.0,B.OPR INT
2024-05-18,2024,5,SSL,-0.3792,2023,1368.0,B.OPR INT
2024-05-19,2024,5,ANL,0.0,2023,1020.0,B.OPR INT
2024-05-20,2024,5,HMM,-0.6616,2023,581.0,B.OPR INT
2024-05-21,2024,5,XCL,-0.7792,2023,326.0,B.OPR INT
2024-05-22,2024,5,MELL,-0.2077,2023,43.0,B.OPR INT
2024-05-23,2024,5,KRL,-0.7799,2023,0.0,B.OPR INT
2024-05-24,2024,5,KSL,-1.0,2023,0.0,B.OPR INT
2024-06-01,2024,6,CMA,0.1997,2023,15464.0,B.OPR INT
2024-06-01,2024,6,EMC,0.1077,2023,16058.0,B.OPR INT
2024-06-01,2024,6,MSK,-0.0545,2023,17674.0,B.OPR INT
2024-06-01,2024,6,MSC,0.0995,2023,11175.0,B.OPR INT
2024-06-01,2024,6,ONE,0.0145,2023,11617.0,B.OPR INT
2024-06-01,2024,6,WHL,0.3785,2023,5471.0,B.OPR INT
2024-06-01,2024,6,COSCO,-0.3647,2023,7409.0,B.OPR INT
2024-06-01,2024,6,OOCL,0.1792,2023,4970.0,B.OPR INT
2024-06-01,2024,6,RCL,0.7739,2023,3498.0,B.OPR INT
2024-06-01,2024,6,SITC,-0.0295,2023,3181.0,B.OPR INT
2024-06-01,2024,6,HAPAG,0.4066,2023,3038.0,B.OPR INT
2024-06-01,2024,6,YML,0.1132,2023,2932.0,B.OPR INT
2024-06-01,2024,6,KMTC,0.0802,2023,3235.0,B.OPR INT
2024-06-01,2024,6,OTHER,-0.1663,2023,2090.0,B.OPR INT
2024-06-01,2024,6,GSL,0.7858,2023,1668.0,B.OPR INT
2024-06-01,2024,6,SSL,-0.327,2023,1619.0,B.OPR INT
2024-06-01,2024,6,PIL,-0.4818,2023,996.0,B.OPR INT
2024-06-01,2024,6,ANL,0.0,2023,617.0,B.OPR INT
2024-06-01,2024,6,HMM,-0.6125,2023,641.0,B.OPR INT
2024-06-01,2024,6,XCL,-0.7684,2023,204.0,B.OPR INT
2024-06-21,2024,6,MELL,0.4899,2023,346.0,B.OPR INT
2024-06-01,2024,6,KRL,-0.8627,2023,0.0,B.OPR INT
2024-06-01,2024,6,KSL,-1.0,2023,0.0,B.OPR INT
2024-06-01,2024,6,SWI,0.0,2023,0.0,B.OPR INT
2024-07-01,2024,7,CMA,0.2119,2023,22473.0,B.OPR INT
2024-07-01,2024,7,EMC,0.1216,2023,17825.0,B.OPR INT
2024-07-01,2024,7,MSK,-0.0203,2023,16514.0,B.OPR INT
2024-07-01,2024,7,MSC,0.1355,2023,12703.0,B.OPR INT
2024-07-01,2024,7,ONE,0.0362,2023,11227.0,B.OPR INT
2024-07-01,2024,7,WHL,0.3907,2023,7825.0,B.OPR INT
2024-07-01,2024,7,COSCO,-0.3758,2023,6546.0,B.OPR INT
2024-07-01,2024,7,OOCL,0.1469,2023,4899.0,B.OPR INT
2024-07-01,2024,7,RCL,0.7454,2023,4359.0,B.OPR INT
2024-07-01,2024,7,SITC,-0.02,2023,3589.0,B.OPR INT
2024-07-01,2024,7,HAPAG,0.3908,2023,3164.0,B.OPR INT
2024-07-01,2024,7,YML,0.0336,2023,2116.0,B.OPR INT
2024-07-01,2024,7,KMTC,0.1323,2023,3321.0,B.OPR INT
2024-07-01,2024,7,OTHER,-0.2383,2023,1397.0,B.OPR INT
2024-07-01,2024,7,GSL,0.5251,2023,1343.0,B.OPR INT
2024-07-01,2024,7,SSL,-0.2514,2023,1610.0,B.OPR INT
2024-07-01,2024,7,PIL,-0.4398,2023,1242.0,B.OPR INT
2024-07-01,2024,7,ANL,0.0,2023,1126.0,B.OPR INT
2024-07-01,2024,7,HMM,-0.545,2023,1014.0,B.OPR INT
2024-07-01,2024,7,XCL,-0.7305,2023,434.0,B.OPR INT
2024-07-01,2024,7,MELL,1.741,2023,637.0,B.OPR INT
2024-07-01,2024,7,KRL,-0.8627,2023,0.0,B.OPR INT
2024-07-01,2024,7,KSL,-1.0,2023,0.0,B.OPR INT
2024-08-01,2024,8,CMA,0.1532,2023,18241.0,B.OPR INT
2024-08-01,2024,8,EMC,0.1453,2023,17870.0,B.OPR INT
2024-08-01,2024,8,MSK,-0.0285,2023,14402.0,B.OPR INT
2024-08-01,2024,8,MSC,0.1464,2023,14675.0,B.OPR INT
2024-08-01,2024,8,ONE,0.077,2023,11170.0,B.OPR INT
2024-08-01,2024,8,WHL,0.3737,2023,7444.0,B.OPR INT
2024-08-01,2024,8,COSCO,-0.3912,2023,5123.0,B.OPR INT
2024-08-01,2024,8,OOCL,0.1282,2023,5345.0,B.OPR INT
2024-08-01,2024,8,RCL,0.5548,2023,3117.0,B.OPR INT
2024-08-01,2024,8,SITC,-0.0411,2023,2924.0,B.OPR INT
2024-08-01,2024,8,HAPAG,0.4112,2023,3033.0,B.OPR INT
2024-08-01,2024,8,YML,0.0405,2023,2640.0,B.OPR INT
2024-08-01,2024,8,KMTC,0.1419,2023,3107.0,B.OPR INT
2024-08-01,2024,8,OTHER,-0.3248,2023,795.0,B.OPR INT
2024-08-01,2024,8,GSL,0.4928,2023,2058.0,B.OPR INT
2024-08-01,2024,8,SSL,-0.1864,2023,1603.0,B.OPR INT
2024-08-01,2024,8,PIL,-0.4198,2023,1174.0,B.OPR INT
2024-08-01,2024,8,ANL,0.0,2023,931.0,B.OPR INT
2024-08-01,2024,8,HMM,-0.5262,2023,729.0,B.OPR INT
2024-08-01,2024,8,XCL,-0.6743,2023,571.0,B.OPR INT
2024-08-01,2024,8,MELL,1.2692,2023,310.0,B.OPR INT
2024-08-01,2024,8,BEN,0.0,2023,312.0,B.OPR INT
2024-08-01,2024,8,KRL,-0.9128,2023,0.0,B.OPR INT
2024-09-01,2024,9,CMA,0.142,2023,16647.0,B.OPR INT
2024-09-01,2024,9,EMC,0.182,2023,16022.0,B.OPR INT
2024-09-01,2024,9,MSK,0.0122,2023,17620.0,B.OPR INT
2024-09-01,2024,9,MSC,0.2451,2023,17450.0,B.OPR INT
2024-09-01,2024,9,ONE,0.0854,2023,12265.0,B.OPR INT
2024-09-01,2024,9,WHL,0.3652,2023,7240.0,B.OPR INT
2024-09-01,2024,9,COSCO,-0.3816,2023,5823.0,B.OPR INT
2024-09-01,2024,9,OOCL,0.0832,2023,4422.0,B.OPR INT
2024-09-01,2024,9,RCL,0.4654,2023,3300.0,B.OPR INT
2024-09-01,2024,9,SITC,-0.0096,2023,3729.0,B.OPR INT
2024-09-01,2024,9,HAPAG,0.4365,2023,3690.0,B.OPR INT
2024-09-01,2024,9,YML,-0.0045,2023,1783.0,B.OPR INT
2024-09-01,2024,9,KMTC,0.1497,2023,2645.0,B.OPR INT
2024-09-01,2024,9,OTHER,-0.3834,2023,583.0,B.OPR INT
2024-09-01,2024,9,GSL,0.4436,2023,1797.0,B.OPR INT
2024-09-01,2024,9,SSL,-0.1248,2023,1350.0,B.OPR INT
2024-09-01,2024,9,PIL,-0.3796,2023,1599.0,B.OPR INT
2024-09-01,2024,9,ANL,0.0,2023,907.0,B.OPR INT
2024-09-01,2024,9,HMM,-0.5059,2023,629.0,B.OPR INT
2024-09-01,2024,9,XCL,-0.6249,2023,561.0,B.OPR INT
2024-09-01,2024,9,MELL,1.3881,2023,234.0,B.OPR INT
2024-09-01,2024,9,BEN,0.0,2023,335.0,B.OPR INT
2024-09-01,2024,9,KRL,-0.9128,2023,0.0,B.OPR INT
2024-10-01,2024,10,CMA,0.0,2023,16788.0,B.OPR INT
2024-10-01,2024,10,MSK,0.0,2023,17037.0,B.OPR INT
2024-10-01,2024,10,EMC,0.0,2023,21121.0,B.OPR INT
2024-10-01,2024,10,ONE,0.0,2023,13197.0,B.OPR INT
2024-10-01,2024,10,COSCO,0.0,2023,12968.0,B.OPR INT
2024-10-01,2024,10,MSC,0.0,2023,8613.0,B.OPR INT
2024-10-01,2024,10,OOCL,0.0,2023,8066.0,B.OPR INT
2024-10-01,2024,10,WHL,0.0,2023,5220.0,B.OPR INT
2024-10-01,2024,10,SITC,0.0,2023,3466.0,B.OPR INT
2024-10-01,2024,10,RCL,0.0,2023,4161.0,B.OPR INT
2024-10-01,2024,10,HAPAG,0.0,2023,3342.0,B.OPR INT
2024-10-01,2024,10,GSL,0.0,2023,2789.0,B.OPR INT
2024-10-01,2024,10,KMTC,0.0,2023,2159.0,B.OPR INT
2024-10-01,2024,10,YML,0.0,2023,2107.0,B.OPR INT
2024-10-01,2024,10,SSL,0.0,2023,868.0,B.OPR INT
2024-10-01,2024,10,TSL,0.0,2023,1681.0,B.OPR INT
2024-10-01,2024,10,PIL,0.0,2023,1197.0,B.OPR INT
2024-10-01,2024,10,NSS,0.0,2023,734.0,B.OPR INT
2024-10-01,2024,10,XCL,0.0,2023,704.0,B.OPR INT
2024-10-01,2024,10,HMM,0.0,2023,729.0,B.OPR INT
2024-10-01,2024,10,OTHER,0.0,2023,220.0,B.OPR INT
2024-10-01,2024,10,SWI,0.0,2023,78.0,B.OPR INT
2024-10-01,2024,10,MELL,0.0,2023,0.0,B.OPR INT
2024-11-01,2024,11,CMA,0.0388,2023,14999.0,B.OPR INT
2024-11-01,2024,11,EMC,0.1965,2023,19199.0,B.OPR INT
2024-11-01,2024,11,MSK,0.029,2023,14268.0,B.OPR INT
2024-11-01,2024,11,MSC,0.2508,2023,11031.0,B.OPR INT
2024-11-01,2024,11,ONE,0.1045,2023,13165.0,B.OPR INT
2024-11-01,2024,11,WHL,0.3368,2023,6006.0,B.OPR INT
2024-11-01,2024,11,COSCO,-0.3345,2023,7039.0,B.OPR INT
2024-11-01,2024,11,OOCL,0.0334,2023,4766.0,B.OPR INT
2024-11-01,2024,11,RCL,0.3365,2023,3448.0,B.OPR INT
2024-11-01,2024,11,HAPAG,0.8146,2023,3221.0,B.OPR INT
2024-11-01,2024,11,SITC,-0.005,2023,3199.0,B.OPR INT
2024-11-01,2024,11,KMTC,0.1595,2023,2454.0,B.OPR INT
2024-11-01,2024,11,YML,-0.0775,2023,1640.0,B.OPR INT
2024-11-01,2024,11,GSL,0.3627,2023,1630.0,B.OPR INT
2024-11-01,2024,11,OTHER,-0.4478,2023,1016.0,B.OPR INT
2024-11-01,2024,11,SSL,-0.0298,2023,1469.0,B.OPR INT
2024-11-01,2024,11,PIL,-0.3447,2023,1240.0,B.OPR INT
2024-11-01,2024,11,ANL,0.0,2023,954.0,B.OPR INT
2024-11-01,2024,11,HMM,-0.4849,2023,380.0,B.OPR INT
2024-11-01,2024,11,XCL,-0.4773,2023,664.0,B.OPR INT
2024-11-01,2024,11,MELL,1.9228,2023,0.0,B.OPR INT
2024-11-01,2024,11,BEN,0.0,2023,170.0,B.OPR INT
2024-11-01,2024,11,KRL,-0.9389,2023,0.0,B.OPR INT
2024-12-01,2024,12,CMA,0.0224,2023,19798.0,B.OPR INT
2024-12-01,2024,12,EMC,0.189,2023,16915.0,B.OPR INT
2024-12-01,2024,12,MSK,0.0317,2023,16844.0,B.OPR INT
2024-12-01,2024,12,MSC,0.2566,2023,10401.0,B.OPR INT
2024-12-01,2024,12,ONE,0.1227,2023,14424.0,B.OPR INT
2024-12-01,2024,12,WHL,0.2941,2023,7483.0,B.OPR INT
2024-12-01,2024,12,COSCO,-0.3146,2023,7477.0,B.OPR INT
2024-12-01,2024,12,OOCL,0.024,2023,5246.0,B.OPR INT
2024-12-01,2024,12,RCL,0.3045,2023,3644.0,B.OPR INT
2024-12-01,2024,12,HAPAG,0.3914,2023,4600.0,B.OPR INT
2024-12-01,2024,12,SITC,0.0031,2023,3922.0,B.OPR INT
2024-12-01,2024,12,KMTC,0.1681,2023,3104.0,B.OPR INT
2024-12-01,2024,12,YML,-0.0918,2023,1773.0,B.OPR INT
2024-12-01,2024,12,GSL,0.3369,2023,1847.0,B.OPR INT
2024-12-01,2024,12,OTHER,-0.4429,2023,1561.0,B.OPR INT
2024-12-01,2024,12,SSL,0.0397,2023,1812.0,B.OPR INT
2024-12-01,2024,12,PIL,-0.313,2023,1353.0,B.OPR INT
2024-12-01,2024,12,ANL,0.0,2023,992.0,B.OPR INT
2024-12-01,2024,12,HMM,-0.4585,2023,640.0,B.OPR INT
2024-12-01,2024,12,XCL,-0.4548,2023,526.0,B.OPR INT
2024-12-01,2024,12,MELL,1.9981,2023,0.0,B.OPR INT
2024-12-01,2024,12,BEN,0.0,2023,306.0,B.OPR INT
2024-12-01,2024,12,KRL,-0.969,2023,0.0,B.OPR INT
2025-01-01,2025,1,CMA,0.345,2023,0.0,B.OPR INT
2025-01-01,2025,1,EMC,0.2209,2023,0.0,B.OPR INT
2025-01-01,2025,1,MSC,0.4311,2023,0.0,B.OPR INT
2025-01-01,2025,1,ONE,0.1858,2023,0.0,B.OPR INT
2025-01-01,2025,1,MSK,-0.0318,2023,0.0,B.OPR INT
2025-01-01,2025,1,WHL,0.1905,2023,0.0,B.OPR INT
2025-01-01,2025,1,COSCO,-0.1293,2023,0.0,B.OPR INT
2025-01-01,2025,1,OOCL,0.0084,2023,0.0,B.OPR INT
2025-01-01,2025,1,RCL,0.3211,2023,0.0,B.OPR INT
2025-01-01,2025,1,SITC,0.1417,2023,0.0,B.OPR INT
2025-01-01,2025,1,HPL,0.0418,2023,0.0,B.OPR INT
2025-01-01,2025,1,YML,0.901,2023,0.0,B.OPR INT
2025-01-01,2025,1,KMTC,-0.184,2023,0.0,B.OPR INT
2025-01-01,2025,1,GSL,-0.3648,2023,0.0,B.OPR INT
2025-01-01,2025,1,PIL,1.0345,2023,0.0,B.OPR INT
2025-01-01,2025,1,SSL,-0.047,2023,0.0,B.OPR INT
2025-01-01,2025,1,HMM,0.3272,2023,0.0,B.OPR INT
2025-01-01,2025,1,ANL,1.1883,2023,0.0,B.OPR INT
2025-01-01,2025,1,XCL,0.5374,2023,0.0,B.OPR INT
2025-01-01,2025,1,KRL,2.1709,2023,0.0,B.OPR INT
2025-01-01,2025,1,KSL,0.0,2023,0.0,B.OPR INT
2025-01-01,2025,1,MELL,0.0,2023,0.0,B.OPR INT
2025-01-01,2025,1,OTHER,0.0,2023,0.0,B.OPR INT
2025-02-01,2025,2,CMA,0.0,2023,0.0,B.OPR INT
2025-02-01,2025,2,EMC,0.0,2023,0.0,B.OPR INT
2025-02-01,2025,2,MSC,0.0,2023,0.0,B.OPR INT
2025-02-01,2025,2,ONE,0.0,2023,0.0,B.OPR INT
2025-02-01,2025,2,MSK,0.0,2023,0.0,B.OPR INT
2025-02-01,2025,2,WHL,0.0,2023,0.0,B.OPR INT
2025-02-01,2025,2,COSCO,0.0,2023,0.0,B.OPR INT
2025-02-01,2025,2,OOCL,0.0,2023,0.0,B.OPR INT
2025-02-01,2025,2,RCL,0.0,2023,0.0,B.OPR INT
2025-02-01,2025,2,SITC,0.0,2023,0.0,B.OPR INT
2025-02-01,2025,2,HPL,0.0,2023,0.0,B.OPR INT
2025-02-01,2025,2,YML,0.0,2023,0.0,B.OPR INT
2025-02-01,2025,2,KMTC,0.0,2023,0.0,B.OPR INT
2025-02-01,2025,2,GSL,0.0,2023,0.0,B.OPR INT
2025-02-01,2025,2,PIL,0.0,2023,0.0,B.OPR INT
2025-02-01,2025,2,SSL,0.0,2023,0.0,B.OPR INT
2025-02-01,2025,2,HMM,0.0,2023,0.0,B.OPR INT
2025-02-01,2025,2,ANL,0.0,2023,0.0,B.OPR INT
2025-02-01,2025,2,XCL,0.0,2023,0.0,B.OPR INT
2025-02-01,2025,2,KRL,0.0,2023,0.0,B.OPR INT
2025-02-01,2025,2,KSL,0.0,2023,0.0,B.OPR INT
2025-02-01,2025,2,MELL,0.0,2023,0.0,B.OPR INT
2025-02-01,2025,2,OTHER,0.0,2023,0.0,B.OPR INT
2025-03-01,2025,3,CMA,0.0,2023,0.0,B.OPR INT
2025-03-02,2025,3,SSL,0.0,2023,0.0,B.OPR INT
2025-03-03,2025,3,MSK,0.0,2023,0.0,B.OPR INT
2025-03-04,2025,3,EMC,0.0,2023,0.0,B.OPR INT
2025-03-05,2025,3,MSC,0.0,2023,0.0,B.OPR INT
2025-03-06,2025,3,COS,0.0,2023,0.0,B.OPR INT
2025-03-07,2025,3,WHL,0.0,2023,0.0,B.OPR INT
2025-03-08,2025,3,SIT,0.0,2023,0.0,B.OPR INT
2025-03-09,2025,3,OOL,0.0,2023,0.0,B.OPR INT
2025-03-10,2025,3,KMT,0.0,2023,0.0,B.OPR INT
2025-03-11,2025,3,ONE,0.0,2023,0.0,B.OPR INT
2025-03-12,2025,3,YML,0.0,2023,0.0,B.OPR INT
2025-03-13,2025,3,GSL,0.0,2023,0.0,B.OPR INT
2025-03-14,2025,3,NSS,0.0,2023,0.0,B.OPR INT
2025-03-15,2025,3,ANL,0.0,2023,0.0,B.OPR INT
2025-03-16,2025,3,TSL,0.0,2023,0.0,B.OPR INT
2025-03-17,2025,3,RCL,0.0,2023,0.0,B.OPR INT
2025-03-18,2025,3,LMA,0.0,2023,0.0,B.OPR INT
2025-03-19,2025,3,BEN,0.0,2023,0.0,B.OPR INT
2025-03-20,2025,3,HPL,0.0,2023,0.0,B.OPR INT
2025-03-21,2025,3,PIL,0.0,2023,0.0,B.OPR INT
2025-03-22,2025,3,KAL,0.0,2023,0.0,B.OPR INT
2025-03-23,2025,3,XCL,0.0,2023,0.0,B.OPR INT
2025-03-24,2025,3,KSL,0.0,2023,0.0,B.OPR INT
2025-03-25,2025,3,ACL,0.0,2023,0.0,B.OPR INT
2025-03-26,2025,3,ESL,0.0,2023,0.0,B.OPR INT
2025-04-02,2025,4,CMA,0.0,2023,0.0,B.OPR INT
2025-04-03,2025,4,SSL,0.0,2023,0.0,B.OPR INT
2025-04-04,2025,4,MSK,0.0,2023,0.0,B.OPR INT
2025-04-05,2025,4,EMC,0.0,2023,0.0,B.OPR INT
2025-04-06,2025,4,MSC,0.0,2023,0.0,B.OPR INT
2025-04-07,2025,4,COS,0.0,2023,0.0,B.OPR INT
2025-04-08,2025,4,WHL,0.0,2023,0.0,B.OPR INT
2025-04-09,2025,4,SIT,0.0,2023,0.0,B.OPR INT
2025-04-10,2025,4,OOL,0.0,2023,0.0,B.OPR INT
2025-04-11,2025,4,ONE,0.0,2023,0.0,B.OPR INT
2025-04-12,2025,4,KMT,0.0,2023,0.0,B.OPR INT
2025-04-13,2025,4,GSL,0.0,2023,0.0,B.OPR INT
2025-04-14,2025,4,YML,0.0,2023,0.0,B.OPR INT
2025-04-15,2025,4,NSS,0.0,2023,0.0,B.OPR INT
2025-04-16,2025,4,TSL,0.0,2023,0.0,B.OPR INT
2025-04-17,2025,4,ANL,0.0,2023,0.0,B.OPR INT
2025-04-18,2025,4,RCL,0.0,2023,0.0,B.OPR INT
2025-04-19,2025,4,LMA,0.0,2023,0.0,B.OPR INT
2025-04-20,2025,4,BEN,0.0,2023,0.0,B.OPR INT
2025-04-21,2025,4,HPL,0.0,2023,0.0,B.OPR INT
2025-04-22,2025,4,PIL,0.0,2023,0.0,B.OPR INT
2025-04-23,2025,4,KAL,0.0,2023,0.0,B.OPR INT
2025-04-24,2025,4,XCL,0.0,2023,0.0,B.OPR INT
2025-04-25,2025,4,KSL,0.0,2023,0.0,B.OPR INT
2025-04-26,2025,4,ACL,0.0,2023,0.0,B.OPR INT
2025-04-27,2025,4,ESL,0.0,2023,0.0,B.OPR INT
2025-05-04,2025,5,CMA,0.0,2023,0.0,B.OPR INT
2025-05-05,2025,5,MSK,0.0,2023,0.0,B.OPR INT
2025-05-06,2025,5,EMC,0.0,2023,0.0,B.OPR INT
2025-05-07,2025,5,ONE,0.0,2023,0.0,B.OPR INT
2025-05-08,2025,5,COSCO,0.0,2023,0.0,B.OPR INT
2025-05-09,2025,5,MSC,0.0,2023,0.0,B.OPR INT
2025-05-10,2025,5,OOCL,0.0,2023,0.0,B.OPR INT
2025-05-11,2025,5,WHL,0.0,2023,0.0,B.OPR INT
2025-05-12,2025,5,SITC,0.0,2023,0.0,B.OPR INT
2025-05-13,2025,5,RCL,0.0,2023,0.0,B.OPR INT
2025-05-14,2025,5,HAPAG,0.0,2023,0.0,B.OPR INT
2025-05-15,2025,5,YML,0.0,2023,0.0,B.OPR INT
2025-05-16,2025,5,KMTC,0.0,2023,0.0,B.OPR INT
2025-05-17,2025,5,GSL,0.0,2023,0.0,B.OPR INT
2025-05-18,2025,5,SSL,0.0,2023,0.0,B.OPR INT
2025-05-19,2025,5,PIL,0.0,2023,0.0,B.OPR INT
2025-05-20,2025,5,TSL,0.0,2023,0.0,B.OPR INT
2025-05-21,2025,5,NSS,0.0,2023,0.0,B.OPR INT
2025-05-22,2025,5,OTHERS,0.0,2023,0.0,B.OPR INT
2025-05-23,2025,5,XCL,0.0,2023,0.0,B.OPR INT
2025-05-24,2025,5,HMM,0.0,2023,0.0,B.OPR INT
2025-05-25,2025,5,MELL,0.0,2023,0.0,B.OPR INT
2025-05-26,2025,5,SWI,0.0,2023,0.0,B.OPR INT
2025-05-27,2025,5,KRL,0.0,2023,0.0,B.OPR INT
2025-05-28,2025,5,BEN,0.0,2023,0.0,B.OPR INT
2025-05-29,2025,5,KSL,0.0,2023,0.0,B.OPR INT
2025-06-01,2025,6,CMA,0.0,2023,0.0,B.OPR INT
2025-06-01,2025,6,MSK,0.0,2023,0.0,B.OPR INT
2025-06-01,2025,6,EMC,0.0,2023,0.0,B.OPR INT
2025-06-01,2025,6,ONE,0.0,2023,0.0,B.OPR INT
2025-06-01,2025,6,COSCO,0.0,2023,0.0,B.OPR INT
2025-06-01,2025,6,MSC,0.0,2023,0.0,B.OPR INT
2025-06-01,2025,6,OOCL,0.0,2023,0.0,B.OPR INT
2025-06-01,2025,6,WHL,0.0,2023,0.0,B.OPR INT
2025-06-01,2025,6,SITC,0.0,2023,0.0,B.OPR INT
2025-06-01,2025,6,RCL,0.0,2023,0.0,B.OPR INT
2025-06-01,2025,6,HAPAG,0.0,2023,0.0,B.OPR INT
2025-06-01,2025,6,YML,0.0,2023,0.0,B.OPR INT
2025-06-01,2025,6,KMTC,0.0,2023,0.0,B.OPR INT
2025-06-01,2025,6,GSL,0.0,2023,0.0,B.OPR INT
2025-06-01,2025,6,SSL,0.0,2023,0.0,B.OPR INT
2025-06-01,2025,6,PIL,0.0,2023,0.0,B.OPR INT
2025-06-01,2025,6,TSL,0.0,2023,0.0,B.OPR INT
2025-06-01,2025,6,NSS,0.0,2023,0.0,B.OPR INT
2025-06-02,2025,6,OTHERS,0.0,2023,0.0,B.OPR INT
2025-06-03,2025,6,XCL,0.0,2023,0.0,B.OPR INT
2025-06-04,2025,6,HMM,0.0,2023,0.0,B.OPR INT
2025-06-05,2025,6,MELL,0.0,2023,0.0,B.OPR INT
2025-06-06,2025,6,SWI,0.0,2023,0.0,B.OPR INT
2025-06-07,2025,6,KRL,0.0,2023,0.0,B.OPR INT
2025-06-08,2025,6,BEN,0.0,2023,0.0,B.OPR INT
2025-06-09,2025,6,KSL,0.0,2023,0.0,B.OPR INT
2025-07-01,2025,7,OOCL,0.0,2023,0.0,B.OPR INT
2025-07-01,2025,7,RCL,0.0,2023,0.0,B.OPR INT
2025-07-01,2025,7,SITC,0.0,2023,0.0,B.OPR INT
2025-07-01,2025,7,HAPAG,0.0,2023,0.0,B.OPR INT
2025-07-01,2025,7,YML,0.0,2023,0.0,B.OPR INT
2025-07-01,2025,7,KMTC,0.0,2023,0.0,B.OPR INT
2025-07-01,2025,7,OTHER,0.0,2023,0.0,B.OPR INT
2025-07-01,2025,7,GSL,0.0,2023,0.0,B.OPR INT
2025-07-01,2025,7,SSL,0.0,2023,0.0,B.OPR INT
2025-07-01,2025,7,PIL,0.0,2023,0.0,B.OPR INT
2025-07-01,2025,7,ANL,0.0,2023,0.0,B.OPR INT
2025-07-01,2025,7,HMM,0.0,2023,0.0,B.OPR INT
2025-07-01,2025,7,XCL,0.0,2023,0.0,B.OPR INT
2025-07-01,2025,7,MELL,0.0,2023,0.0,B.OPR INT
2025-07-01,2025,7,KRL,0.0,2023,0.0,B.OPR INT
2025-07-01,2025,7,KSL,0.0,2023,0.0,B.OPR INT
2025-08-01,2025,8,CMA,0.0,2023,0.0,B.OPR INT
2025-08-01,2025,8,EMC,0.0,2023,0.0,B.OPR INT
2025-08-01,2025,8,MSK,0.0,2023,0.0,B.OPR INT
2025-08-01,2025,8,MSC,0.0,2023,0.0,B.OPR INT
2025-08-01,2025,8,ONE,0.0,2023,0.0,B.OPR INT
2025-08-01,2025,8,WHL,0.0,2023,0.0,B.OPR INT
2025-08-01,2025,8,COSCO,0.0,2023,0.0,B.OPR INT
2025-08-01,2025,8,OOCL,0.0,2023,0.0,B.OPR INT
2025-08-01,2025,8,RCL,0.0,2023,0.0,B.OPR INT
2025-08-01,2025,8,SITC,0.0,2023,0.0,B.OPR INT
2025-08-01,2025,8,HAPAG,0.0,2023,0.0,B.OPR INT
2025-08-01,2025,8,YML,0.0,2023,0.0,B.OPR INT
2025-08-01,2025,8,KMTC,0.0,2023,0.0,B.OPR INT
2025-08-01,2025,8,OTHER,0.0,2023,0.0,B.OPR INT
2025-08-01,2025,8,GSL,0.0,2023,0.0,B.OPR INT
2025-08-01,2025,8,SSL,0.0,2023,0.0,B.OPR INT
2025-08-01,2025,8,PIL,0.0,2023,0.0,B.OPR INT
2025-08-01,2025,8,ANL,0.0,2023,0.0,B.OPR INT
2025-08-01,2025,8,HMM,0.0,2023,0.0,B.OPR INT
2025-08-01,2025,8,XCL,0.0,2023,0.0,B.OPR INT
2025-08-01,2025,8,MELL,0.0,2023,0.0,B.OPR INT
2025-08-01,2025,8,BEN,0.0,2023,0.0,B.OPR INT
2025-08-01,2025,8,KRL,0.0,2023,0.0,B.OPR INT
2025-09-01,2025,9,CMA,0.0,2023,0.0,B.OPR INT
2025-09-01,2025,9,EMC,0.0,2023,0.0,B.OPR INT
2025-09-01,2025,9,MSK,0.0,2023,0.0,B.OPR INT
2025-09-01,2025,9,MSC,0.0,2023,0.0,B.OPR INT
2025-09-01,2025,9,ONE,0.0,2023,0.0,B.OPR INT
2025-09-01,2025,9,WHL,0.0,2023,0.0,B.OPR INT
2025-09-01,2025,9,COSCO,0.0,2023,0.0,B.OPR INT
2025-09-01,2025,9,OOCL,0.0,2023,0.0,B.OPR INT
2025-09-01,2025,9,RCL,0.0,2023,0.0,B.OPR INT
2025-09-01,2025,9,SITC,0.0,2023,0.0,B.OPR INT
2025-09-01,2025,9,HAPAG,0.0,2023,0.0,B.OPR INT
2025-09-01,2025,9,YML,0.0,2023,0.0,B.OPR INT
2025-09-01,2025,9,KMTC,0.0,2023,0.0,B.OPR INT
2025-09-01,2025,9,OTHER,0.0,2023,0.0,B.OPR INT
2025-09-01,2025,9,GSL,0.0,2023,0.0,B.OPR INT
2025-09-01,2025,9,SSL,0.0,2023,0.0,B.OPR INT
2025-09-01,2025,9,PIL,0.0,2023,0.0,B.OPR INT
2025-09-01,2025,9,ANL,0.0,2023,0.0,B.OPR INT
2025-09-01,2025,9,HMM,0.0,2023,0.0,B.OPR INT
2025-09-01,2025,9,XCL,0.0,2023,0.0,B.OPR INT
2025-09-01,2025,9,MELL,0.0,2023,0.0,B.OPR INT
2025-09-01,2025,9,BEN,0.0,2023,0.0,B.OPR INT
2025-09-01,2025,9,KRL,0.0,2023,0.0,B.OPR INT
2025-10-01,2025,10,CMA,0.0,2023,0.0,B.OPR INT
2025-10-01,2025,10,EMC,0.0,2023,0.0,B.OPR INT
2025-10-01,2025,10,MSK,0.0,2023,0.0,B.OPR INT
2025-10-01,2025,10,MSC,0.0,2023,0.0,B.OPR INT
2025-10-01,2025,10,ONE,0.0,2023,0.0,B.OPR INT
2025-10-01,2025,10,WHL,0.0,2023,0.0,B.OPR INT
2025-10-01,2025,10,COSCO,0.0,2023,0.0,B.OPR INT
2025-10-01,2025,10,OOCL,0.0,2023,0.0,B.OPR INT
2025-10-01,2025,10,RCL,0.0,2023,0.0,B.OPR INT
2025-10-01,2025,10,SITC,0.0,2023,0.0,B.OPR INT
2025-10-01,2025,10,HAPAG,0.0,2023,0.0,B.OPR INT
2025-10-01,2025,10,YML,0.0,2023,0.0,B.OPR INT
2025-10-01,2025,10,KMTC,0.0,2023,0.0,B.OPR INT
2025-10-01,2025,10,OTHER,0.0,2023,0.0,B.OPR INT
2025-10-01,2025,10,GSL,0.0,2023,0.0,B.OPR INT
2025-10-01,2025,10,SSL,0.0,2023,0.0,B.OPR INT
2025-10-01,2025,10,PIL,0.0,2023,0.0,B.OPR INT
2025-10-01,2025,10,ANL,0.0,2023,0.0,B.OPR INT
2025-10-01,2025,10,HMM,0.0,2023,0.0,B.OPR INT
2025-10-01,2025,10,XCL,0.0,2023,0.0,B.OPR INT
2025-10-01,2025,10,MELL,0.0,2023,0.0,B.OPR INT
2025-10-01,2025,10,BEN,0.0,2023,0.0,B.OPR INT
2025-10-01,2025,10,KRL,0.0,2023,0.0,B.OPR INT
2025-11-01,2025,11,CMA,0.0,2023,0.0,B.OPR INT
2025-11-01,2025,11,EMC,0.0,2023,0.0,B.OPR INT
2025-11-01,2025,11,MSK,0.0,2023,0.0,B.OPR INT
2025-11-01,2025,11,MSC,0.0,2023,0.0,B.OPR INT
2025-11-01,2025,11,ONE,0.0,2023,0.0,B.OPR INT
2025-11-01,2025,11,WHL,0.0,2023,0.0,B.OPR INT
2025-11-01,2025,11,COSCO,0.0,2023,0.0,B.OPR INT
2025-11-01,2025,11,OOCL,0.0,2023,0.0,B.OPR INT
2025-11-01,2025,11,RCL,0.0,2023,0.0,B.OPR INT
2025-11-01,2025,11,HAPAG,0.0,2023,0.0,B.OPR INT
2025-11-01,2025,11,SITC,0.0,2023,0.0,B.OPR INT
2025-11-01,2025,11,KMTC,0.0,2023,0.0,B.OPR INT
2025-11-01,2025,11,YML,0.0,2023,0.0,B.OPR INT
2025-11-01,2025,11,GSL,0.0,2023,0.0,B.OPR INT
2025-11-01,2025,11,OTHER,0.0,2023,0.0,B.OPR INT
2025-11-01,2025,11,SSL,0.0,2023,0.0,B.OPR INT
2025-11-01,2025,11,PIL,0.0,2023,0.0,B.OPR INT
2025-11-01,2025,11,ANL,0.0,2023,0.0,B.OPR INT
2025-11-01,2025,11,HMM,0.0,2023,0.0,B.OPR INT
2025-11-01,2025,11,XCL,0.0,2023,0.0,B.OPR INT
2025-11-01,2025,11,MELL,0.0,2023,0.0,B.OPR INT
2025-11-01,2025,11,BEN,0.0,2023,0.0,B.OPR INT
2025-11-01,2025,11,KRL,0.0,2023,0.0,B.OPR INT
2025-12-01,2025,12,CMA,0.0,2023,0.0,B.OPR INT
2025-12-01,2025,12,MSK,0.0,2023,0.0,B.OPR INT
2025-12-01,2025,12,EMC,0.0,2023,0.0,B.OPR INT
2025-12-01,2025,12,MSC,0.0,2023,0.0,B.OPR INT
2025-12-01,2025,12,ONE,0.0,2023,0.0,B.OPR INT
2025-12-01,2025,12,COSCO,0.0,2023,0.0,B.OPR INT
2025-12-01,2025,12,OOCL,0.0,2023,0.0,B.OPR INT
2025-12-01,2025,12,WHL,0.0,2023,0.0,B.OPR INT
2025-12-01,2025,12,SITC,0.0,2023,0.0,B.OPR INT
2025-12-01,2025,12,HAPAG,0.0,2023,0.0,B.OPR INT
2025-12-01,2025,12,RCL,0.0,2023,0.0,B.OPR INT
2025-12-01,2025,12,PIL,0.0,2023,0.0,B.OPR INT
2025-12-01,2025,12,YML,0.0,2023,0.0,B.OPR INT
2025-12-01,2025,12,KMTC,0.0,2023,0.0,B.OPR INT
2025-12-01,2025,12,OTHERS,0.0,2023,0.0,B.OPR INT
2025-12-01,2025,12,TSL,0.0,2023,0.0,B.OPR INT
2025-12-01,2025,12,SSL,0.0,2023,0.0,B.OPR INT
2025-12-01,2025,12,GSL,0.0,2023,0.0,B.OPR INT
2025-12-01,2025,12,NSS,0.0,2023,0.0,B.OPR INT
2025-12-01,2025,12,HMM,0.0,2023,0.0,B.OPR INT
2025-12-01,2025,12,XCL,0.0,2023,0.0,B.OPR INT
2025-12-01,2025,12,SWI,0.0,2023,0.0,B.OPR INT
2025-12-01,2025,12,MELL,0.0,2023,0.0,B.OPR INT
2025-12-02,2025,12,KRL,0.0,2023,0.0,B.OPR INT
2026-01-01,2026,1,CMA,0.1683,2023,0.0,B.OPR INT
2026-01-02,2026,1,EMC,0.1768,2023,0.0,B.OPR INT
2026-01-03,2026,1,MSK,0.0499,2023,0.0,B.OPR INT
2026-01-04,2026,1,MSC,0.4508,2023,0.0,B.OPR INT
2026-01-05,2026,1,ONE,-0.0993,2023,0.0,B.OPR INT
2026-01-06,2026,1,COSCO,-0.4347,2023,0.0,B.OPR INT
2026-01-07,2026,1,OOCL,-0.1427,2023,0.0,B.OPR INT
2026-01-08,2026,1,PIL,1.6793,2023,0.0,B.OPR INT
2026-01-09,2026,1,HAPAG,-0.0732,2023,0.0,B.OPR INT
2026-01-10,2026,1,SITC,-0.3406,2023,0.0,B.OPR INT
2026-01-11,2026,1,WHL,-0.5851,2023,0.0,B.OPR INT
2026-01-12,2026,1,RCL,-0.2345,2023,0.0,B.OPR INT
2026-01-13,2026,1,YML,-0.0046,2023,0.0,B.OPR INT
2026-01-14,2026,1,SSL,0.2373,2023,0.0,B.OPR INT
2026-01-15,2026,1,KMTC,-0.2787,2023,0.0,B.OPR INT
2026-01-16,2026,1,TSL,0.0,2023,0.0,B.OPR INT
2026-01-17,2026,1,HMM,1.7778,2023,0.0,B.OPR INT
2026-01-18,2026,1,GSL,-0.231,2023,0.0,B.OPR INT
2026-01-19,2026,1,OTHERS,0.1077,2023,0.0,B.OPR INT
2026-01-20,2026,1,XCL,0.4459,2023,0.0,B.OPR INT
2026-01-21,2026,1,NSS,0.0,2023,0.0,B.OPR INT
2026-01-22,2026,1,SWI,9.5769,2023,0.0,B.OPR INT
2026-01-23,2026,1,MELL,-0.465,2023,0.0,B.OPR INT
2026-01-24,2026,1,KRL,0.0,2023,0.0,B.OPR INT
2026-01-25,2026,1,BEN,0.0,2023,0.0,B.OPR INT
2026-01-26,2026,1,KSL,0.0,2023,0.0,B.OPR INT
2024-01-01,2024,1,CMA,0.1715,2024,10480.0,B.OPR INT
2024-01-02,2024,1,EMC,0.0886,2024,10651.0,B.OPR INT
2024-01-03,2024,1,MSC,-0.0329,2024,10412.0,B.OPR INT
2024-01-04,2024,1,ONE,-0.1184,2024,12560.0,B.OPR INT
2024-01-05,2024,1,MSK,-0.2962,2024,14137.0,B.OPR INT
2024-01-06,2024,1,WHL,0.1297,2024,6119.0,B.OPR INT
2024-01-07,2024,1,COSCO,-0.354,2024,8280.0,B.OPR INT
2024-01-08,2024,1,OOCL,0.0457,2024,5378.0,B.OPR INT
2024-01-09,2024,1,RCL,4.4919,2024,3875.0,B.OPR INT
2024-01-10,2024,1,SITC,-0.2173,2024,4316.0,B.OPR INT
2024-01-11,2024,1,HPL,0.3761,2024,0.0,B.OPR INT
2024-01-12,2024,1,YML,0.149,2024,2133.0,B.OPR INT
2024-01-13,2024,1,KMTC,-0.4946,2024,3186.0,B.OPR INT
2024-01-14,2024,1,GSL,0.2926,2024,1461.0,B.OPR INT
2024-01-15,2024,1,PIL,-0.565,2024,1306.0,B.OPR INT
2024-01-16,2024,1,SSL,-0.6106,2024,1258.0,B.OPR INT
2024-01-17,2024,1,HMM,-0.7255,2024,658.0,B.OPR INT
2024-01-18,2024,1,ANL,0.0,2024,0.0,B.OPR INT
2024-01-19,2024,1,XCL,-0.8709,2024,282.0,B.OPR INT
2024-01-20,2024,1,KRL,0.0,2024,0.0,B.OPR INT
2024-01-21,2024,1,KSL,0.0,2024,0.0,B.OPR INT
2024-01-22,2024,1,MELL,-1.0,2024,0.0,B.OPR INT
2024-01-23,2024,1,OTHER,0.3805,2024,2500.0,B.OPR INT
2024-02-01,2024,2,EMC,0.0124,2024,10830.0,B.OPR INT
2024-02-02,2024,2,CMA,0.0298,2024,8360.0,B.OPR INT
2024-02-03,2024,2,MSK,-0.1471,2024,14749.0,B.OPR INT
2024-02-04,2024,2,ONE,-0.0679,2024,11242.0,B.OPR INT
2024-02-05,2024,2,MSC,-0.1306,2024,9565.0,B.OPR INT
2024-02-06,2024,2,COSCO,-0.4033,2024,9678.0,B.OPR INT
2024-02-07,2024,2,WHL,0.0234,2024,6126.0,B.OPR INT
2024-02-08,2024,2,OOCL,0.2074,2024,6453.0,B.OPR INT
2024-02-09,2024,2,RCL,5.4166,2024,3777.0,B.OPR INT
2024-02-10,2024,2,OTHER,0.4733,2024,2015.0,B.OPR INT
2024-02-11,2024,2,SITC,-0.189,2024,3116.0,B.OPR INT
2024-02-12,2024,2,HAPAG,0.48,2024,2735.0,B.OPR INT
2024-02-13,2024,2,YML,0.2725,2024,1535.0,B.OPR INT
2024-02-14,2024,2,KMTC,-0.3693,2024,3168.0,B.OPR INT
2024-02-15,2024,2,GSL,0.3486,2024,1861.0,B.OPR INT
2024-02-16,2024,2,PIL,-0.4338,2024,1010.0,B.OPR INT
2024-02-17,2024,2,SSL,-0.5488,2024,1025.0,B.OPR INT
2024-02-18,2024,2,ANL,0.0,2024,0.0,B.OPR INT
2024-02-19,2024,2,HMM,-0.7196,2024,632.0,B.OPR INT
2024-02-20,2024,2,XCL,-0.8162,2024,216.0,B.OPR INT
2024-02-21,2024,2,MELL,-0.6935,2024,0.0,B.OPR INT
2024-02-22,2024,2,KRL,-0.6602,2024,0.0,B.OPR INT
2024-02-23,2024,2,KSL,0.0,2024,0.0,B.OPR INT
2024-03-01,2024,3,EMC,0.1285,2024,16744.0,B.OPR INT
2024-03-02,2024,3,CMA,0.2425,2024,17213.0,B.OPR INT
2024-03-03,2024,3,MSK,-0.123,2024,14308.0,B.OPR INT
2024-03-04,2024,3,ONE,-0.0312,2024,12477.0,B.OPR INT
2024-03-05,2024,3,MSC,-0.0996,2024,13414.0,B.OPR INT
2024-03-06,2024,3,WHL,0.4138,2024,8224.0,B.OPR INT
2024-03-07,2024,3,COSCO,-0.3562,2024,10735.0,B.OPR INT
2024-03-08,2024,3,OOCL,0.2248,2024,6408.0,B.OPR INT
2024-03-09,2024,3,OTHER,0.2284,2024,1514.0,B.OPR INT
2024-03-10,2024,3,RCL,2.7354,2024,4095.0,B.OPR INT
2024-03-11,2024,3,HAPAG,0.4762,2024,3538.0,B.OPR INT
2024-03-12,2024,3,SITC,-0.1476,2024,3233.0,B.OPR INT
2024-03-13,2024,3,YML,0.0555,2024,974.0,B.OPR INT
2024-03-14,2024,3,KMTC,-0.3166,2024,2560.0,B.OPR INT
2024-03-15,2024,3,GSL,0.5316,2024,1280.0,B.OPR INT
2024-03-16,2024,3,PIL,-0.4505,2024,1198.0,B.OPR INT
2024-03-17,2024,3,SSL,-0.4181,2024,1401.0,B.OPR INT
2024-03-18,2024,3,ANL,0.0,2024,0.0,B.OPR INT
2024-03-19,2024,3,HMM,-0.6865,2024,585.0,B.OPR INT
2024-03-20,2024,3,XCL,-0.8217,2024,768.0,B.OPR INT
2024-03-21,2024,3,MELL,0.3011,2024,220.0,B.OPR INT
2024-03-22,2024,3,KRL,-0.375,2024,0.0,B.OPR INT
2024-03-23,2024,3,KSL,0.0,2024,0.0,B.OPR INT
2024-04-01,2024,4,CMA,0.2241,2024,17626.0,B.OPR INT
2024-04-02,2024,4,EMC,0.0094,2024,11725.0,B.OPR INT
2024-04-03,2024,4,MSK,-0.1511,2024,15432.0,B.OPR INT
2024-04-04,2024,4,ONE,-0.05,2024,12740.0,B.OPR INT
2024-04-05,2024,4,MSC,-0.0495,2024,5408.0,B.OPR INT
2024-04-06,2024,4,WHL,0.3763,2024,5217.0,B.OPR INT
2024-04-07,2024,4,COSCO,-0.3937,2024,12400.0,B.OPR INT
2024-04-08,2024,4,OOCL,0.2169,2024,5170.0,B.OPR INT
2024-04-09,2024,4,OTHER,0.8949,2024,1382.0,B.OPR INT
2024-04-10,2024,4,RCL,1.1752,2024,3604.0,B.OPR INT
2024-04-11,2024,4,SITC,-0.1267,2024,2820.0,B.OPR INT
2024-04-12,2024,4,HAPAG,0.4219,2024,2552.0,B.OPR INT
2024-04-13,2024,4,YML,0.0618,2024,610.0,B.OPR INT
2024-04-14,2024,4,KMTC,-0.2766,2024,2116.0,B.OPR INT
2024-04-15,2024,4,GSL,0.8091,2024,699.0,B.OPR INT
2024-04-16,2024,4,PIL,-0.5236,2024,973.0,B.OPR INT
2024-04-17,2024,4,SSL,-0.3891,2024,1526.0,B.OPR INT
2024-04-18,2024,4,ANL,0.0,2024,0.0,B.OPR INT
2024-04-19,2024,4,HMM,-0.7081,2024,416.0,B.OPR INT
2024-04-20,2024,4,XCL,-0.8106,2024,470.0,B.OPR INT
2024-04-21,2024,4,MELL,-0.2708,2024,87.0,B.OPR INT
2024-04-22,2024,4,SWI,0.0,2024,219.0,B.OPR INT
2024-04-23,2024,4,KRL,-0.375,2024,0.0,B.OPR INT
2024-04-24,2024,4,KSL,0.0,2024,0.0,B.OPR INT
2024-05-01,2024,5,CMA,0.3162,2024,21237.0,B.OPR INT
2024-05-02,2024,5,EMC,0.1267,2024,18391.0,B.OPR INT
2024-05-03,2024,5,MSK,-0.1154,2024,13946.0,B.OPR INT
2024-05-04,2024,5,MSC,0.081,2024,17315.0,B.OPR INT
2024-05-05,2024,5,ONE,-0.0002,2024,16124.0,B.OPR INT
2024-05-06,2024,5,WHL,0.4259,2024,5192.0,B.OPR INT
2024-05-07,2024,5,COSCO,-0.363,2024,13147.0,B.OPR INT
2024-05-08,2024,5,OOCL,0.2226,2024,6328.0,B.OPR INT
2024-05-09,2024,5,RCL,1.1604,2024,4548.0,B.OPR INT
2024-05-10,2024,5,SITC,-0.0869,2024,3234.0,B.OPR INT
2024-05-11,2024,5,HAPAG,0.4424,2024,2931.0,B.OPR INT
2024-05-12,2024,5,YML,0.0746,2024,1752.0,B.OPR INT
2024-05-13,2024,5,KMTC,-0.0971,2024,2815.0,B.OPR INT
2024-05-14,2024,5,TSL,0.0,2024,1941.0,B.OPR INT
2024-05-15,2024,5,OTHER,-0.1349,2024,1877.0,B.OPR INT
2024-05-16,2024,5,GSL,0.9304,2024,1818.0,B.OPR INT
2024-05-17,2024,5,PIL,-0.5055,2024,973.0,B.OPR INT
2024-05-18,2024,5,SSL,-0.3792,2024,1766.0,B.OPR INT
2024-05-19,2024,5,ANL,0.0,2024,0.0,B.OPR INT
2024-05-20,2024,5,HMM,-0.6616,2024,421.0,B.OPR INT
2024-05-21,2024,5,XCL,-0.7792,2024,589.0,B.OPR INT
2024-05-22,2024,5,MELL,-0.2077,2024,175.0,B.OPR INT
2024-05-23,2024,5,KRL,-0.7799,2024,0.0,B.OPR INT
2024-05-24,2024,5,KSL,-1.0,2024,0.0,B.OPR INT
2024-06-01,2024,6,CMA,0.1997,2024,18097.0,B.OPR INT
2024-06-01,2024,6,EMC,0.1077,2024,14451.0,B.OPR INT
2024-06-01,2024,6,MSK,-0.0545,2024,13696.0,B.OPR INT
2024-06-01,2024,6,MSC,0.0995,2024,11872.0,B.OPR INT
2024-06-01,2024,6,ONE,0.0145,2024,12471.0,B.OPR INT
2024-06-01,2024,6,WHL,0.3785,2024,6693.0,B.OPR INT
2024-06-01,2024,6,COSCO,-0.3647,2024,11476.0,B.OPR INT
2024-06-01,2024,6,OOCL,0.1792,2024,5841.0,B.OPR INT
2024-06-01,2024,6,RCL,0.7739,2024,4486.0,B.OPR INT
2024-06-01,2024,6,SITC,-0.0295,2024,4064.0,B.OPR INT
2024-06-01,2024,6,HAPAG,0.4066,2024,2355.0,B.OPR INT
2024-06-01,2024,6,YML,0.1132,2024,2083.0,B.OPR INT
2024-06-01,2024,6,KMTC,0.0802,2024,2790.0,B.OPR INT
2024-06-01,2024,6,OTHER,-0.1663,2024,1843.0,B.OPR INT
2024-06-01,2024,6,GSL,0.7858,2024,2023.0,B.OPR INT
2024-06-01,2024,6,SSL,-0.327,2024,1411.0,B.OPR INT
2024-06-01,2024,6,PIL,-0.4818,2024,1135.0,B.OPR INT
2024-06-01,2024,6,ANL,0.0,2024,0.0,B.OPR INT
2024-06-01,2024,6,HMM,-0.6125,2024,662.0,B.OPR INT
2024-06-01,2024,6,XCL,-0.7684,2024,402.0,B.OPR INT
2024-06-21,2024,6,MELL,0.4899,2024,167.0,B.OPR INT
2024-06-01,2024,6,KRL,-0.8627,2024,0.0,B.OPR INT
2024-06-01,2024,6,KSL,-1.0,2024,0.0,B.OPR INT
2024-06-01,2024,6,SWI,0.0,2024,118.0,B.OPR INT
2024-07-01,2024,7,CMA,0.2119,2024,22166.0,B.OPR INT
2024-07-01,2024,7,EMC,0.1216,2024,19738.0,B.OPR INT
2024-07-01,2024,7,MSK,-0.0203,2024,16870.0,B.OPR INT
2024-07-01,2024,7,MSC,0.1355,2024,15222.0,B.OPR INT
2024-07-01,2024,7,ONE,0.0362,2024,13463.0,B.OPR INT
2024-07-01,2024,7,WHL,0.3907,2024,12285.0,B.OPR INT
2024-07-01,2024,7,COSCO,-0.3758,2024,6654.0,B.OPR INT
2024-07-01,2024,7,OOCL,0.1469,2024,5193.0,B.OPR INT
2024-07-01,2024,7,RCL,0.7454,2024,4605.0,B.OPR INT
2024-07-01,2024,7,SITC,-0.02,2024,3453.0,B.OPR INT
2024-07-01,2024,7,HAPAG,0.3908,2024,2885.0,B.OPR INT
2024-07-01,2024,7,YML,0.0336,2024,2718.0,B.OPR INT
2024-07-01,2024,7,KMTC,0.1323,2024,2376.0,B.OPR INT
2024-07-01,2024,7,OTHER,-0.2383,2024,2338.0,B.OPR INT
2024-07-01,2024,7,GSL,0.5251,2024,1765.0,B.OPR INT
2024-07-01,2024,7,SSL,-0.2514,2024,1567.0,B.OPR INT
2024-07-01,2024,7,PIL,-0.4398,2024,1466.0,B.OPR INT
2024-07-01,2024,7,ANL,0.0,2024,1280.0,B.OPR INT
2024-07-01,2024,7,HMM,-0.545,2024,967.0,B.OPR INT
2024-07-01,2024,7,XCL,-0.7305,2024,519.0,B.OPR INT
2024-07-01,2024,7,MELL,1.741,2024,313.0,B.OPR INT
2024-07-01,2024,7,KRL,-0.8627,2024,203.0,B.OPR INT
2024-07-01,2024,7,KSL,-1.0,2024,0.0,B.OPR INT
2024-08-01,2024,8,CMA,0.1532,2024,27271.0,B.OPR INT
2024-08-01,2024,8,EMC,0.1453,2024,14988.0,B.OPR INT
2024-08-01,2024,8,MSK,-0.0285,2024,24498.0,B.OPR INT
2024-08-01,2024,8,MSC,0.1464,2024,12520.0,B.OPR INT
2024-08-01,2024,8,ONE,0.077,2024,12165.0,B.OPR INT
2024-08-01,2024,8,WHL,0.3737,2024,6573.0,B.OPR INT
2024-08-01,2024,8,COSCO,-0.3912,2024,12347.0,B.OPR INT
2024-08-01,2024,8,OOCL,0.1282,2024,7165.0,B.OPR INT
2024-08-01,2024,8,RCL,0.5548,2024,3118.0,B.OPR INT
2024-08-01,2024,8,SITC,-0.0411,2024,4171.0,B.OPR INT
2024-08-01,2024,8,HAPAG,0.4112,2024,2886.0,B.OPR INT
2024-08-01,2024,8,YML,0.0405,2024,1402.0,B.OPR INT
2024-08-01,2024,8,KMTC,0.1419,2024,2466.0,B.OPR INT
2024-08-01,2024,8,OTHER,-0.3248,2024,1831.0,B.OPR INT
2024-08-01,2024,8,GSL,0.4928,2024,1636.0,B.OPR INT
2024-08-01,2024,8,SSL,-0.1864,2024,1664.0,B.OPR INT
2024-08-01,2024,8,PIL,-0.4198,2024,1236.0,B.OPR INT
2024-08-01,2024,8,ANL,0.0,2024,0.0,B.OPR INT
2024-08-01,2024,8,HMM,-0.5262,2024,651.0,B.OPR INT
2024-08-01,2024,8,XCL,-0.6743,2024,669.0,B.OPR INT
2024-08-01,2024,8,MELL,1.2692,2024,394.0,B.OPR INT
2024-08-01,2024,8,BEN,0.0,2024,0.0,B.OPR INT
2024-08-01,2024,8,KRL,-0.9128,2024,0.0,B.OPR INT
2024-09-01,2024,9,CMA,0.142,2024,20069.0,B.OPR INT
2024-09-01,2024,9,EMC,0.182,2024,15875.0,B.OPR INT
2024-09-01,2024,9,MSK,0.0122,2024,20602.0,B.OPR INT
2024-09-01,2024,9,MSC,0.2451,2024,10064.0,B.OPR INT
2024-09-01,2024,9,ONE,0.0854,2024,12416.0,B.OPR INT
2024-09-01,2024,9,WHL,0.3652,2024,4828.0,B.OPR INT
2024-09-01,2024,9,COSCO,-0.3816,2024,13708.0,B.OPR INT
2024-09-01,2024,9,OOCL,0.0832,2024,6588.0,B.OPR INT
2024-09-01,2024,9,RCL,0.4654,2024,4072.0,B.OPR INT
2024-09-01,2024,9,SITC,-0.0096,2024,4649.0,B.OPR INT
2024-09-01,2024,9,HAPAG,0.4365,2024,2926.0,B.OPR INT
2024-09-01,2024,9,YML,-0.0045,2024,1811.0,B.OPR INT
2024-09-01,2024,9,KMTC,0.1497,2024,2542.0,B.OPR INT
2024-09-01,2024,9,OTHER,-0.3834,2024,1262.0,B.OPR INT
2024-09-01,2024,9,GSL,0.4436,2024,1677.0,B.OPR INT
2024-09-01,2024,9,SSL,-0.1248,2024,1256.0,B.OPR INT
2024-09-01,2024,9,PIL,-0.3796,2024,1118.0,B.OPR INT
2024-09-01,2024,9,ANL,0.0,2024,0.0,B.OPR INT
2024-09-01,2024,9,HMM,-0.5059,2024,447.0,B.OPR INT
2024-09-01,2024,9,XCL,-0.6249,2024,714.0,B.OPR INT
2024-09-01,2024,9,MELL,1.3881,2024,380.0,B.OPR INT
2024-09-01,2024,9,BEN,0.0,2024,0.0,B.OPR INT
2024-09-01,2024,9,KRL,-0.9128,2024,0.0,B.OPR INT
2024-10-01,2024,10,CMA,0.0,2024,20110.0,B.OPR INT
2024-10-01,2024,10,MSK,0.0,2024,18379.0,B.OPR INT
2024-10-01,2024,10,EMC,0.0,2024,16391.0,B.OPR INT
2024-10-01,2024,10,ONE,0.0,2024,14248.0,B.OPR INT
2024-10-01,2024,10,COSCO,0.0,2024,13208.0,B.OPR INT
2024-10-01,2024,10,MSC,0.0,2024,13171.0,B.OPR INT
2024-10-01,2024,10,OOCL,0.0,2024,7455.0,B.OPR INT
2024-10-01,2024,10,WHL,0.0,2024,4849.0,B.OPR INT
2024-10-01,2024,10,SITC,0.0,2024,4413.0,B.OPR INT
2024-10-01,2024,10,RCL,0.0,2024,4176.0,B.OPR INT
2024-10-01,2024,10,HAPAG,0.0,2024,3370.0,B.OPR INT
2024-10-01,2024,10,GSL,0.0,2024,2755.0,B.OPR INT
2024-10-01,2024,10,KMTC,0.0,2024,2346.0,B.OPR INT
2024-10-01,2024,10,YML,0.0,2024,2136.0,B.OPR INT
2024-10-01,2024,10,SSL,0.0,2024,1561.0,B.OPR INT
2024-10-01,2024,10,TSL,0.0,2024,1490.0,B.OPR INT
2024-10-01,2024,10,PIL,0.0,2024,1118.0,B.OPR INT
2024-10-01,2024,10,NSS,0.0,2024,1035.0,B.OPR INT
2024-10-01,2024,10,XCL,0.0,2024,909.0,B.OPR INT
2024-10-01,2024,10,HMM,0.0,2024,527.0,B.OPR INT
2024-10-01,2024,10,OTHER,0.0,2024,505.0,B.OPR INT
2024-10-01,2024,10,SWI,0.0,2024,313.0,B.OPR INT
2024-10-01,2024,10,MELL,0.0,2024,303.0,B.OPR INT
2024-11-01,2024,11,CMA,0.0388,2024,10659.0,B.OPR INT
2024-11-01,2024,11,EMC,0.1965,2024,7869.0,B.OPR INT
2024-11-01,2024,11,MSK,0.029,2024,16588.0,B.OPR INT
2024-11-01,2024,11,MSC,0.2508,2024,9174.0,B.OPR INT
2024-11-01,2024,11,ONE,0.1045,2024,13635.0,B.OPR INT
2024-11-01,2024,11,WHL,0.3368,2024,5559.0,B.OPR INT
2024-11-01,2024,11,COSCO,-0.3345,2024,12308.0,B.OPR INT
2024-11-01,2024,11,OOCL,0.0334,2024,6261.0,B.OPR INT
2024-11-01,2024,11,RCL,0.3365,2024,4304.0,B.OPR INT
2024-11-01,2024,11,HAPAG,0.8146,2024,3618.0,B.OPR INT
2024-11-01,2024,11,SITC,-0.005,2024,3560.0,B.OPR INT
2024-11-01,2024,11,KMTC,0.1595,2024,3067.0,B.OPR INT
2024-11-01,2024,11,YML,-0.0775,2024,2503.0,B.OPR INT
2024-11-01,2024,11,GSL,0.3627,2024,1910.0,B.OPR INT
2024-11-01,2024,11,OTHER,-0.4478,2024,181.0,B.OPR INT
2024-11-01,2024,11,SSL,-0.0298,2024,1177.0,B.OPR INT
2024-11-01,2024,11,PIL,-0.3447,2024,1116.0,B.OPR INT
2024-11-01,2024,11,ANL,0.0,2024,1085.0,B.OPR INT
2024-11-01,2024,11,HMM,-0.4849,2024,295.0,B.OPR INT
2024-11-01,2024,11,XCL,-0.4773,2024,360.0,B.OPR INT
2024-11-01,2024,11,MELL,1.9228,2024,0.0,B.OPR INT
2024-11-01,2024,11,BEN,0.0,2024,0.0,B.OPR INT
2024-11-01,2024,11,KRL,-0.9389,2024,0.0,B.OPR INT
2024-12-01,2024,12,CMA,0.0224,2024,28113.0,B.OPR INT
2024-12-01,2024,12,EMC,0.189,2024,15813.0,B.OPR INT
2024-12-01,2024,12,MSK,0.0317,2024,23159.0,B.OPR INT
2024-12-01,2024,12,MSC,0.2566,2024,10886.0,B.OPR INT
2024-12-01,2024,12,ONE,0.1227,2024,2231.0,B.OPR INT
2024-12-01,2024,12,WHL,0.2941,2024,4908.0,B.OPR INT
2024-12-01,2024,12,COSCO,-0.3146,2024,11781.0,B.OPR INT
2024-12-01,2024,12,OOCL,0.024,2024,2969.0,B.OPR INT
2024-12-01,2024,12,RCL,0.3045,2024,1247.0,B.OPR INT
2024-12-01,2024,12,HAPAG,0.3914,2024,0.0,B.OPR INT
2024-12-01,2024,12,SITC,0.0031,2024,6553.0,B.OPR INT
2024-12-01,2024,12,KMTC,0.1681,2024,2091.0,B.OPR INT
2024-12-01,2024,12,YML,-0.0918,2024,1099.0,B.OPR INT
2024-12-01,2024,12,GSL,0.3369,2024,2111.0,B.OPR INT
2024-12-01,2024,12,OTHER,-0.4429,2024,3332.0,B.OPR INT
2024-12-01,2024,12,SSL,0.0397,2024,24311.0,B.OPR INT
2024-12-01,2024,12,PIL,-0.313,2024,0.0,B.OPR INT
2024-12-01,2024,12,ANL,0.0,2024,737.0,B.OPR INT
2024-12-01,2024,12,HMM,-0.4585,2024,0.0,B.OPR INT
2024-12-01,2024,12,XCL,-0.4548,2024,0.0,B.OPR INT
2024-12-01,2024,12,MELL,1.9981,2024,0.0,B.OPR INT
2024-12-01,2024,12,BEN,0.0,2024,173.0,B.OPR INT
2024-12-01,2024,12,KRL,-0.969,2024,0.0,B.OPR INT
2025-01-01,2025,1,CMA,0.345,2024,0.0,B.OPR INT
2025-01-01,2025,1,EMC,0.2209,2024,0.0,B.OPR INT
2025-01-01,2025,1,MSC,0.4311,2024,0.0,B.OPR INT
2025-01-01,2025,1,ONE,0.1858,2024,0.0,B.OPR INT
2025-01-01,2025,1,MSK,-0.0318,2024,0.0,B.OPR INT
2025-01-01,2025,1,WHL,0.1905,2024,0.0,B.OPR INT
2025-01-01,2025,1,COSCO,-0.1293,2024,0.0,B.OPR INT
2025-01-01,2025,1,OOCL,0.0084,2024,0.0,B.OPR INT
2025-01-01,2025,1,RCL,0.3211,2024,0.0,B.OPR INT
2025-01-01,2025,1,SITC,0.1417,2024,0.0,B.OPR INT
2025-01-01,2025,1,HPL,0.0418,2024,0.0,B.OPR INT
2025-01-01,2025,1,YML,0.901,2024,0.0,B.OPR INT
2025-01-01,2025,1,KMTC,-0.184,2024,0.0,B.OPR INT
2025-01-01,2025,1,GSL,-0.3648,2024,0.0,B.OPR INT
2025-01-01,2025,1,PIL,1.0345,2024,0.0,B.OPR INT
2025-01-01,2025,1,SSL,-0.047,2024,0.0,B.OPR INT
2025-01-01,2025,1,HMM,0.3272,2024,0.0,B.OPR INT
2025-01-01,2025,1,ANL,1.1883,2024,0.0,B.OPR INT
2025-01-01,2025,1,XCL,0.5374,2024,0.0,B.OPR INT
2025-01-01,2025,1,KRL,2.1709,2024,0.0,B.OPR INT
2025-01-01,2025,1,KSL,0.0,2024,0.0,B.OPR INT
2025-01-01,2025,1,MELL,0.0,2024,0.0,B.OPR INT
2025-01-01,2025,1,OTHER,0.0,2024,0.0,B.OPR INT
2025-02-01,2025,2,CMA,0.0,2024,0.0,B.OPR INT
2025-02-01,2025,2,EMC,0.0,2024,0.0,B.OPR INT
2025-02-01,2025,2,MSC,0.0,2024,0.0,B.OPR INT
2025-02-01,2025,2,ONE,0.0,2024,0.0,B.OPR INT
2025-02-01,2025,2,MSK,0.0,2024,0.0,B.OPR INT
2025-02-01,2025,2,WHL,0.0,2024,0.0,B.OPR INT
2025-02-01,2025,2,COSCO,0.0,2024,0.0,B.OPR INT
2025-02-01,2025,2,OOCL,0.0,2024,0.0,B.OPR INT
2025-02-01,2025,2,RCL,0.0,2024,0.0,B.OPR INT
2025-02-01,2025,2,SITC,0.0,2024,0.0,B.OPR INT
2025-02-01,2025,2,HPL,0.0,2024,0.0,B.OPR INT
2025-02-01,2025,2,YML,0.0,2024,0.0,B.OPR INT
2025-02-01,2025,2,KMTC,0.0,2024,0.0,B.OPR INT
2025-02-01,2025,2,GSL,0.0,2024,0.0,B.OPR INT
2025-02-01,2025,2,PIL,0.0,2024,0.0,B.OPR INT
2025-02-01,2025,2,SSL,0.0,2024,0.0,B.OPR INT
2025-02-01,2025,2,HMM,0.0,2024,0.0,B.OPR INT
2025-02-01,2025,2,ANL,0.0,2024,0.0,B.OPR INT
2025-02-01,2025,2,XCL,0.0,2024,0.0,B.OPR INT
2025-02-01,2025,2,KRL,0.0,2024,0.0,B.OPR INT
2025-02-01,2025,2,KSL,0.0,2024,0.0,B.OPR INT
2025-02-01,2025,2,MELL,0.0,2024,0.0,B.OPR INT
2025-02-01,2025,2,OTHER,0.0,2024,0.0,B.OPR INT
2025-03-01,2025,3,CMA,0.0,2024,0.0,B.OPR INT
2025-03-02,2025,3,SSL,0.0,2024,0.0,B.OPR INT
2025-03-03,2025,3,MSK,0.0,2024,0.0,B.OPR INT
2025-03-04,2025,3,EMC,0.0,2024,0.0,B.OPR INT
2025-03-05,2025,3,MSC,0.0,2024,0.0,B.OPR INT
2025-03-06,2025,3,COS,0.0,2024,0.0,B.OPR INT
2025-03-07,2025,3,WHL,0.0,2024,0.0,B.OPR INT
2025-03-08,2025,3,SIT,0.0,2024,0.0,B.OPR INT
2025-03-09,2025,3,OOL,0.0,2024,0.0,B.OPR INT
2025-03-10,2025,3,KMT,0.0,2024,0.0,B.OPR INT
2025-03-11,2025,3,ONE,0.0,2024,0.0,B.OPR INT
2025-03-12,2025,3,YML,0.0,2024,0.0,B.OPR INT
2025-03-13,2025,3,GSL,0.0,2024,0.0,B.OPR INT
2025-03-14,2025,3,NSS,0.0,2024,0.0,B.OPR INT
2025-03-15,2025,3,ANL,0.0,2024,0.0,B.OPR INT
2025-03-16,2025,3,TSL,0.0,2024,0.0,B.OPR INT
2025-03-17,2025,3,RCL,0.0,2024,0.0,B.OPR INT
2025-03-18,2025,3,LMA,0.0,2024,0.0,B.OPR INT
2025-03-19,2025,3,BEN,0.0,2024,0.0,B.OPR INT
2025-03-20,2025,3,HPL,0.0,2024,0.0,B.OPR INT
2025-03-21,2025,3,PIL,0.0,2024,0.0,B.OPR INT
2025-03-22,2025,3,KAL,0.0,2024,0.0,B.OPR INT
2025-03-23,2025,3,XCL,0.0,2024,0.0,B.OPR INT
2025-03-24,2025,3,KSL,0.0,2024,0.0,B.OPR INT
2025-03-25,2025,3,ACL,0.0,2024,0.0,B.OPR INT
2025-03-26,2025,3,ESL,0.0,2024,0.0,B.OPR INT
2025-04-02,2025,4,CMA,0.0,2024,0.0,B.OPR INT
2025-04-03,2025,4,SSL,0.0,2024,0.0,B.OPR INT
2025-04-04,2025,4,MSK,0.0,2024,0.0,B.OPR INT
2025-04-05,2025,4,EMC,0.0,2024,0.0,B.OPR INT
2025-04-06,2025,4,MSC,0.0,2024,0.0,B.OPR INT
2025-04-07,2025,4,COS,0.0,2024,0.0,B.OPR INT
2025-04-08,2025,4,WHL,0.0,2024,0.0,B.OPR INT
2025-04-09,2025,4,SIT,0.0,2024,0.0,B.OPR INT
2025-04-10,2025,4,OOL,0.0,2024,0.0,B.OPR INT
2025-04-11,2025,4,ONE,0.0,2024,0.0,B.OPR INT
2025-04-12,2025,4,KMT,0.0,2024,0.0,B.OPR INT
2025-04-13,2025,4,GSL,0.0,2024,0.0,B.OPR INT
2025-04-14,2025,4,YML,0.0,2024,0.0,B.OPR INT
2025-04-15,2025,4,NSS,0.0,2024,0.0,B.OPR INT
2025-04-16,2025,4,TSL,0.0,2024,0.0,B.OPR INT
2025-04-17,2025,4,ANL,0.0,2024,0.0,B.OPR INT
2025-04-18,2025,4,RCL,0.0,2024,0.0,B.OPR INT
2025-04-19,2025,4,LMA,0.0,2024,0.0,B.OPR INT
2025-04-20,2025,4,BEN,0.0,2024,0.0,B.OPR INT
2025-04-21,2025,4,HPL,0.0,2024,0.0,B.OPR INT
2025-04-22,2025,4,PIL,0.0,2024,0.0,B.OPR INT
2025-04-23,2025,4,KAL,0.0,2024,0.0,B.OPR INT
2025-04-24,2025,4,XCL,0.0,2024,0.0,B.OPR INT
2025-04-25,2025,4,KSL,0.0,2024,0.0,B.OPR INT
2025-04-26,2025,4,ACL,0.0,2024,0.0,B.OPR INT
2025-04-27,2025,4,ESL,0.0,2024,0.0,B.OPR INT
2025-05-04,2025,5,CMA,0.0,2024,0.0,B.OPR INT
2025-05-05,2025,5,MSK,0.0,2024,0.0,B.OPR INT
2025-05-06,2025,5,EMC,0.0,2024,0.0,B.OPR INT
2025-05-07,2025,5,ONE,0.0,2024,0.0,B.OPR INT
2025-05-08,2025,5,COSCO,0.0,2024,0.0,B.OPR INT
2025-05-09,2025,5,MSC,0.0,2024,0.0,B.OPR INT
2025-05-10,2025,5,OOCL,0.0,2024,0.0,B.OPR INT
2025-05-11,2025,5,WHL,0.0,2024,0.0,B.OPR INT
2025-05-12,2025,5,SITC,0.0,2024,0.0,B.OPR INT
2025-05-13,2025,5,RCL,0.0,2024,0.0,B.OPR INT
2025-05-14,2025,5,HAPAG,0.0,2024,0.0,B.OPR INT
2025-05-15,2025,5,YML,0.0,2024,0.0,B.OPR INT
2025-05-16,2025,5,KMTC,0.0,2024,0.0,B.OPR INT
2025-05-17,2025,5,GSL,0.0,2024,0.0,B.OPR INT
2025-05-18,2025,5,SSL,0.0,2024,0.0,B.OPR INT
2025-05-19,2025,5,PIL,0.0,2024,0.0,B.OPR INT
2025-05-20,2025,5,TSL,0.0,2024,0.0,B.OPR INT
2025-05-21,2025,5,NSS,0.0,2024,0.0,B.OPR INT
2025-05-22,2025,5,OTHERS,0.0,2024,0.0,B.OPR INT
2025-05-23,2025,5,XCL,0.0,2024,0.0,B.OPR INT
2025-05-24,2025,5,HMM,0.0,2024,0.0,B.OPR INT
2025-05-25,2025,5,MELL,0.0,2024,0.0,B.OPR INT
2025-05-26,2025,5,SWI,0.0,2024,0.0,B.OPR INT
2025-05-27,2025,5,KRL,0.0,2024,0.0,B.OPR INT
2025-05-28,2025,5,BEN,0.0,2024,0.0,B.OPR INT
2025-05-29,2025,5,KSL,0.0,2024,0.0,B.OPR INT
2025-06-01,2025,6,CMA,0.0,2024,0.0,B.OPR INT
2025-06-01,2025,6,MSK,0.0,2024,0.0,B.OPR INT
2025-06-01,2025,6,EMC,0.0,2024,0.0,B.OPR INT
2025-06-01,2025,6,ONE,0.0,2024,0.0,B.OPR INT
2025-06-01,2025,6,COSCO,0.0,2024,0.0,B.OPR INT
2025-06-01,2025,6,MSC,0.0,2024,0.0,B.OPR INT
2025-06-01,2025,6,OOCL,0.0,2024,0.0,B.OPR INT
2025-06-01,2025,6,WHL,0.0,2024,0.0,B.OPR INT
2025-06-01,2025,6,SITC,0.0,2024,0.0,B.OPR INT
2025-06-01,2025,6,RCL,0.0,2024,0.0,B.OPR INT
2025-06-01,2025,6,HAPAG,0.0,2024,0.0,B.OPR INT
2025-06-01,2025,6,YML,0.0,2024,0.0,B.OPR INT
2025-06-01,2025,6,KMTC,0.0,2024,0.0,B.OPR INT
2025-06-01,2025,6,GSL,0.0,2024,0.0,B.OPR INT
2025-06-01,2025,6,SSL,0.0,2024,0.0,B.OPR INT
2025-06-01,2025,6,PIL,0.0,2024,0.0,B.OPR INT
2025-06-01,2025,6,TSL,0.0,2024,0.0,B.OPR INT
2025-06-01,2025,6,NSS,0.0,2024,0.0,B.OPR INT
2025-06-02,2025,6,OTHERS,0.0,2024,0.0,B.OPR INT
2025-06-03,2025,6,XCL,0.0,2024,0.0,B.OPR INT
2025-06-04,2025,6,HMM,0.0,2024,0.0,B.OPR INT
2025-06-05,2025,6,MELL,0.0,2024,0.0,B.OPR INT
2025-06-06,2025,6,SWI,0.0,2024,0.0,B.OPR INT
2025-06-07,2025,6,KRL,0.0,2024,0.0,B.OPR INT
2025-06-08,2025,6,BEN,0.0,2024,0.0,B.OPR INT
2025-06-09,2025,6,KSL,0.0,2024,0.0,B.OPR INT
2025-07-01,2025,7,OOCL,0.0,2024,0.0,B.OPR INT
2025-07-01,2025,7,RCL,0.0,2024,0.0,B.OPR INT
2025-07-01,2025,7,SITC,0.0,2024,0.0,B.OPR INT
2025-07-01,2025,7,HAPAG,0.0,2024,0.0,B.OPR INT
2025-07-01,2025,7,YML,0.0,2024,0.0,B.OPR INT
2025-07-01,2025,7,KMTC,0.0,2024,0.0,B.OPR INT
2025-07-01,2025,7,OTHER,0.0,2024,0.0,B.OPR INT
2025-07-01,2025,7,GSL,0.0,2024,0.0,B.OPR INT
2025-07-01,2025,7,SSL,0.0,2024,0.0,B.OPR INT
2025-07-01,2025,7,PIL,0.0,2024,0.0,B.OPR INT
2025-07-01,2025,7,ANL,0.0,2024,0.0,B.OPR INT
2025-07-01,2025,7,HMM,0.0,2024,0.0,B.OPR INT
2025-07-01,2025,7,XCL,0.0,2024,0.0,B.OPR INT
2025-07-01,2025,7,MELL,0.0,2024,0.0,B.OPR INT
2025-07-01,2025,7,KRL,0.0,2024,0.0,B.OPR INT
2025-07-01,2025,7,KSL,0.0,2024,0.0,B.OPR INT
2025-08-01,2025,8,CMA,0.0,2024,0.0,B.OPR INT
2025-08-01,2025,8,EMC,0.0,2024,0.0,B.OPR INT
2025-08-01,2025,8,MSK,0.0,2024,0.0,B.OPR INT
2025-08-01,2025,8,MSC,0.0,2024,0.0,B.OPR INT
2025-08-01,2025,8,ONE,0.0,2024,0.0,B.OPR INT
2025-08-01,2025,8,WHL,0.0,2024,0.0,B.OPR INT
2025-08-01,2025,8,COSCO,0.0,2024,0.0,B.OPR INT
2025-08-01,2025,8,OOCL,0.0,2024,0.0,B.OPR INT
2025-08-01,2025,8,RCL,0.0,2024,0.0,B.OPR INT
2025-08-01,2025,8,SITC,0.0,2024,0.0,B.OPR INT
2025-08-01,2025,8,HAPAG,0.0,2024,0.0,B.OPR INT
2025-08-01,2025,8,YML,0.0,2024,0.0,B.OPR INT
2025-08-01,2025,8,KMTC,0.0,2024,0.0,B.OPR INT
2025-08-01,2025,8,OTHER,0.0,2024,0.0,B.OPR INT
2025-08-01,2025,8,GSL,0.0,2024,0.0,B.OPR INT
2025-08-01,2025,8,SSL,0.0,2024,0.0,B.OPR INT
2025-08-01,2025,8,PIL,0.0,2024,0.0,B.OPR INT
2025-08-01,2025,8,ANL,0.0,2024,0.0,B.OPR INT
2025-08-01,2025,8,HMM,0.0,2024,0.0,B.OPR INT
2025-08-01,2025,8,XCL,0.0,2024,0.0,B.OPR INT
2025-08-01,2025,8,MELL,0.0,2024,0.0,B.OPR INT
2025-08-01,2025,8,BEN,0.0,2024,0.0,B.OPR INT
2025-08-01,2025,8,KRL,0.0,2024,0.0,B.OPR INT
2025-09-01,2025,9,CMA,0.0,2024,0.0,B.OPR INT
2025-09-01,2025,9,EMC,0.0,2024,0.0,B.OPR INT
2025-09-01,2025,9,MSK,0.0,2024,0.0,B.OPR INT
2025-09-01,2025,9,MSC,0.0,2024,0.0,B.OPR INT
2025-09-01,2025,9,ONE,0.0,2024,0.0,B.OPR INT
2025-09-01,2025,9,WHL,0.0,2024,0.0,B.OPR INT
2025-09-01,2025,9,COSCO,0.0,2024,0.0,B.OPR INT
2025-09-01,2025,9,OOCL,0.0,2024,0.0,B.OPR INT
2025-09-01,2025,9,RCL,0.0,2024,0.0,B.OPR INT
2025-09-01,2025,9,SITC,0.0,2024,0.0,B.OPR INT
2025-09-01,2025,9,HAPAG,0.0,2024,0.0,B.OPR INT
2025-09-01,2025,9,YML,0.0,2024,0.0,B.OPR INT
2025-09-01,2025,9,KMTC,0.0,2024,0.0,B.OPR INT
2025-09-01,2025,9,OTHER,0.0,2024,0.0,B.OPR INT
2025-09-01,2025,9,GSL,0.0,2024,0.0,B.OPR INT
2025-09-01,2025,9,SSL,0.0,2024,0.0,B.OPR INT
2025-09-01,2025,9,PIL,0.0,2024,0.0,B.OPR INT
2025-09-01,2025,9,ANL,0.0,2024,0.0,B.OPR INT
2025-09-01,2025,9,HMM,0.0,2024,0.0,B.OPR INT
2025-09-01,2025,9,XCL,0.0,2024,0.0,B.OPR INT
2025-09-01,2025,9,MELL,0.0,2024,0.0,B.OPR INT
2025-09-01,2025,9,BEN,0.0,2024,0.0,B.OPR INT
2025-09-01,2025,9,KRL,0.0,2024,0.0,B.OPR INT
2025-10-01,2025,10,CMA,0.0,2024,0.0,B.OPR INT
2025-10-01,2025,10,EMC,0.0,2024,0.0,B.OPR INT
2025-10-01,2025,10,MSK,0.0,2024,0.0,B.OPR INT
2025-10-01,2025,10,MSC,0.0,2024,0.0,B.OPR INT
2025-10-01,2025,10,ONE,0.0,2024,0.0,B.OPR INT
2025-10-01,2025,10,WHL,0.0,2024,0.0,B.OPR INT
2025-10-01,2025,10,COSCO,0.0,2024,0.0,B.OPR INT
2025-10-01,2025,10,OOCL,0.0,2024,0.0,B.OPR INT
2025-10-01,2025,10,RCL,0.0,2024,0.0,B.OPR INT
2025-10-01,2025,10,SITC,0.0,2024,0.0,B.OPR INT
2025-10-01,2025,10,HAPAG,0.0,2024,0.0,B.OPR INT
2025-10-01,2025,10,YML,0.0,2024,0.0,B.OPR INT
2025-10-01,2025,10,KMTC,0.0,2024,0.0,B.OPR INT
2025-10-01,2025,10,OTHER,0.0,2024,0.0,B.OPR INT
2025-10-01,2025,10,GSL,0.0,2024,0.0,B.OPR INT
2025-10-01,2025,10,SSL,0.0,2024,0.0,B.OPR INT
2025-10-01,2025,10,PIL,0.0,2024,0.0,B.OPR INT
2025-10-01,2025,10,ANL,0.0,2024,0.0,B.OPR INT
2025-10-01,2025,10,HMM,0.0,2024,0.0,B.OPR INT
2025-10-01,2025,10,XCL,0.0,2024,0.0,B.OPR INT
2025-10-01,2025,10,MELL,0.0,2024,0.0,B.OPR INT
2025-10-01,2025,10,BEN,0.0,2024,0.0,B.OPR INT
2025-10-01,2025,10,KRL,0.0,2024,0.0,B.OPR INT
2025-11-01,2025,11,CMA,0.0,2024,0.0,B.OPR INT
2025-11-01,2025,11,EMC,0.0,2024,0.0,B.OPR INT
2025-11-01,2025,11,MSK,0.0,2024,0.0,B.OPR INT
2025-11-01,2025,11,MSC,0.0,2024,0.0,B.OPR INT
2025-11-01,2025,11,ONE,0.0,2024,0.0,B.OPR INT
2025-11-01,2025,11,WHL,0.0,2024,0.0,B.OPR INT
2025-11-01,2025,11,COSCO,0.0,2024,0.0,B.OPR INT
2025-11-01,2025,11,OOCL,0.0,2024,0.0,B.OPR INT
2025-11-01,2025,11,RCL,0.0,2024,0.0,B.OPR INT
2025-11-01,2025,11,HAPAG,0.0,2024,0.0,B.OPR INT
2025-11-01,2025,11,SITC,0.0,2024,0.0,B.OPR INT
2025-11-01,2025,11,KMTC,0.0,2024,0.0,B.OPR INT
2025-11-01,2025,11,YML,0.0,2024,0.0,B.OPR INT
2025-11-01,2025,11,GSL,0.0,2024,0.0,B.OPR INT
2025-11-01,2025,11,OTHER,0.0,2024,0.0,B.OPR INT
2025-11-01,2025,11,SSL,0.0,2024,0.0,B.OPR INT
2025-11-01,2025,11,PIL,0.0,2024,0.0,B.OPR INT
2025-11-01,2025,11,ANL,0.0,2024,0.0,B.OPR INT
2025-11-01,2025,11,HMM,0.0,2024,0.0,B.OPR INT
2025-11-01,2025,11,XCL,0.0,2024,0.0,B.OPR INT
2025-11-01,2025,11,MELL,0.0,2024,0.0,B.OPR INT
2025-11-01,2025,11,BEN,0.0,2024,0.0,B.OPR INT
2025-11-01,2025,11,KRL,0.0,2024,0.0,B.OPR INT
2025-12-01,2025,12,CMA,0.0,2024,0.0,B.OPR INT
2025-12-01,2025,12,MSK,0.0,2024,0.0,B.OPR INT
2025-12-01,2025,12,EMC,0.0,2024,0.0,B.OPR INT
2025-12-01,2025,12,MSC,0.0,2024,0.0,B.OPR INT
2025-12-01,2025,12,ONE,0.0,2024,0.0,B.OPR INT
2025-12-01,2025,12,COSCO,0.0,2024,0.0,B.OPR INT
2025-12-01,2025,12,OOCL,0.0,2024,0.0,B.OPR INT
2025-12-01,2025,12,WHL,0.0,2024,0.0,B.OPR INT
2025-12-01,2025,12,SITC,0.0,2024,0.0,B.OPR INT
2025-12-01,2025,12,HAPAG,0.0,2024,0.0,B.OPR INT
2025-12-01,2025,12,RCL,0.0,2024,0.0,B.OPR INT
2025-12-01,2025,12,PIL,0.0,2024,0.0,B.OPR INT
2025-12-01,2025,12,YML,0.0,2024,0.0,B.OPR INT
2025-12-01,2025,12,KMTC,0.0,2024,0.0,B.OPR INT
2025-12-01,2025,12,OTHERS,0.0,2024,0.0,B.OPR INT
2025-12-01,2025,12,TSL,0.0,2024,0.0,B.OPR INT
2025-12-01,2025,12,SSL,0.0,2024,0.0,B.OPR INT
2025-12-01,2025,12,GSL,0.0,2024,0.0,B.OPR INT
2025-12-01,2025,12,NSS,0.0,2024,0.0,B.OPR INT
2025-12-01,2025,12,HMM,0.0,2024,0.0,B.OPR INT
2025-12-01,2025,12,XCL,0.0,2024,0.0,B.OPR INT
2025-12-01,2025,12,SWI,0.0,2024,0.0,B.OPR INT
2025-12-01,2025,12,MELL,0.0,2024,0.0,B.OPR INT
2025-12-02,2025,12,KRL,0.0,2024,0.0,B.OPR INT
2026-01-01,2026,1,CMA,0.1683,2024,0.0,B.OPR INT
2026-01-02,2026,1,EMC,0.1768,2024,0.0,B.OPR INT
2026-01-03,2026,1,MSK,0.0499,2024,0.0,B.OPR INT
2026-01-04,2026,1,MSC,0.4508,2024,0.0,B.OPR INT
2026-01-05,2026,1,ONE,-0.0993,2024,0.0,B.OPR INT
2026-01-06,2026,1,COSCO,-0.4347,2024,0.0,B.OPR INT
2026-01-07,2026,1,OOCL,-0.1427,2024,0.0,B.OPR INT
2026-01-08,2026,1,PIL,1.6793,2024,0.0,B.OPR INT
2026-01-09,2026,1,HAPAG,-0.0732,2024,0.0,B.OPR INT
2026-01-10,2026,1,SITC,-0.3406,2024,0.0,B.OPR INT
2026-01-11,2026,1,WHL,-0.5851,2024,0.0,B.OPR INT
2026-01-12,2026,1,RCL,-0.2345,2024,0.0,B.OPR INT
2026-01-13,2026,1,YML,-0.0046,2024,0.0,B.OPR INT
2026-01-14,2026,1,SSL,0.2373,2024,0.0,B.OPR INT
2026-01-15,2026,1,KMTC,-0.2787,2024,0.0,B.OPR INT
2026-01-16,2026,1,TSL,0.0,2024,0.0,B.OPR INT
2026-01-17,2026,1,HMM,1.7778,2024,0.0,B.OPR INT
2026-01-18,2026,1,GSL,-0.231,2024,0.0,B.OPR INT
2026-01-19,2026,1,OTHERS,0.1077,2024,0.0,B.OPR INT
2026-01-20,2026,1,XCL,0.4459,2024,0.0,B.OPR INT
2026-01-21,2026,1,NSS,0.0,2024,0.0,B.OPR INT
2026-01-22,2026,1,SWI,9.5769,2024,0.0,B.OPR INT
2026-01-23,2026,1,MELL,-0.465,2024,0.0,B.OPR INT
2026-01-24,2026,1,KRL,0.0,2024,0.0,B.OPR INT
2026-01-25,2026,1,BEN,0.0,2024,0.0,B.OPR INT
2026-01-26,2026,1,KSL,0.0,2024,0.0,B.OPR INT
2024-01-01,2024,1,CMA,0.1715,2025,0.0,B.OPR INT
2024-01-02,2024,1,EMC,0.0886,2025,0.0,B.OPR INT
2024-01-03,2024,1,MSC,-0.0329,2025,0.0,B.OPR INT
2024-01-04,2024,1,ONE,-0.1184,2025,0.0,B.OPR INT
2024-01-05,2024,1,MSK,-0.2962,2025,0.0,B.OPR INT
2024-01-06,2024,1,WHL,0.1297,2025,0.0,B.OPR INT
2024-01-07,2024,1,COSCO,-0.354,2025,0.0,B.OPR INT
2024-01-08,2024,1,OOCL,0.0457,2025,0.0,B.OPR INT
2024-01-09,2024,1,RCL,4.4919,2025,0.0,B.OPR INT
2024-01-10,2024,1,SITC,-0.2173,2025,0.0,B.OPR INT
2024-01-11,2024,1,HPL,0.3761,2025,0.0,B.OPR INT
2024-01-12,2024,1,YML,0.149,2025,0.0,B.OPR INT
2024-01-13,2024,1,KMTC,-0.4946,2025,0.0,B.OPR INT
2024-01-14,2024,1,GSL,0.2926,2025,0.0,B.OPR INT
2024-01-15,2024,1,PIL,-0.565,2025,0.0,B.OPR INT
2024-01-16,2024,1,SSL,-0.6106,2025,0.0,B.OPR INT
2024-01-17,2024,1,HMM,-0.7255,2025,0.0,B.OPR INT
2024-01-18,2024,1,ANL,0.0,2025,0.0,B.OPR INT
2024-01-19,2024,1,XCL,-0.8709,2025,0.0,B.OPR INT
2024-01-20,2024,1,KRL,0.0,2025,0.0,B.OPR INT
2024-01-21,2024,1,KSL,0.0,2025,0.0,B.OPR INT
2024-01-22,2024,1,MELL,-1.0,2025,0.0,B.OPR INT
2024-01-23,2024,1,OTHER,0.3805,2025,0.0,B.OPR INT
2024-02-01,2024,2,EMC,0.0124,2025,0.0,B.OPR INT
2024-02-02,2024,2,CMA,0.0298,2025,0.0,B.OPR INT
2024-02-03,2024,2,MSK,-0.1471,2025,0.0,B.OPR INT
2024-02-04,2024,2,ONE,-0.0679,2025,0.0,B.OPR INT
2024-02-05,2024,2,MSC,-0.1306,2025,0.0,B.OPR INT
2024-02-06,2024,2,COSCO,-0.4033,2025,0.0,B.OPR INT
2024-02-07,2024,2,WHL,0.0234,2025,0.0,B.OPR INT
2024-02-08,2024,2,OOCL,0.2074,2025,0.0,B.OPR INT
2024-02-09,2024,2,RCL,5.4166,2025,0.0,B.OPR INT
2024-02-10,2024,2,OTHER,0.4733,2025,0.0,B.OPR INT
2024-02-11,2024,2,SITC,-0.189,2025,0.0,B.OPR INT
2024-02-12,2024,2,HAPAG,0.48,2025,0.0,B.OPR INT
2024-02-13,2024,2,YML,0.2725,2025,0.0,B.OPR INT
2024-02-14,2024,2,KMTC,-0.3693,2025,0.0,B.OPR INT
2024-02-15,2024,2,GSL,0.3486,2025,0.0,B.OPR INT
2024-02-16,2024,2,PIL,-0.4338,2025,0.0,B.OPR INT
2024-02-17,2024,2,SSL,-0.5488,2025,0.0,B.OPR INT
2024-02-18,2024,2,ANL,0.0,2025,0.0,B.OPR INT
2024-02-19,2024,2,HMM,-0.7196,2025,0.0,B.OPR INT
2024-02-20,2024,2,XCL,-0.8162,2025,0.0,B.OPR INT
2024-02-21,2024,2,MELL,-0.6935,2025,0.0,B.OPR INT
2024-02-22,2024,2,KRL,-0.6602,2025,0.0,B.OPR INT
2024-02-23,2024,2,KSL,0.0,2025,0.0,B.OPR INT
2024-03-01,2024,3,EMC,0.1285,2025,0.0,B.OPR INT
2024-03-02,2024,3,CMA,0.2425,2025,0.0,B.OPR INT
2024-03-03,2024,3,MSK,-0.123,2025,0.0,B.OPR INT
2024-03-04,2024,3,ONE,-0.0312,2025,0.0,B.OPR INT
2024-03-05,2024,3,MSC,-0.0996,2025,0.0,B.OPR INT
2024-03-06,2024,3,WHL,0.4138,2025,0.0,B.OPR INT
2024-03-07,2024,3,COSCO,-0.3562,2025,0.0,B.OPR INT
2024-03-08,2024,3,OOCL,0.2248,2025,0.0,B.OPR INT
2024-03-09,2024,3,OTHER,0.2284,2025,0.0,B.OPR INT
2024-03-10,2024,3,RCL,2.7354,2025,0.0,B.OPR INT
2024-03-11,2024,3,HAPAG,0.4762,2025,0.0,B.OPR INT
2024-03-12,2024,3,SITC,-0.1476,2025,0.0,B.OPR INT
2024-03-13,2024,3,YML,0.0555,2025,0.0,B.OPR INT
2024-03-14,2024,3,KMTC,-0.3166,2025,0.0,B.OPR INT
2024-03-15,2024,3,GSL,0.5316,2025,0.0,B.OPR INT
2024-03-16,2024,3,PIL,-0.4505,2025,0.0,B.OPR INT
2024-03-17,2024,3,SSL,-0.4181,2025,0.0,B.OPR INT
2024-03-18,2024,3,ANL,0.0,2025,0.0,B.OPR INT
2024-03-19,2024,3,HMM,-0.6865,2025,0.0,B.OPR INT
2024-03-20,2024,3,XCL,-0.8217,2025,0.0,B.OPR INT
2024-03-21,2024,3,MELL,0.3011,2025,0.0,B.OPR INT
2024-03-22,2024,3,KRL,-0.375,2025,0.0,B.OPR INT
2024-03-23,2024,3,KSL,0.0,2025,0.0,B.OPR INT
2024-04-01,2024,4,CMA,0.2241,2025,0.0,B.OPR INT
2024-04-02,2024,4,EMC,0.0094,2025,0.0,B.OPR INT
2024-04-03,2024,4,MSK,-0.1511,2025,0.0,B.OPR INT
2024-04-04,2024,4,ONE,-0.05,2025,0.0,B.OPR INT
2024-04-05,2024,4,MSC,-0.0495,2025,0.0,B.OPR INT
2024-04-06,2024,4,WHL,0.3763,2025,0.0,B.OPR INT
2024-04-07,2024,4,COSCO,-0.3937,2025,0.0,B.OPR INT
2024-04-08,2024,4,OOCL,0.2169,2025,0.0,B.OPR INT
2024-04-09,2024,4,OTHER,0.8949,2025,0.0,B.OPR INT
2024-04-10,2024,4,RCL,1.1752,2025,0.0,B.OPR INT
2024-04-11,2024,4,SITC,-0.1267,2025,0.0,B.OPR INT
2024-04-12,2024,4,HAPAG,0.4219,2025,0.0,B.OPR INT
2024-04-13,2024,4,YML,0.0618,2025,0.0,B.OPR INT
2024-04-14,2024,4,KMTC,-0.2766,2025,0.0,B.OPR INT
2024-04-15,2024,4,GSL,0.8091,2025,0.0,B.OPR INT
2024-04-16,2024,4,PIL,-0.5236,2025,0.0,B.OPR INT
2024-04-17,2024,4,SSL,-0.3891,2025,0.0,B.OPR INT
2024-04-18,2024,4,ANL,0.0,2025,0.0,B.OPR INT
2024-04-19,2024,4,HMM,-0.7081,2025,0.0,B.OPR INT
2024-04-20,2024,4,XCL,-0.8106,2025,0.0,B.OPR INT
2024-04-21,2024,4,MELL,-0.2708,2025,0.0,B.OPR INT
2024-04-22,2024,4,SWI,0.0,2025,0.0,B.OPR INT
2024-04-23,2024,4,KRL,-0.375,2025,0.0,B.OPR INT
2024-04-24,2024,4,KSL,0.0,2025,0.0,B.OPR INT
2024-05-01,2024,5,CMA,0.3162,2025,0.0,B.OPR INT
2024-05-02,2024,5,EMC,0.1267,2025,0.0,B.OPR INT
2024-05-03,2024,5,MSK,-0.1154,2025,0.0,B.OPR INT
2024-05-04,2024,5,MSC,0.081,2025,0.0,B.OPR INT
2024-05-05,2024,5,ONE,-0.0002,2025,0.0,B.OPR INT
2024-05-06,2024,5,WHL,0.4259,2025,0.0,B.OPR INT
2024-05-07,2024,5,COSCO,-0.363,2025,0.0,B.OPR INT
2024-05-08,2024,5,OOCL,0.2226,2025,0.0,B.OPR INT
2024-05-09,2024,5,RCL,1.1604,2025,0.0,B.OPR INT
2024-05-10,2024,5,SITC,-0.0869,2025,0.0,B.OPR INT
2024-05-11,2024,5,HAPAG,0.4424,2025,0.0,B.OPR INT
2024-05-12,2024,5,YML,0.0746,2025,0.0,B.OPR INT
2024-05-13,2024,5,KMTC,-0.0971,2025,0.0,B.OPR INT
2024-05-14,2024,5,TSL,0.0,2025,0.0,B.OPR INT
2024-05-15,2024,5,OTHER,-0.1349,2025,0.0,B.OPR INT
2024-05-16,2024,5,GSL,0.9304,2025,0.0,B.OPR INT
2024-05-17,2024,5,PIL,-0.5055,2025,0.0,B.OPR INT
2024-05-18,2024,5,SSL,-0.3792,2025,0.0,B.OPR INT
2024-05-19,2024,5,ANL,0.0,2025,0.0,B.OPR INT
2024-05-20,2024,5,HMM,-0.6616,2025,0.0,B.OPR INT
2024-05-21,2024,5,XCL,-0.7792,2025,0.0,B.OPR INT
2024-05-22,2024,5,MELL,-0.2077,2025,0.0,B.OPR INT
2024-05-23,2024,5,KRL,-0.7799,2025,0.0,B.OPR INT
2024-05-24,2024,5,KSL,-1.0,2025,0.0,B.OPR INT
2024-06-01,2024,6,CMA,0.1997,2025,0.0,B.OPR INT
2024-06-01,2024,6,EMC,0.1077,2025,0.0,B.OPR INT
2024-06-01,2024,6,MSK,-0.0545,2025,0.0,B.OPR INT
2024-06-01,2024,6,MSC,0.0995,2025,0.0,B.OPR INT
2024-06-01,2024,6,ONE,0.0145,2025,0.0,B.OPR INT
2024-06-01,2024,6,WHL,0.3785,2025,0.0,B.OPR INT
2024-06-01,2024,6,COSCO,-0.3647,2025,0.0,B.OPR INT
2024-06-01,2024,6,OOCL,0.1792,2025,0.0,B.OPR INT
2024-06-01,2024,6,RCL,0.7739,2025,0.0,B.OPR INT
2024-06-01,2024,6,SITC,-0.0295,2025,0.0,B.OPR INT
2024-06-01,2024,6,HAPAG,0.4066,2025,0.0,B.OPR INT
2024-06-01,2024,6,YML,0.1132,2025,0.0,B.OPR INT
2024-06-01,2024,6,KMTC,0.0802,2025,0.0,B.OPR INT
2024-06-01,2024,6,OTHER,-0.1663,2025,0.0,B.OPR INT
2024-06-01,2024,6,GSL,0.7858,2025,0.0,B.OPR INT
2024-06-01,2024,6,SSL,-0.327,2025,0.0,B.OPR INT
2024-06-01,2024,6,PIL,-0.4818,2025,0.0,B.OPR INT
2024-06-01,2024,6,ANL,0.0,2025,0.0,B.OPR INT
2024-06-01,2024,6,HMM,-0.6125,2025,0.0,B.OPR INT
2024-06-01,2024,6,XCL,-0.7684,2025,0.0,B.OPR INT
2024-06-21,2024,6,MELL,0.4899,2025,0.0,B.OPR INT
2024-06-01,2024,6,KRL,-0.8627,2025,0.0,B.OPR INT
2024-06-01,2024,6,KSL,-1.0,2025,0.0,B.OPR INT
2024-06-01,2024,6,SWI,0.0,2025,0.0,B.OPR INT
2024-07-01,2024,7,CMA,0.2119,2025,0.0,B.OPR INT
2024-07-01,2024,7,EMC,0.1216,2025,0.0,B.OPR INT
2024-07-01,2024,7,MSK,-0.0203,2025,0.0,B.OPR INT
2024-07-01,2024,7,MSC,0.1355,2025,0.0,B.OPR INT
2024-07-01,2024,7,ONE,0.0362,2025,0.0,B.OPR INT
2024-07-01,2024,7,WHL,0.3907,2025,0.0,B.OPR INT
2024-07-01,2024,7,COSCO,-0.3758,2025,0.0,B.OPR INT
2024-07-01,2024,7,OOCL,0.1469,2025,0.0,B.OPR INT
2024-07-01,2024,7,RCL,0.7454,2025,0.0,B.OPR INT
2024-07-01,2024,7,SITC,-0.02,2025,0.0,B.OPR INT
2024-07-01,2024,7,HAPAG,0.3908,2025,0.0,B.OPR INT
2024-07-01,2024,7,YML,0.0336,2025,0.0,B.OPR INT
2024-07-01,2024,7,KMTC,0.1323,2025,0.0,B.OPR INT
2024-07-01,2024,7,OTHER,-0.2383,2025,0.0,B.OPR INT
2024-07-01,2024,7,GSL,0.5251,2025,0.0,B.OPR INT
2024-07-01,2024,7,SSL,-0.2514,2025,0.0,B.OPR INT
2024-07-01,2024,7,PIL,-0.4398,2025,0.0,B.OPR INT
2024-07-01,2024,7,ANL,0.0,2025,0.0,B.OPR INT
2024-07-01,2024,7,HMM,-0.545,2025,0.0,B.OPR INT
2024-07-01,2024,7,XCL,-0.7305,2025,0.0,B.OPR INT
2024-07-01,2024,7,MELL,1.741,2025,0.0,B.OPR INT
2024-07-01,2024,7,KRL,-0.8627,2025,0.0,B.OPR INT
2024-07-01,2024,7,KSL,-1.0,2025,0.0,B.OPR INT
2024-08-01,2024,8,CMA,0.1532,2025,0.0,B.OPR INT
2024-08-01,2024,8,EMC,0.1453,2025,0.0,B.OPR INT
2024-08-01,2024,8,MSK,-0.0285,2025,0.0,B.OPR INT
2024-08-01,2024,8,MSC,0.1464,2025,0.0,B.OPR INT
2024-08-01,2024,8,ONE,0.077,2025,0.0,B.OPR INT
2024-08-01,2024,8,WHL,0.3737,2025,0.0,B.OPR INT
2024-08-01,2024,8,COSCO,-0.3912,2025,0.0,B.OPR INT
2024-08-01,2024,8,OOCL,0.1282,2025,0.0,B.OPR INT
2024-08-01,2024,8,RCL,0.5548,2025,0.0,B.OPR INT
2024-08-01,2024,8,SITC,-0.0411,2025,0.0,B.OPR INT
2024-08-01,2024,8,HAPAG,0.4112,2025,0.0,B.OPR INT
2024-08-01,2024,8,YML,0.0405,2025,0.0,B.OPR INT
2024-08-01,2024,8,KMTC,0.1419,2025,0.0,B.OPR INT
2024-08-01,2024,8,OTHER,-0.3248,2025,0.0,B.OPR INT
2024-08-01,2024,8,GSL,0.4928,2025,0.0,B.OPR INT
2024-08-01,2024,8,SSL,-0.1864,2025,0.0,B.OPR INT
2024-08-01,2024,8,PIL,-0.4198,2025,0.0,B.OPR INT
2024-08-01,2024,8,ANL,0.0,2025,0.0,B.OPR INT
2024-08-01,2024,8,HMM,-0.5262,2025,0.0,B.OPR INT
2024-08-01,2024,8,XCL,-0.6743,2025,0.0,B.OPR INT
2024-08-01,2024,8,MELL,1.2692,2025,0.0,B.OPR INT
2024-08-01,2024,8,BEN,0.0,2025,0.0,B.OPR INT
2024-08-01,2024,8,KRL,-0.9128,2025,0.0,B.OPR INT
2024-09-01,2024,9,CMA,0.142,2025,0.0,B.OPR INT
2024-09-01,2024,9,EMC,0.182,2025,0.0,B.OPR INT
2024-09-01,2024,9,MSK,0.0122,2025,0.0,B.OPR INT
2024-09-01,2024,9,MSC,0.2451,2025,0.0,B.OPR INT
2024-09-01,2024,9,ONE,0.0854,2025,0.0,B.OPR INT
2024-09-01,2024,9,WHL,0.3652,2025,0.0,B.OPR INT
2024-09-01,2024,9,COSCO,-0.3816,2025,0.0,B.OPR INT
2024-09-01,2024,9,OOCL,0.0832,2025,0.0,B.OPR INT
2024-09-01,2024,9,RCL,0.4654,2025,0.0,B.OPR INT
2024-09-01,2024,9,SITC,-0.0096,2025,0.0,B.OPR INT
2024-09-01,2024,9,HAPAG,0.4365,2025,0.0,B.OPR INT
2024-09-01,2024,9,YML,-0.0045,2025,0.0,B.OPR INT
2024-09-01,2024,9,KMTC,0.1497,2025,0.0,B.OPR INT
2024-09-01,2024,9,OTHER,-0.3834,2025,0.0,B.OPR INT
2024-09-01,2024,9,GSL,0.4436,2025,0.0,B.OPR INT
2024-09-01,2024,9,SSL,-0.1248,2025,0.0,B.OPR INT
2024-09-01,2024,9,PIL,-0.3796,2025,0.0,B.OPR INT
2024-09-01,2024,9,ANL,0.0,2025,0.0,B.OPR INT
2024-09-01,2024,9,HMM,-0.5059,2025,0.0,B.OPR INT
2024-09-01,2024,9,XCL,-0.6249,2025,0.0,B.OPR INT
2024-09-01,2024,9,MELL,1.3881,2025,0.0,B.OPR INT
2024-09-01,2024,9,BEN,0.0,2025,0.0,B.OPR INT
2024-09-01,2024,9,KRL,-0.9128,2025,0.0,B.OPR INT
2024-10-01,2024,10,CMA,0.0,2025,0.0,B.OPR INT
2024-10-01,2024,10,MSK,0.0,2025,0.0,B.OPR INT
2024-10-01,2024,10,EMC,0.0,2025,0.0,B.OPR INT
2024-10-01,2024,10,ONE,0.0,2025,0.0,B.OPR INT
2024-10-01,2024,10,COSCO,0.0,2025,0.0,B.OPR INT
2024-10-01,2024,10,MSC,0.0,2025,0.0,B.OPR INT
2024-10-01,2024,10,OOCL,0.0,2025,0.0,B.OPR INT
2024-10-01,2024,10,WHL,0.0,2025,0.0,B.OPR INT
2024-10-01,2024,10,SITC,0.0,2025,0.0,B.OPR INT
2024-10-01,2024,10,RCL,0.0,2025,0.0,B.OPR INT
2024-10-01,2024,10,HAPAG,0.0,2025,0.0,B.OPR INT
2024-10-01,2024,10,GSL,0.0,2025,0.0,B.OPR INT
2024-10-01,2024,10,KMTC,0.0,2025,0.0,B.OPR INT
2024-10-01,2024,10,YML,0.0,2025,0.0,B.OPR INT
2024-10-01,2024,10,SSL,0.0,2025,0.0,B.OPR INT
2024-10-01,2024,10,TSL,0.0,2025,0.0,B.OPR INT
2024-10-01,2024,10,PIL,0.0,2025,0.0,B.OPR INT
2024-10-01,2024,10,NSS,0.0,2025,0.0,B.OPR INT
2024-10-01,2024,10,XCL,0.0,2025,0.0,B.OPR INT
2024-10-01,2024,10,HMM,0.0,2025,0.0,B.OPR INT
2024-10-01,2024,10,OTHER,0.0,2025,0.0,B.OPR INT
2024-10-01,2024,10,SWI,0.0,2025,0.0,B.OPR INT
2024-10-01,2024,10,MELL,0.0,2025,0.0,B.OPR INT
2024-11-01,2024,11,CMA,0.0388,2025,0.0,B.OPR INT
2024-11-01,2024,11,EMC,0.1965,2025,0.0,B.OPR INT
2024-11-01,2024,11,MSK,0.029,2025,0.0,B.OPR INT
2024-11-01,2024,11,MSC,0.2508,2025,0.0,B.OPR INT
2024-11-01,2024,11,ONE,0.1045,2025,0.0,B.OPR INT
2024-11-01,2024,11,WHL,0.3368,2025,0.0,B.OPR INT
2024-11-01,2024,11,COSCO,-0.3345,2025,0.0,B.OPR INT
2024-11-01,2024,11,OOCL,0.0334,2025,0.0,B.OPR INT
2024-11-01,2024,11,RCL,0.3365,2025,0.0,B.OPR INT
2024-11-01,2024,11,HAPAG,0.8146,2025,0.0,B.OPR INT
2024-11-01,2024,11,SITC,-0.005,2025,0.0,B.OPR INT
2024-11-01,2024,11,KMTC,0.1595,2025,0.0,B.OPR INT
2024-11-01,2024,11,YML,-0.0775,2025,0.0,B.OPR INT
2024-11-01,2024,11,GSL,0.3627,2025,0.0,B.OPR INT
2024-11-01,2024,11,OTHER,-0.4478,2025,0.0,B.OPR INT
2024-11-01,2024,11,SSL,-0.0298,2025,0.0,B.OPR INT
2024-11-01,2024,11,PIL,-0.3447,2025,0.0,B.OPR INT
2024-11-01,2024,11,ANL,0.0,2025,0.0,B.OPR INT
2024-11-01,2024,11,HMM,-0.4849,2025,0.0,B.OPR INT
2024-11-01,2024,11,XCL,-0.4773,2025,0.0,B.OPR INT
2024-11-01,2024,11,MELL,1.9228,2025,0.0,B.OPR INT
2024-11-01,2024,11,BEN,0.0,2025,0.0,B.OPR INT
2024-11-01,2024,11,KRL,-0.9389,2025,0.0,B.OPR INT
2024-12-01,2024,12,CMA,0.0224,2025,0.0,B.OPR INT
2024-12-01,2024,12,EMC,0.189,2025,0.0,B.OPR INT
2024-12-01,2024,12,MSK,0.0317,2025,0.0,B.OPR INT
2024-12-01,2024,12,MSC,0.2566,2025,0.0,B.OPR INT
2024-12-01,2024,12,ONE,0.1227,2025,0.0,B.OPR INT
2024-12-01,2024,12,WHL,0.2941,2025,0.0,B.OPR INT
2024-12-01,2024,12,COSCO,-0.3146,2025,0.0,B.OPR INT
2024-12-01,2024,12,OOCL,0.024,2025,0.0,B.OPR INT
2024-12-01,2024,12,RCL,0.3045,2025,0.0,B.OPR INT
2024-12-01,2024,12,HAPAG,0.3914,2025,0.0,B.OPR INT
2024-12-01,2024,12,SITC,0.0031,2025,0.0,B.OPR INT
2024-12-01,2024,12,KMTC,0.1681,2025,0.0,B.OPR INT
2024-12-01,2024,12,YML,-0.0918,2025,0.0,B.OPR INT
2024-12-01,2024,12,GSL,0.3369,2025,0.0,B.OPR INT
2024-12-01,2024,12,OTHER,-0.4429,2025,0.0,B.OPR INT
2024-12-01,2024,12,SSL,0.0397,2025,0.0,B.OPR INT
2024-12-01,2024,12,PIL,-0.313,2025,0.0,B.OPR INT
2024-12-01,2024,12,ANL,0.0,2025,0.0,B.OPR INT
2024-12-01,2024,12,HMM,-0.4585,2025,0.0,B.OPR INT
2024-12-01,2024,12,XCL,-0.4548,2025,0.0,B.OPR INT
2024-12-01,2024,12,MELL,1.9981,2025,0.0,B.OPR INT
2024-12-01,2024,12,BEN,0.0,2025,0.0,B.OPR INT
2024-12-01,2024,12,KRL,-0.969,2025,0.0,B.OPR INT
2025-01-01,2025,1,CMA,0.345,2025,24830.0,B.OPR INT
2025-01-01,2025,1,EMC,0.2209,2025,14121.0,B.OPR INT
2025-01-01,2025,1,MSC,0.4311,2025,7862.0,B.OPR INT
2025-01-01,2025,1,ONE,0.1858,2025,2198.0,B.OPR INT
2025-01-01,2025,1,MSK,-0.0318,2025,13403.0,B.OPR INT
2025-01-01,2025,1,WHL,0.1905,2025,6100.0,B.OPR INT
2025-01-01,2025,1,COSCO,-0.1293,2025,13059.0,B.OPR INT
2025-01-01,2025,1,OOCL,0.0084,2025,2710.0,B.OPR INT
2025-01-01,2025,1,RCL,0.3211,2025,1257.0,B.OPR INT
2025-01-01,2025,1,SITC,0.1417,2025,3938.0,B.OPR INT
2025-01-01,2025,1,HPL,0.0418,2025,0.0,B.OPR INT
2025-01-01,2025,1,YML,0.901,2025,2189.0,B.OPR INT
2025-01-01,2025,1,KMTC,-0.184,2025,2672.0,B.OPR INT
2025-01-01,2025,1,GSL,-0.3648,2025,1146.0,B.OPR INT
2025-01-01,2025,1,PIL,1.0345,2025,0.0,B.OPR INT
2025-01-01,2025,1,SSL,-0.047,2025,16612.0,B.OPR INT
2025-01-01,2025,1,HMM,0.3272,2025,0.0,B.OPR INT
2025-01-01,2025,1,ANL,1.1883,2025,437.0,B.OPR INT
2025-01-01,2025,1,XCL,0.5374,2025,0.0,B.OPR INT
2025-01-01,2025,1,KRL,2.1709,2025,0.0,B.OPR INT
2025-01-01,2025,1,KSL,0.0,2025,0.0,B.OPR INT
2025-01-01,2025,1,MELL,0.0,2025,0.0,B.OPR INT
2025-01-01,2025,1,OTHER,0.0,2025,2498.0,B.OPR INT
2025-02-01,2025,2,CMA,0.0,2025,43125.0,B.OPR INT
2025-02-01,2025,2,EMC,0.0,2025,27834.0,B.OPR INT
2025-02-01,2025,2,MSC,0.0,2025,18609.0,B.OPR INT
2025-02-01,2025,2,ONE,0.0,2025,3915.0,B.OPR INT
2025-02-01,2025,2,MSK,0.0,2025,28755.0,B.OPR INT
2025-02-01,2025,2,WHL,0.0,2025,9396.0,B.OPR INT
2025-02-01,2025,2,COSCO,0.0,2025,22448.0,B.OPR INT
2025-02-01,2025,2,OOCL,0.0,2025,7122.0,B.OPR INT
2025-02-01,2025,2,RCL,0.0,2025,1257.0,B.OPR INT
2025-02-01,2025,2,SITC,0.0,2025,7272.0,B.OPR INT
2025-02-01,2025,2,HPL,0.0,2025,0.0,B.OPR INT
2025-02-01,2025,2,YML,0.0,2025,3411.0,B.OPR INT
2025-02-01,2025,2,KMTC,0.0,2025,4436.0,B.OPR INT
2025-02-01,2025,2,GSL,0.0,2025,2572.0,B.OPR INT
2025-02-01,2025,2,PIL,0.0,2025,0.0,B.OPR INT
2025-02-01,2025,2,SSL,0.0,2025,46959.0,B.OPR INT
2025-02-01,2025,2,HMM,0.0,2025,0.0,B.OPR INT
2025-02-01,2025,2,ANL,0.0,2025,1610.0,B.OPR INT
2025-02-01,2025,2,XCL,0.0,2025,0.0,B.OPR INT
2025-02-01,2025,2,KRL,0.0,2025,0.0,B.OPR INT
2025-02-01,2025,2,KSL,0.0,2025,0.0,B.OPR INT
2025-02-01,2025,2,MELL,0.0,2025,0.0,B.OPR INT
2025-02-01,2025,2,OTHER,0.0,2025,4471.0,B.OPR INT
2025-03-01,2025,3,CMA,0.0,2025,65124.0,B.OPR INT
2025-03-02,2025,3,SSL,0.0,2025,63449.0,B.OPR INT
2025-03-03,2025,3,MSK,0.0,2025,49466.0,B.OPR INT
2025-03-04,2025,3,EMC,0.0,2025,42968.0,B.OPR INT
2025-03-05,2025,3,MSC,0.0,2025,34247.0,B.OPR INT
2025-03-06,2025,3,COS,0.0,2025,31810.0,B.OPR INT
2025-03-07,2025,3,WHL,0.0,2025,16331.0,B.OPR INT
2025-03-08,2025,3,SIT,0.0,2025,11673.0,B.OPR INT
2025-03-09,2025,3,OOL,0.0,2025,10374.0,B.OPR INT
2025-03-10,2025,3,KMT,0.0,2025,6622.0,B.OPR INT
2025-03-11,2025,3,ONE,0.0,2025,6113.0,B.OPR INT
2025-03-12,2025,3,YML,0.0,2025,5665.0,B.OPR INT
2025-03-13,2025,3,GSL,0.0,2025,5485.0,B.OPR INT
2025-03-14,2025,3,NSS,0.0,2025,4304.0,B.OPR INT
2025-03-15,2025,3,ANL,0.0,2025,2527.0,B.OPR INT
2025-03-16,2025,3,TSL,0.0,2025,2448.0,B.OPR INT
2025-03-17,2025,3,RCL,0.0,2025,2067.0,B.OPR INT
2025-03-18,2025,3,LMA,0.0,2025,923.0,B.OPR INT
2025-03-19,2025,3,BEN,0.0,2025,496.0,B.OPR INT
2025-03-20,2025,3,HPL,0.0,2025,0.0,B.OPR INT
2025-03-21,2025,3,PIL,0.0,2025,0.0,B.OPR INT
2025-03-22,2025,3,KAL,0.0,2025,0.0,B.OPR INT
2025-03-23,2025,3,XCL,0.0,2025,0.0,B.OPR INT
2025-03-24,2025,3,KSL,0.0,2025,0.0,B.OPR INT
2025-03-25,2025,3,ACL,0.0,2025,0.0,B.OPR INT
2025-03-26,2025,3,ESL,0.0,2025,0.0,B.OPR INT
2025-04-02,2025,4,CMA,0.0,2025,86479.0,B.OPR INT
2025-04-03,2025,4,SSL,0.0,2025,83668.0,B.OPR INT
2025-04-04,2025,4,MSK,0.0,2025,68853.0,B.OPR INT
2025-04-05,2025,4,EMC,0.0,2025,55667.0,B.OPR INT
2025-04-06,2025,4,MSC,0.0,2025,46530.0,B.OPR INT
2025-04-07,2025,4,COS,0.0,2025,39926.0,B.OPR INT
2025-04-08,2025,4,WHL,0.0,2025,20470.0,B.OPR INT
2025-04-09,2025,4,SIT,0.0,2025,13341.0,B.OPR INT
2025-04-10,2025,4,OOL,0.0,2025,12852.0,B.OPR INT
2025-04-11,2025,4,ONE,0.0,2025,9040.0,B.OPR INT
2025-04-12,2025,4,KMT,0.0,2025,8578.0,B.OPR INT
2025-04-13,2025,4,GSL,0.0,2025,6939.0,B.OPR INT
2025-04-14,2025,4,YML,0.0,2025,6803.0,B.OPR INT
2025-04-15,2025,4,NSS,0.0,2025,5788.0,B.OPR INT
2025-04-16,2025,4,TSL,0.0,2025,3377.0,B.OPR INT
2025-04-17,2025,4,ANL,0.0,2025,3349.0,B.OPR INT
2025-04-18,2025,4,RCL,0.0,2025,2907.0,B.OPR INT
2025-04-19,2025,4,LMA,0.0,2025,1265.0,B.OPR INT
2025-04-20,2025,4,BEN,0.0,2025,788.0,B.OPR INT
2025-04-21,2025,4,HPL,0.0,2025,0.0,B.OPR INT
2025-04-22,2025,4,PIL,0.0,2025,0.0,B.OPR INT
2025-04-23,2025,4,KAL,0.0,2025,0.0,B.OPR INT
2025-04-24,2025,4,XCL,0.0,2025,0.0,B.OPR INT
2025-04-25,2025,4,KSL,0.0,2025,0.0,B.OPR INT
2025-04-26,2025,4,ACL,0.0,2025,0.0,B.OPR INT
2025-04-27,2025,4,ESL,0.0,2025,0.0,B.OPR INT
2025-05-04,2025,5,CMA,0.0,2025,98500.0,B.OPR INT
2025-05-05,2025,5,MSK,0.0,2025,78261.0,B.OPR INT
2025-05-06,2025,5,EMC,0.0,2025,73170.0,B.OPR INT
2025-05-07,2025,5,ONE,0.0,2025,69801.0,B.OPR INT
2025-05-08,2025,5,COSCO,0.0,2025,60170.0,B.OPR INT
2025-05-09,2025,5,MSC,0.0,2025,65811.0,B.OPR INT
2025-05-10,2025,5,OOCL,0.0,2025,31814.0,B.OPR INT
2025-05-11,2025,5,WHL,0.0,2025,28131.0,B.OPR INT
2025-05-12,2025,5,SITC,0.0,2025,20785.0,B.OPR INT
2025-05-13,2025,5,RCL,0.0,2025,15792.0,B.OPR INT
2025-05-14,2025,5,HAPAG,0.0,2025,15109.0,B.OPR INT
2025-05-15,2025,5,YML,0.0,2025,9488.0,B.OPR INT
2025-05-16,2025,5,KMTC,0.0,2025,9578.0,B.OPR INT
2025-05-17,2025,5,GSL,0.0,2025,7437.0,B.OPR INT
2025-05-18,2025,5,SSL,0.0,2025,6828.0,B.OPR INT
2025-05-19,2025,5,PIL,0.0,2025,6126.0,B.OPR INT
2025-05-20,2025,5,TSL,0.0,2025,7186.0,B.OPR INT
2025-05-21,2025,5,NSS,0.0,2025,5171.0,B.OPR INT
2025-05-22,2025,5,OTHERS,0.0,2025,3846.0,B.OPR INT
2025-05-23,2025,5,XCL,0.0,2025,3453.0,B.OPR INT
2025-05-24,2025,5,HMM,0.0,2025,2422.0,B.OPR INT
2025-05-25,2025,5,MELL,0.0,2025,696.0,B.OPR INT
2025-05-26,2025,5,SWI,0.0,2025,663.0,B.OPR INT
2025-05-27,2025,5,KRL,0.0,2025,0.0,B.OPR INT
2025-05-28,2025,5,BEN,0.0,2025,0.0,B.OPR INT
2025-05-29,2025,5,KSL,0.0,2025,0.0,B.OPR INT
2025-06-01,2025,6,CMA,0.0,2025,119165.0,B.OPR INT
2025-06-01,2025,6,MSK,0.0,2025,95879.0,B.OPR INT
2025-06-01,2025,6,EMC,0.0,2025,85261.0,B.OPR INT
2025-06-01,2025,6,ONE,0.0,2025,83035.0,B.OPR INT
2025-06-01,2025,6,COSCO,0.0,2025,71899.0,B.OPR INT
2025-06-01,2025,6,MSC,0.0,2025,82279.0,B.OPR INT
2025-06-01,2025,6,OOCL,0.0,2025,38056.0,B.OPR INT
2025-06-01,2025,6,WHL,0.0,2025,33664.0,B.OPR INT
2025-06-01,2025,6,SITC,0.0,2025,25339.0,B.OPR INT
2025-06-01,2025,6,RCL,0.0,2025,18116.0,B.OPR INT
2025-06-01,2025,6,HAPAG,0.0,2025,17978.0,B.OPR INT
2025-06-01,2025,6,YML,0.0,2025,11015.0,B.OPR INT
2025-06-01,2025,6,KMTC,0.0,2025,11229.0,B.OPR INT
2025-06-01,2025,6,GSL,0.0,2025,8323.0,B.OPR INT
2025-06-01,2025,6,SSL,0.0,2025,8150.0,B.OPR INT
2025-06-01,2025,6,PIL,0.0,2025,7332.0,B.OPR INT
2025-06-01,2025,6,TSL,0.0,2025,8758.0,B.OPR INT
2025-06-01,2025,6,NSS,0.0,2025,6402.0,B.OPR INT
2025-06-02,2025,6,OTHERS,0.0,2025,4873.0,B.OPR INT
2025-06-03,2025,6,XCL,0.0,2025,4258.0,B.OPR INT
2025-06-04,2025,6,HMM,0.0,2025,3015.0,B.OPR INT
2025-06-05,2025,6,MELL,0.0,2025,962.0,B.OPR INT
2025-06-06,2025,6,SWI,0.0,2025,958.0,B.OPR INT
2025-06-07,2025,6,KRL,0.0,2025,0.0,B.OPR INT
2025-06-08,2025,6,BEN,0.0,2025,0.0,B.OPR INT
2025-06-09,2025,6,KSL,0.0,2025,0.0,B.OPR INT
2025-07-01,2025,7,OOCL,0.0,2025,28403.0,B.OPR INT
2025-07-01,2025,7,RCL,0.0,2025,6304.0,B.OPR INT
2025-07-01,2025,7,SITC,0.0,2025,28252.0,B.OPR INT
2025-07-01,2025,7,HAPAG,0.0,2025,0.0,B.OPR INT
2025-07-01,2025,7,YML,0.0,2025,9223.0,B.OPR INT
2025-07-01,2025,7,KMTC,0.0,2025,13362.0,B.OPR INT
2025-07-01,2025,7,OTHER,0.0,2025,613902.0,B.OPR INT
2025-07-01,2025,7,GSL,0.0,2025,10818.0,B.OPR INT
2025-07-01,2025,7,SSL,0.0,2025,147788.0,B.OPR INT
2025-07-01,2025,7,PIL,0.0,2025,4109.0,B.OPR INT
2025-07-01,2025,7,ANL,0.0,2025,6010.0,B.OPR INT
2025-07-01,2025,7,HMM,0.0,2025,0.0,B.OPR INT
2025-07-01,2025,7,XCL,0.0,2025,1055.0,B.OPR INT
2025-07-01,2025,7,MELL,0.0,2025,0.0,B.OPR INT
2025-07-01,2025,7,KRL,0.0,2025,0.0,B.OPR INT
2025-07-01,2025,7,KSL,0.0,2025,0.0,B.OPR INT
2025-08-01,2025,8,CMA,0.0,2025,175722.0,B.OPR INT
2025-08-01,2025,8,EMC,0.0,2025,118712.0,B.OPR INT
2025-08-01,2025,8,MSK,0.0,2025,146874.0,B.OPR INT
2025-08-01,2025,8,MSC,0.0,2025,93584.0,B.OPR INT
2025-08-01,2025,8,ONE,0.0,2025,20448.0,B.OPR INT
2025-08-01,2025,8,WHL,0.0,2025,41015.0,B.OPR INT
2025-08-01,2025,8,COSCO,0.0,2025,71988.0,B.OPR INT
2025-08-01,2025,8,OOCL,0.0,2025,35929.0,B.OPR INT
2025-08-01,2025,8,RCL,0.0,2025,7278.0,B.OPR INT
2025-08-01,2025,8,SITC,0.0,2025,32300.0,B.OPR INT
2025-08-01,2025,8,HAPAG,0.0,2025,0.0,B.OPR INT
2025-08-01,2025,8,YML,0.0,2025,10341.0,B.OPR INT
2025-08-01,2025,8,KMTC,0.0,2025,15193.0,B.OPR INT
2025-08-01,2025,8,OTHER,0.0,2025,959929.0,B.OPR INT
2025-08-01,2025,8,GSL,0.0,2025,12265.0,B.OPR INT
2025-08-01,2025,8,SSL,0.0,2025,166221.0,B.OPR INT
2025-08-01,2025,8,PIL,0.0,2025,6056.0,B.OPR INT
2025-08-01,2025,8,ANL,0.0,2025,6657.0,B.OPR INT
2025-08-01,2025,8,HMM,0.0,2025,1590.0,B.OPR INT
2025-08-01,2025,8,XCL,0.0,2025,1055.0,B.OPR INT
2025-08-01,2025,8,MELL,0.0,2025,0.0,B.OPR INT
2025-08-01,2025,8,BEN,0.0,2025,2757.0,B.OPR INT
2025-08-01,2025,8,KRL,0.0,2025,0.0,B.OPR INT
2025-09-01,2025,9,CMA,0.0,2025,192255.0,B.OPR INT
2025-09-01,2025,9,EMC,0.0,2025,132377.0,B.OPR INT
2025-09-01,2025,9,MSK,0.0,2025,168954.0,B.OPR INT
2025-09-01,2025,9,MSC,0.0,2025,105144.0,B.OPR INT
2025-09-01,2025,9,ONE,0.0,2025,23077.0,B.OPR INT
2025-09-01,2025,9,WHL,0.0,2025,45695.0,B.OPR INT
2025-09-01,2025,9,COSCO,0.0,2025,81077.0,B.OPR INT
2025-09-01,2025,9,OOCL,0.0,2025,43695.0,B.OPR INT
2025-09-01,2025,9,RCL,0.0,2025,7278.0,B.OPR INT
2025-09-01,2025,9,SITC,0.0,2025,36517.0,B.OPR INT
2025-09-01,2025,9,HAPAG,0.0,2025,0.0,B.OPR INT
2025-09-01,2025,9,YML,0.0,2025,11521.0,B.OPR INT
2025-09-01,2025,9,KMTC,0.0,2025,17166.0,B.OPR INT
2025-09-01,2025,9,OTHER,0.0,2025,0.0,B.OPR INT
2025-09-01,2025,9,GSL,0.0,2025,15252.0,B.OPR INT
2025-09-01,2025,9,SSL,0.0,2025,182147.0,B.OPR INT
2025-09-01,2025,9,PIL,0.0,2025,10744.0,B.OPR INT
2025-09-01,2025,9,ANL,0.0,2025,8383.0,B.OPR INT
2025-09-01,2025,9,HMM,0.0,2025,3204.0,B.OPR INT
2025-09-01,2025,9,XCL,0.0,2025,3804.0,B.OPR INT
2025-09-01,2025,9,MELL,0.0,2025,0.0,B.OPR INT
2025-09-01,2025,9,BEN,0.0,2025,3152.0,B.OPR INT
2025-09-01,2025,9,KRL,0.0,2025,0.0,B.OPR INT
2025-10-01,2025,10,CMA,0.0,2025,201281.0,B.OPR INT
2025-10-01,2025,10,EMC,0.0,2025,149275.0,B.OPR INT
2025-10-01,2025,10,MSK,0.0,2025,169291.0,B.OPR INT
2025-10-01,2025,10,MSC,0.0,2025,144630.0,B.OPR INT
2025-10-01,2025,10,ONE,0.0,2025,144325.0,B.OPR INT
2025-10-01,2025,10,WHL,0.0,2025,49305.0,B.OPR INT
2025-10-01,2025,10,COSCO,0.0,2025,107188.0,B.OPR INT
2025-10-01,2025,10,OOCL,0.0,2025,66343.0,B.OPR INT
2025-10-01,2025,10,RCL,0.0,2025,28464.0,B.OPR INT
2025-10-01,2025,10,SITC,0.0,2025,42025.0,B.OPR INT
2025-10-01,2025,10,HAPAG,0.0,2025,29804.0,B.OPR INT
2025-10-01,2025,10,YML,0.0,2025,17516.0,B.OPR INT
2025-10-01,2025,10,KMTC,0.0,2025,17580.0,B.OPR INT
2025-10-01,2025,10,OTHER,0.0,2025,10182.0,B.OPR INT
2025-10-01,2025,10,GSL,0.0,2025,13395.0,B.OPR INT
2025-10-01,2025,10,SSL,0.0,2025,14520.0,B.OPR INT
2025-10-01,2025,10,PIL,0.0,2025,21139.0,B.OPR INT
2025-10-01,2025,10,ANL,0.0,2025,0.0,B.OPR INT
2025-10-01,2025,10,HMM,0.0,2025,8505.0,B.OPR INT
2025-10-01,2025,10,XCL,0.0,2025,8521.0,B.OPR INT
2025-10-01,2025,10,MELL,0.0,2025,1286.0,B.OPR INT
2025-10-01,2025,10,BEN,0.0,2025,0.0,B.OPR INT
2025-10-01,2025,10,KRL,0.0,2025,0.0,B.OPR INT
2025-11-01,2025,11,CMA,0.0,2025,224321.0,B.OPR INT
2025-11-01,2025,11,EMC,0.0,2025,163599.0,B.OPR INT
2025-11-01,2025,11,MSK,0.0,2025,186203.0,B.OPR INT
2025-11-01,2025,11,MSC,0.0,2025,161433.0,B.OPR INT
2025-11-01,2025,11,ONE,0.0,2025,157628.0,B.OPR INT
2025-11-01,2025,11,WHL,0.0,2025,50854.0,B.OPR INT
2025-11-01,2025,11,COSCO,0.0,2025,112977.0,B.OPR INT
2025-11-01,2025,11,OOCL,0.0,2025,72554.0,B.OPR INT
2025-11-01,2025,11,RCL,0.0,2025,30945.0,B.OPR INT
2025-11-01,2025,11,HAPAG,0.0,2025,32870.0,B.OPR INT
2025-11-01,2025,11,SITC,0.0,2025,46291.0,B.OPR INT
2025-11-01,2025,11,KMTC,0.0,2025,18542.0,B.OPR INT
2025-11-01,2025,11,YML,0.0,2025,19323.0,B.OPR INT
2025-11-01,2025,11,GSL,0.0,2025,14590.0,B.OPR INT
2025-11-01,2025,11,OTHER,0.0,2025,14285.0,B.OPR INT
2025-11-01,2025,11,SSL,0.0,2025,16249.0,B.OPR INT
2025-11-01,2025,11,PIL,0.0,2025,25101.0,B.OPR INT
2025-11-01,2025,11,ANL,0.0,2025,0.0,B.OPR INT
2025-11-01,2025,11,HMM,0.0,2025,9790.0,B.OPR INT
2025-11-01,2025,11,XCL,0.0,2025,9647.0,B.OPR INT
2025-11-01,2025,11,MELL,0.0,2025,1382.0,B.OPR INT
2025-11-01,2025,11,BEN,0.0,2025,0.0,B.OPR INT
2025-11-01,2025,11,KRL,0.0,2025,0.0,B.OPR INT
2025-12-01,2025,12,CMA,0.0,2025,20623.0,B.OPR INT
2025-12-01,2025,12,MSK,0.0,2025,16574.0,B.OPR INT
2025-12-01,2025,12,EMC,0.0,2025,17441.0,B.OPR INT
2025-12-01,2025,12,MSC,0.0,2025,16259.0,B.OPR INT
2025-12-01,2025,12,ONE,0.0,2025,13030.0,B.OPR INT
2025-12-01,2025,12,COSCO,0.0,2025,5216.0,B.OPR INT
2025-12-01,2025,12,OOCL,0.0,2025,7217.0,B.OPR INT
2025-12-01,2025,12,WHL,0.0,2025,1851.0,B.OPR INT
2025-12-01,2025,12,SITC,0.0,2025,4186.0,B.OPR INT
2025-12-01,2025,12,HAPAG,0.0,2025,3335.0,B.OPR INT
2025-12-01,2025,12,RCL,0.0,2025,3625.0,B.OPR INT
2025-12-01,2025,12,PIL,0.0,2025,4410.0,B.OPR INT
2025-12-01,2025,12,YML,0.0,2025,2017.0,B.OPR INT
2025-12-01,2025,12,KMTC,0.0,2025,1535.0,B.OPR INT
2025-12-01,2025,12,OTHERS,0.0,2025,5507.0,B.OPR INT
2025-12-01,2025,12,TSL,0.0,2025,1797.0,B.OPR INT
2025-12-01,2025,12,SSL,0.0,2025,1491.0,B.OPR INT
2025-12-01,2025,12,GSL,0.0,2025,1334.0,B.OPR INT
2025-12-01,2025,12,NSS,0.0,2025,1402.0,B.OPR INT
2025-12-01,2025,12,HMM,0.0,2025,1904.0,B.OPR INT
2025-12-01,2025,12,XCL,0.0,2025,981.0,B.OPR INT
2025-12-01,2025,12,SWI,0.0,2025,199.0,B.OPR INT
2025-12-01,2025,12,MELL,0.0,2025,82.0,B.OPR INT
2025-12-02,2025,12,KRL,0.0,2025,0.0,B.OPR INT
2026-01-01,2026,1,CMA,0.1683,2025,0.0,B.OPR INT
2026-01-02,2026,1,EMC,0.1768,2025,0.0,B.OPR INT
2026-01-03,2026,1,MSK,0.0499,2025,0.0,B.OPR INT
2026-01-04,2026,1,MSC,0.4508,2025,0.0,B.OPR INT
2026-01-05,2026,1,ONE,-0.0993,2025,0.0,B.OPR INT
2026-01-06,2026,1,COSCO,-0.4347,2025,0.0,B.OPR INT
2026-01-07,2026,1,OOCL,-0.1427,2025,0.0,B.OPR INT
2026-01-08,2026,1,PIL,1.6793,2025,0.0,B.OPR INT
2026-01-09,2026,1,HAPAG,-0.0732,2025,0.0,B.OPR INT
2026-01-10,2026,1,SITC,-0.3406,2025,0.0,B.OPR INT
2026-01-11,2026,1,WHL,-0.5851,2025,0.0,B.OPR INT
2026-01-12,2026,1,RCL,-0.2345,2025,0.0,B.OPR INT
2026-01-13,2026,1,YML,-0.0046,2025,0.0,B.OPR INT
2026-01-14,2026,1,SSL,0.2373,2025,0.0,B.OPR INT
2026-01-15,2026,1,KMTC,-0.2787,2025,0.0,B.OPR INT
2026-01-16,2026,1,TSL,0.0,2025,0.0,B.OPR INT
2026-01-17,2026,1,HMM,1.7778,2025,0.0,B.OPR INT
2026-01-18,2026,1,GSL,-0.231,2025,0.0,B.OPR INT
2026-01-19,2026,1,OTHERS,0.1077,2025,0.0,B.OPR INT
2026-01-20,2026,1,XCL,0.4459,2025,0.0,B.OPR INT
2026-01-21,2026,1,NSS,0.0,2025,0.0,B.OPR INT
2026-01-22,2026,1,SWI,9.5769,2025,0.0,B.OPR INT
2026-01-23,2026,1,MELL,-0.465,2025,0.0,B.OPR INT
2026-01-24,2026,1,KRL,0.0,2025,0.0,B.OPR INT
2026-01-25,2026,1,BEN,0.0,2025,0.0,B.OPR INT
2026-01-26,2026,1,KSL,0.0,2025,0.0,B.OPR INT
2024-01-01,2024,1,CMA,0.1715,2026,0.0,B.OPR INT
2024-01-02,2024,1,EMC,0.0886,2026,0.0,B.OPR INT
2024-01-03,2024,1,MSC,-0.0329,2026,0.0,B.OPR INT
2024-01-04,2024,1,ONE,-0.1184,2026,0.0,B.OPR INT
2024-01-05,2024,1,MSK,-0.2962,2026,0.0,B.OPR INT
2024-01-06,2024,1,WHL,0.1297,2026,0.0,B.OPR INT
2024-01-07,2024,1,COSCO,-0.354,2026,0.0,B.OPR INT
2024-01-08,2024,1,OOCL,0.0457,2026,0.0,B.OPR INT
2024-01-09,2024,1,RCL,4.4919,2026,0.0,B.OPR INT
2024-01-10,2024,1,SITC,-0.2173,2026,0.0,B.OPR INT
2024-01-11,2024,1,HPL,0.3761,2026,0.0,B.OPR INT
2024-01-12,2024,1,YML,0.149,2026,0.0,B.OPR INT
2024-01-13,2024,1,KMTC,-0.4946,2026,0.0,B.OPR INT
2024-01-14,2024,1,GSL,0.2926,2026,0.0,B.OPR INT
2024-01-15,2024,1,PIL,-0.565,2026,0.0,B.OPR INT
2024-01-16,2024,1,SSL,-0.6106,2026,0.0,B.OPR INT
2024-01-17,2024,1,HMM,-0.7255,2026,0.0,B.OPR INT
2024-01-18,2024,1,ANL,0.0,2026,0.0,B.OPR INT
2024-01-19,2024,1,XCL,-0.8709,2026,0.0,B.OPR INT
2024-01-20,2024,1,KRL,0.0,2026,0.0,B.OPR INT
2024-01-21,2024,1,KSL,0.0,2026,0.0,B.OPR INT
2024-01-22,2024,1,MELL,-1.0,2026,0.0,B.OPR INT
2024-01-23,2024,1,OTHER,0.3805,2026,0.0,B.OPR INT
2024-02-01,2024,2,EMC,0.0124,2026,0.0,B.OPR INT
2024-02-02,2024,2,CMA,0.0298,2026,0.0,B.OPR INT
2024-02-03,2024,2,MSK,-0.1471,2026,0.0,B.OPR INT
2024-02-04,2024,2,ONE,-0.0679,2026,0.0,B.OPR INT
2024-02-05,2024,2,MSC,-0.1306,2026,0.0,B.OPR INT
2024-02-06,2024,2,COSCO,-0.4033,2026,0.0,B.OPR INT
2024-02-07,2024,2,WHL,0.0234,2026,0.0,B.OPR INT
2024-02-08,2024,2,OOCL,0.2074,2026,0.0,B.OPR INT
2024-02-09,2024,2,RCL,5.4166,2026,0.0,B.OPR INT
2024-02-10,2024,2,OTHER,0.4733,2026,0.0,B.OPR INT
2024-02-11,2024,2,SITC,-0.189,2026,0.0,B.OPR INT
2024-02-12,2024,2,HAPAG,0.48,2026,0.0,B.OPR INT
2024-02-13,2024,2,YML,0.2725,2026,0.0,B.OPR INT
2024-02-14,2024,2,KMTC,-0.3693,2026,0.0,B.OPR INT
2024-02-15,2024,2,GSL,0.3486,2026,0.0,B.OPR INT
2024-02-16,2024,2,PIL,-0.4338,2026,0.0,B.OPR INT
2024-02-17,2024,2,SSL,-0.5488,2026,0.0,B.OPR INT
2024-02-18,2024,2,ANL,0.0,2026,0.0,B.OPR INT
2024-02-19,2024,2,HMM,-0.7196,2026,0.0,B.OPR INT
2024-02-20,2024,2,XCL,-0.8162,2026,0.0,B.OPR INT
2024-02-21,2024,2,MELL,-0.6935,2026,0.0,B.OPR INT
2024-02-22,2024,2,KRL,-0.6602,2026,0.0,B.OPR INT
2024-02-23,2024,2,KSL,0.0,2026,0.0,B.OPR INT
2024-03-01,2024,3,EMC,0.1285,2026,0.0,B.OPR INT
2024-03-02,2024,3,CMA,0.2425,2026,0.0,B.OPR INT
2024-03-03,2024,3,MSK,-0.123,2026,0.0,B.OPR INT
2024-03-04,2024,3,ONE,-0.0312,2026,0.0,B.OPR INT
2024-03-05,2024,3,MSC,-0.0996,2026,0.0,B.OPR INT
2024-03-06,2024,3,WHL,0.4138,2026,0.0,B.OPR INT
2024-03-07,2024,3,COSCO,-0.3562,2026,0.0,B.OPR INT
2024-03-08,2024,3,OOCL,0.2248,2026,0.0,B.OPR INT
2024-03-09,2024,3,OTHER,0.2284,2026,0.0,B.OPR INT
2024-03-10,2024,3,RCL,2.7354,2026,0.0,B.OPR INT
2024-03-11,2024,3,HAPAG,0.4762,2026,0.0,B.OPR INT
2024-03-12,2024,3,SITC,-0.1476,2026,0.0,B.OPR INT
2024-03-13,2024,3,YML,0.0555,2026,0.0,B.OPR INT
2024-03-14,2024,3,KMTC,-0.3166,2026,0.0,B.OPR INT
2024-03-15,2024,3,GSL,0.5316,2026,0.0,B.OPR INT
2024-03-16,2024,3,PIL,-0.4505,2026,0.0,B.OPR INT
2024-03-17,2024,3,SSL,-0.4181,2026,0.0,B.OPR INT
2024-03-18,2024,3,ANL,0.0,2026,0.0,B.OPR INT
2024-03-19,2024,3,HMM,-0.6865,2026,0.0,B.OPR INT
2024-03-20,2024,3,XCL,-0.8217,2026,0.0,B.OPR INT
2024-03-21,2024,3,MELL,0.3011,2026,0.0,B.OPR INT
2024-03-22,2024,3,KRL,-0.375,2026,0.0,B.OPR INT
2024-03-23,2024,3,KSL,0.0,2026,0.0,B.OPR INT
2024-04-01,2024,4,CMA,0.2241,2026,0.0,B.OPR INT
2024-04-02,2024,4,EMC,0.0094,2026,0.0,B.OPR INT
2024-04-03,2024,4,MSK,-0.1511,2026,0.0,B.OPR INT
2024-04-04,2024,4,ONE,-0.05,2026,0.0,B.OPR INT
2024-04-05,2024,4,MSC,-0.0495,2026,0.0,B.OPR INT
2024-04-06,2024,4,WHL,0.3763,2026,0.0,B.OPR INT
2024-04-07,2024,4,COSCO,-0.3937,2026,0.0,B.OPR INT
2024-04-08,2024,4,OOCL,0.2169,2026,0.0,B.OPR INT
2024-04-09,2024,4,OTHER,0.8949,2026,0.0,B.OPR INT
2024-04-10,2024,4,RCL,1.1752,2026,0.0,B.OPR INT
2024-04-11,2024,4,SITC,-0.1267,2026,0.0,B.OPR INT
2024-04-12,2024,4,HAPAG,0.4219,2026,0.0,B.OPR INT
2024-04-13,2024,4,YML,0.0618,2026,0.0,B.OPR INT
2024-04-14,2024,4,KMTC,-0.2766,2026,0.0,B.OPR INT
2024-04-15,2024,4,GSL,0.8091,2026,0.0,B.OPR INT
2024-04-16,2024,4,PIL,-0.5236,2026,0.0,B.OPR INT
2024-04-17,2024,4,SSL,-0.3891,2026,0.0,B.OPR INT
2024-04-18,2024,4,ANL,0.0,2026,0.0,B.OPR INT
2024-04-19,2024,4,HMM,-0.7081,2026,0.0,B.OPR INT
2024-04-20,2024,4,XCL,-0.8106,2026,0.0,B.OPR INT
2024-04-21,2024,4,MELL,-0.2708,2026,0.0,B.OPR INT
2024-04-22,2024,4,SWI,0.0,2026,0.0,B.OPR INT
2024-04-23,2024,4,KRL,-0.375,2026,0.0,B.OPR INT
2024-04-24,2024,4,KSL,0.0,2026,0.0,B.OPR INT
2024-05-01,2024,5,CMA,0.3162,2026,0.0,B.OPR INT
2024-05-02,2024,5,EMC,0.1267,2026,0.0,B.OPR INT
2024-05-03,2024,5,MSK,-0.1154,2026,0.0,B.OPR INT
2024-05-04,2024,5,MSC,0.081,2026,0.0,B.OPR INT
2024-05-05,2024,5,ONE,-0.0002,2026,0.0,B.OPR INT
2024-05-06,2024,5,WHL,0.4259,2026,0.0,B.OPR INT
2024-05-07,2024,5,COSCO,-0.363,2026,0.0,B.OPR INT
2024-05-08,2024,5,OOCL,0.2226,2026,0.0,B.OPR INT
2024-05-09,2024,5,RCL,1.1604,2026,0.0,B.OPR INT
2024-05-10,2024,5,SITC,-0.0869,2026,0.0,B.OPR INT
2024-05-11,2024,5,HAPAG,0.4424,2026,0.0,B.OPR INT
2024-05-12,2024,5,YML,0.0746,2026,0.0,B.OPR INT
2024-05-13,2024,5,KMTC,-0.0971,2026,0.0,B.OPR INT
2024-05-14,2024,5,TSL,0.0,2026,0.0,B.OPR INT
2024-05-15,2024,5,OTHER,-0.1349,2026,0.0,B.OPR INT
2024-05-16,2024,5,GSL,0.9304,2026,0.0,B.OPR INT
2024-05-17,2024,5,PIL,-0.5055,2026,0.0,B.OPR INT
2024-05-18,2024,5,SSL,-0.3792,2026,0.0,B.OPR INT
2024-05-19,2024,5,ANL,0.0,2026,0.0,B.OPR INT
2024-05-20,2024,5,HMM,-0.6616,2026,0.0,B.OPR INT
2024-05-21,2024,5,XCL,-0.7792,2026,0.0,B.OPR INT
2024-05-22,2024,5,MELL,-0.2077,2026,0.0,B.OPR INT
2024-05-23,2024,5,KRL,-0.7799,2026,0.0,B.OPR INT
2024-05-24,2024,5,KSL,-1.0,2026,0.0,B.OPR INT
2024-06-01,2024,6,CMA,0.1997,2026,0.0,B.OPR INT
2024-06-01,2024,6,EMC,0.1077,2026,0.0,B.OPR INT
2024-06-01,2024,6,MSK,-0.0545,2026,0.0,B.OPR INT
2024-06-01,2024,6,MSC,0.0995,2026,0.0,B.OPR INT
2024-06-01,2024,6,ONE,0.0145,2026,0.0,B.OPR INT
2024-06-01,2024,6,WHL,0.3785,2026,0.0,B.OPR INT
2024-06-01,2024,6,COSCO,-0.3647,2026,0.0,B.OPR INT
2024-06-01,2024,6,OOCL,0.1792,2026,0.0,B.OPR INT
2024-06-01,2024,6,RCL,0.7739,2026,0.0,B.OPR INT
2024-06-01,2024,6,SITC,-0.0295,2026,0.0,B.OPR INT
2024-06-01,2024,6,HAPAG,0.4066,2026,0.0,B.OPR INT
2024-06-01,2024,6,YML,0.1132,2026,0.0,B.OPR INT
2024-06-01,2024,6,KMTC,0.0802,2026,0.0,B.OPR INT
2024-06-01,2024,6,OTHER,-0.1663,2026,0.0,B.OPR INT
2024-06-01,2024,6,GSL,0.7858,2026,0.0,B.OPR INT
2024-06-01,2024,6,SSL,-0.327,2026,0.0,B.OPR INT
2024-06-01,2024,6,PIL,-0.4818,2026,0.0,B.OPR INT
2024-06-01,2024,6,ANL,0.0,2026,0.0,B.OPR INT
2024-06-01,2024,6,HMM,-0.6125,2026,0.0,B.OPR INT
2024-06-01,2024,6,XCL,-0.7684,2026,0.0,B.OPR INT
2024-06-21,2024,6,MELL,0.4899,2026,0.0,B.OPR INT
2024-06-01,2024,6,KRL,-0.8627,2026,0.0,B.OPR INT
2024-06-01,2024,6,KSL,-1.0,2026,0.0,B.OPR INT
2024-06-01,2024,6,SWI,0.0,2026,0.0,B.OPR INT
2024-07-01,2024,7,CMA,0.2119,2026,0.0,B.OPR INT
2024-07-01,2024,7,EMC,0.1216,2026,0.0,B.OPR INT
2024-07-01,2024,7,MSK,-0.0203,2026,0.0,B.OPR INT
2024-07-01,2024,7,MSC,0.1355,2026,0.0,B.OPR INT
2024-07-01,2024,7,ONE,0.0362,2026,0.0,B.OPR INT
2024-07-01,2024,7,WHL,0.3907,2026,0.0,B.OPR INT
2024-07-01,2024,7,COSCO,-0.3758,2026,0.0,B.OPR INT
2024-07-01,2024,7,OOCL,0.1469,2026,0.0,B.OPR INT
2024-07-01,2024,7,RCL,0.7454,2026,0.0,B.OPR INT
2024-07-01,2024,7,SITC,-0.02,2026,0.0,B.OPR INT
2024-07-01,2024,7,HAPAG,0.3908,2026,0.0,B.OPR INT
2024-07-01,2024,7,YML,0.0336,2026,0.0,B.OPR INT
2024-07-01,2024,7,KMTC,0.1323,2026,0.0,B.OPR INT
2024-07-01,2024,7,OTHER,-0.2383,2026,0.0,B.OPR INT
2024-07-01,2024,7,GSL,0.5251,2026,0.0,B.OPR INT
2024-07-01,2024,7,SSL,-0.2514,2026,0.0,B.OPR INT
2024-07-01,2024,7,PIL,-0.4398,2026,0.0,B.OPR INT
2024-07-01,2024,7,ANL,0.0,2026,0.0,B.OPR INT
2024-07-01,2024,7,HMM,-0.545,2026,0.0,B.OPR INT
2024-07-01,2024,7,XCL,-0.7305,2026,0.0,B.OPR INT
2024-07-01,2024,7,MELL,1.741,2026,0.0,B.OPR INT
2024-07-01,2024,7,KRL,-0.8627,2026,0.0,B.OPR INT
2024-07-01,2024,7,KSL,-1.0,2026,0.0,B.OPR INT
2024-08-01,2024,8,CMA,0.1532,2026,0.0,B.OPR INT
2024-08-01,2024,8,EMC,0.1453,2026,0.0,B.OPR INT
2024-08-01,2024,8,MSK,-0.0285,2026,0.0,B.OPR INT
2024-08-01,2024,8,MSC,0.1464,2026,0.0,B.OPR INT
2024-08-01,2024,8,ONE,0.077,2026,0.0,B.OPR INT
2024-08-01,2024,8,WHL,0.3737,2026,0.0,B.OPR INT
2024-08-01,2024,8,COSCO,-0.3912,2026,0.0,B.OPR INT
2024-08-01,2024,8,OOCL,0.1282,2026,0.0,B.OPR INT
2024-08-01,2024,8,RCL,0.5548,2026,0.0,B.OPR INT
2024-08-01,2024,8,SITC,-0.0411,2026,0.0,B.OPR INT
2024-08-01,2024,8,HAPAG,0.4112,2026,0.0,B.OPR INT
2024-08-01,2024,8,YML,0.0405,2026,0.0,B.OPR INT
2024-08-01,2024,8,KMTC,0.1419,2026,0.0,B.OPR INT
2024-08-01,2024,8,OTHER,-0.3248,2026,0.0,B.OPR INT
2024-08-01,2024,8,GSL,0.4928,2026,0.0,B.OPR INT
2024-08-01,2024,8,SSL,-0.1864,2026,0.0,B.OPR INT
2024-08-01,2024,8,PIL,-0.4198,2026,0.0,B.OPR INT
2024-08-01,2024,8,ANL,0.0,2026,0.0,B.OPR INT
2024-08-01,2024,8,HMM,-0.5262,2026,0.0,B.OPR INT
2024-08-01,2024,8,XCL,-0.6743,2026,0.0,B.OPR INT
2024-08-01,2024,8,MELL,1.2692,2026,0.0,B.OPR INT
2024-08-01,2024,8,BEN,0.0,2026,0.0,B.OPR INT
2024-08-01,2024,8,KRL,-0.9128,2026,0.0,B.OPR INT
2024-09-01,2024,9,CMA,0.142,2026,0.0,B.OPR INT
2024-09-01,2024,9,EMC,0.182,2026,0.0,B.OPR INT
2024-09-01,2024,9,MSK,0.0122,2026,0.0,B.OPR INT
2024-09-01,2024,9,MSC,0.2451,2026,0.0,B.OPR INT
2024-09-01,2024,9,ONE,0.0854,2026,0.0,B.OPR INT
2024-09-01,2024,9,WHL,0.3652,2026,0.0,B.OPR INT
2024-09-01,2024,9,COSCO,-0.3816,2026,0.0,B.OPR INT
2024-09-01,2024,9,OOCL,0.0832,2026,0.0,B.OPR INT
2024-09-01,2024,9,RCL,0.4654,2026,0.0,B.OPR INT
2024-09-01,2024,9,SITC,-0.0096,2026,0.0,B.OPR INT
2024-09-01,2024,9,HAPAG,0.4365,2026,0.0,B.OPR INT
2024-09-01,2024,9,YML,-0.0045,2026,0.0,B.OPR INT
2024-09-01,2024,9,KMTC,0.1497,2026,0.0,B.OPR INT
2024-09-01,2024,9,OTHER,-0.3834,2026,0.0,B.OPR INT
2024-09-01,2024,9,GSL,0.4436,2026,0.0,B.OPR INT
2024-09-01,2024,9,SSL,-0.1248,2026,0.0,B.OPR INT
2024-09-01,2024,9,PIL,-0.3796,2026,0.0,B.OPR INT
2024-09-01,2024,9,ANL,0.0,2026,0.0,B.OPR INT
2024-09-01,2024,9,HMM,-0.5059,2026,0.0,B.OPR INT
2024-09-01,2024,9,XCL,-0.6249,2026,0.0,B.OPR INT
2024-09-01,2024,9,MELL,1.3881,2026,0.0,B.OPR INT
2024-09-01,2024,9,BEN,0.0,2026,0.0,B.OPR INT
2024-09-01,2024,9,KRL,-0.9128,2026,0.0,B.OPR INT
2024-10-01,2024,10,CMA,0.0,2026,0.0,B.OPR INT
2024-10-01,2024,10,MSK,0.0,2026,0.0,B.OPR INT
2024-10-01,2024,10,EMC,0.0,2026,0.0,B.OPR INT
2024-10-01,2024,10,ONE,0.0,2026,0.0,B.OPR INT
2024-10-01,2024,10,COSCO,0.0,2026,0.0,B.OPR INT
2024-10-01,2024,10,MSC,0.0,2026,0.0,B.OPR INT
2024-10-01,2024,10,OOCL,0.0,2026,0.0,B.OPR INT
2024-10-01,2024,10,WHL,0.0,2026,0.0,B.OPR INT
2024-10-01,2024,10,SITC,0.0,2026,0.0,B.OPR INT
2024-10-01,2024,10,RCL,0.0,2026,0.0,B.OPR INT
2024-10-01,2024,10,HAPAG,0.0,2026,0.0,B.OPR INT
2024-10-01,2024,10,GSL,0.0,2026,0.0,B.OPR INT
2024-10-01,2024,10,KMTC,0.0,2026,0.0,B.OPR INT
2024-10-01,2024,10,YML,0.0,2026,0.0,B.OPR INT
2024-10-01,2024,10,SSL,0.0,2026,0.0,B.OPR INT
2024-10-01,2024,10,TSL,0.0,2026,0.0,B.OPR INT
2024-10-01,2024,10,PIL,0.0,2026,0.0,B.OPR INT
2024-10-01,2024,10,NSS,0.0,2026,0.0,B.OPR INT
2024-10-01,2024,10,XCL,0.0,2026,0.0,B.OPR INT
2024-10-01,2024,10,HMM,0.0,2026,0.0,B.OPR INT
2024-10-01,2024,10,OTHER,0.0,2026,0.0,B.OPR INT
2024-10-01,2024,10,SWI,0.0,2026,0.0,B.OPR INT
2024-10-01,2024,10,MELL,0.0,2026,0.0,B.OPR INT
2024-11-01,2024,11,CMA,0.0388,2026,0.0,B.OPR INT
2024-11-01,2024,11,EMC,0.1965,2026,0.0,B.OPR INT
2024-11-01,2024,11,MSK,0.029,2026,0.0,B.OPR INT
2024-11-01,2024,11,MSC,0.2508,2026,0.0,B.OPR INT
2024-11-01,2024,11,ONE,0.1045,2026,0.0,B.OPR INT
2024-11-01,2024,11,WHL,0.3368,2026,0.0,B.OPR INT
2024-11-01,2024,11,COSCO,-0.3345,2026,0.0,B.OPR INT
2024-11-01,2024,11,OOCL,0.0334,2026,0.0,B.OPR INT
2024-11-01,2024,11,RCL,0.3365,2026,0.0,B.OPR INT
2024-11-01,2024,11,HAPAG,0.8146,2026,0.0,B.OPR INT
2024-11-01,2024,11,SITC,-0.005,2026,0.0,B.OPR INT
2024-11-01,2024,11,KMTC,0.1595,2026,0.0,B.OPR INT
2024-11-01,2024,11,YML,-0.0775,2026,0.0,B.OPR INT
2024-11-01,2024,11,GSL,0.3627,2026,0.0,B.OPR INT
2024-11-01,2024,11,OTHER,-0.4478,2026,0.0,B.OPR INT
2024-11-01,2024,11,SSL,-0.0298,2026,0.0,B.OPR INT
2024-11-01,2024,11,PIL,-0.3447,2026,0.0,B.OPR INT
2024-11-01,2024,11,ANL,0.0,2026,0.0,B.OPR INT
2024-11-01,2024,11,HMM,-0.4849,2026,0.0,B.OPR INT
2024-11-01,2024,11,XCL,-0.4773,2026,0.0,B.OPR INT
2024-11-01,2024,11,MELL,1.9228,2026,0.0,B.OPR INT
2024-11-01,2024,11,BEN,0.0,2026,0.0,B.OPR INT
2024-11-01,2024,11,KRL,-0.9389,2026,0.0,B.OPR INT
2024-12-01,2024,12,CMA,0.0224,2026,0.0,B.OPR INT
2024-12-01,2024,12,EMC,0.189,2026,0.0,B.OPR INT
2024-12-01,2024,12,MSK,0.0317,2026,0.0,B.OPR INT
2024-12-01,2024,12,MSC,0.2566,2026,0.0,B.OPR INT
2024-12-01,2024,12,ONE,0.1227,2026,0.0,B.OPR INT
2024-12-01,2024,12,WHL,0.2941,2026,0.0,B.OPR INT
2024-12-01,2024,12,COSCO,-0.3146,2026,0.0,B.OPR INT
2024-12-01,2024,12,OOCL,0.024,2026,0.0,B.OPR INT
2024-12-01,2024,12,RCL,0.3045,2026,0.0,B.OPR INT
2024-12-01,2024,12,HAPAG,0.3914,2026,0.0,B.OPR INT
2024-12-01,2024,12,SITC,0.0031,2026,0.0,B.OPR INT
2024-12-01,2024,12,KMTC,0.1681,2026,0.0,B.OPR INT
2024-12-01,2024,12,YML,-0.0918,2026,0.0,B.OPR INT
2024-12-01,2024,12,GSL,0.3369,2026,0.0,B.OPR INT
2024-12-01,2024,12,OTHER,-0.4429,2026,0.0,B.OPR INT
2024-12-01,2024,12,SSL,0.0397,2026,0.0,B.OPR INT
2024-12-01,2024,12,PIL,-0.313,2026,0.0,B.OPR INT
2024-12-01,2024,12,ANL,0.0,2026,0.0,B.OPR INT
2024-12-01,2024,12,HMM,-0.4585,2026,0.0,B.OPR INT
2024-12-01,2024,12,XCL,-0.4548,2026,0.0,B.OPR INT
2024-12-01,2024,12,MELL,1.9981,2026,0.0,B.OPR INT
2024-12-01,2024,12,BEN,0.0,2026,0.0,B.OPR INT
2024-12-01,2024,12,KRL,-0.969,2026,0.0,B.OPR INT
2025-01-01,2025,1,CMA,0.345,2026,0.0,B.OPR INT
2025-01-01,2025,1,EMC,0.2209,2026,0.0,B.OPR INT
2025-01-01,2025,1,MSC,0.4311,2026,0.0,B.OPR INT
2025-01-01,2025,1,ONE,0.1858,2026,0.0,B.OPR INT
2025-01-01,2025,1,MSK,-0.0318,2026,0.0,B.OPR INT
2025-01-01,2025,1,WHL,0.1905,2026,0.0,B.OPR INT
2025-01-01,2025,1,COSCO,-0.1293,2026,0.0,B.OPR INT
2025-01-01,2025,1,OOCL,0.0084,2026,0.0,B.OPR INT
2025-01-01,2025,1,RCL,0.3211,2026,0.0,B.OPR INT
2025-01-01,2025,1,SITC,0.1417,2026,0.0,B.OPR INT
2025-01-01,2025,1,HPL,0.0418,2026,0.0,B.OPR INT
2025-01-01,2025,1,YML,0.901,2026,0.0,B.OPR INT
2025-01-01,2025,1,KMTC,-0.184,2026,0.0,B.OPR INT
2025-01-01,2025,1,GSL,-0.3648,2026,0.0,B.OPR INT
2025-01-01,2025,1,PIL,1.0345,2026,0.0,B.OPR INT
2025-01-01,2025,1,SSL,-0.047,2026,0.0,B.OPR INT
2025-01-01,2025,1,HMM,0.3272,2026,0.0,B.OPR INT
2025-01-01,2025,1,ANL,1.1883,2026,0.0,B.OPR INT
2025-01-01,2025,1,XCL,0.5374,2026,0.0,B.OPR INT
2025-01-01,2025,1,KRL,2.1709,2026,0.0,B.OPR INT
2025-01-01,2025,1,KSL,0.0,2026,0.0,B.OPR INT
2025-01-01,2025,1,MELL,0.0,2026,0.0,B.OPR INT
2025-01-01,2025,1,OTHER,0.0,2026,0.0,B.OPR INT
2025-02-01,2025,2,CMA,0.0,2026,0.0,B.OPR INT
2025-02-01,2025,2,EMC,0.0,2026,0.0,B.OPR INT
2025-02-01,2025,2,MSC,0.0,2026,0.0,B.OPR INT
2025-02-01,2025,2,ONE,0.0,2026,0.0,B.OPR INT
2025-02-01,2025,2,MSK,0.0,2026,0.0,B.OPR INT
2025-02-01,2025,2,WHL,0.0,2026,0.0,B.OPR INT
2025-02-01,2025,2,COSCO,0.0,2026,0.0,B.OPR INT
2025-02-01,2025,2,OOCL,0.0,2026,0.0,B.OPR INT
2025-02-01,2025,2,RCL,0.0,2026,0.0,B.OPR INT
2025-02-01,2025,2,SITC,0.0,2026,0.0,B.OPR INT
2025-02-01,2025,2,HPL,0.0,2026,0.0,B.OPR INT
2025-02-01,2025,2,YML,0.0,2026,0.0,B.OPR INT
2025-02-01,2025,2,KMTC,0.0,2026,0.0,B.OPR INT
2025-02-01,2025,2,GSL,0.0,2026,0.0,B.OPR INT
2025-02-01,2025,2,PIL,0.0,2026,0.0,B.OPR INT
2025-02-01,2025,2,SSL,0.0,2026,0.0,B.OPR INT
2025-02-01,2025,2,HMM,0.0,2026,0.0,B.OPR INT
2025-02-01,2025,2,ANL,0.0,2026,0.0,B.OPR INT
2025-02-01,2025,2,XCL,0.0,2026,0.0,B.OPR INT
2025-02-01,2025,2,KRL,0.0,2026,0.0,B.OPR INT
2025-02-01,2025,2,KSL,0.0,2026,0.0,B.OPR INT
2025-02-01,2025,2,MELL,0.0,2026,0.0,B.OPR INT
2025-02-01,2025,2,OTHER,0.0,2026,0.0,B.OPR INT
2025-03-01,2025,3,CMA,0.0,2026,0.0,B.OPR INT
2025-03-02,2025,3,SSL,0.0,2026,0.0,B.OPR INT
2025-03-03,2025,3,MSK,0.0,2026,0.0,B.OPR INT
2025-03-04,2025,3,EMC,0.0,2026,0.0,B.OPR INT
2025-03-05,2025,3,MSC,0.0,2026,0.0,B.OPR INT
2025-03-06,2025,3,COS,0.0,2026,0.0,B.OPR INT
2025-03-07,2025,3,WHL,0.0,2026,0.0,B.OPR INT
2025-03-08,2025,3,SIT,0.0,2026,0.0,B.OPR INT
2025-03-09,2025,3,OOL,0.0,2026,0.0,B.OPR INT
2025-03-10,2025,3,KMT,0.0,2026,0.0,B.OPR INT
2025-03-11,2025,3,ONE,0.0,2026,0.0,B.OPR INT
2025-03-12,2025,3,YML,0.0,2026,0.0,B.OPR INT
2025-03-13,2025,3,GSL,0.0,2026,0.0,B.OPR INT
2025-03-14,2025,3,NSS,0.0,2026,0.0,B.OPR INT
2025-03-15,2025,3,ANL,0.0,2026,0.0,B.OPR INT
2025-03-16,2025,3,TSL,0.0,2026,0.0,B.OPR INT
2025-03-17,2025,3,RCL,0.0,2026,0.0,B.OPR INT
2025-03-18,2025,3,LMA,0.0,2026,0.0,B.OPR INT
2025-03-19,2025,3,BEN,0.0,2026,0.0,B.OPR INT
2025-03-20,2025,3,HPL,0.0,2026,0.0,B.OPR INT
2025-03-21,2025,3,PIL,0.0,2026,0.0,B.OPR INT
2025-03-22,2025,3,KAL,0.0,2026,0.0,B.OPR INT
2025-03-23,2025,3,XCL,0.0,2026,0.0,B.OPR INT
2025-03-24,2025,3,KSL,0.0,2026,0.0,B.OPR INT
2025-03-25,2025,3,ACL,0.0,2026,0.0,B.OPR INT
2025-03-26,2025,3,ESL,0.0,2026,0.0,B.OPR INT
2025-04-02,2025,4,CMA,0.0,2026,0.0,B.OPR INT
2025-04-03,2025,4,SSL,0.0,2026,0.0,B.OPR INT
2025-04-04,2025,4,MSK,0.0,2026,0.0,B.OPR INT
2025-04-05,2025,4,EMC,0.0,2026,0.0,B.OPR INT
2025-04-06,2025,4,MSC,0.0,2026,0.0,B.OPR INT
2025-04-07,2025,4,COS,0.0,2026,0.0,B.OPR INT
2025-04-08,2025,4,WHL,0.0,2026,0.0,B.OPR INT
2025-04-09,2025,4,SIT,0.0,2026,0.0,B.OPR INT
2025-04-10,2025,4,OOL,0.0,2026,0.0,B.OPR INT
2025-04-11,2025,4,ONE,0.0,2026,0.0,B.OPR INT
2025-04-12,2025,4,KMT,0.0,2026,0.0,B.OPR INT
2025-04-13,2025,4,GSL,0.0,2026,0.0,B.OPR INT
2025-04-14,2025,4,YML,0.0,2026,0.0,B.OPR INT
2025-04-15,2025,4,NSS,0.0,2026,0.0,B.OPR INT
2025-04-16,2025,4,TSL,0.0,2026,0.0,B.OPR INT
2025-04-17,2025,4,ANL,0.0,2026,0.0,B.OPR INT
2025-04-18,2025,4,RCL,0.0,2026,0.0,B.OPR INT
2025-04-19,2025,4,LMA,0.0,2026,0.0,B.OPR INT
2025-04-20,2025,4,BEN,0.0,2026,0.0,B.OPR INT
2025-04-21,2025,4,HPL,0.0,2026,0.0,B.OPR INT
2025-04-22,2025,4,PIL,0.0,2026,0.0,B.OPR INT
2025-04-23,2025,4,KAL,0.0,2026,0.0,B.OPR INT
2025-04-24,2025,4,XCL,0.0,2026,0.0,B.OPR INT
2025-04-25,2025,4,KSL,0.0,2026,0.0,B.OPR INT
2025-04-26,2025,4,ACL,0.0,2026,0.0,B.OPR INT
2025-04-27,2025,4,ESL,0.0,2026,0.0,B.OPR INT
2025-05-04,2025,5,CMA,0.0,2026,0.0,B.OPR INT
2025-05-05,2025,5,MSK,0.0,2026,0.0,B.OPR INT
2025-05-06,2025,5,EMC,0.0,2026,0.0,B.OPR INT
2025-05-07,2025,5,ONE,0.0,2026,0.0,B.OPR INT
2025-05-08,2025,5,COSCO,0.0,2026,0.0,B.OPR INT
2025-05-09,2025,5,MSC,0.0,2026,0.0,B.OPR INT
2025-05-10,2025,5,OOCL,0.0,2026,0.0,B.OPR INT
2025-05-11,2025,5,WHL,0.0,2026,0.0,B.OPR INT
2025-05-12,2025,5,SITC,0.0,2026,0.0,B.OPR INT
2025-05-13,2025,5,RCL,0.0,2026,0.0,B.OPR INT
2025-05-14,2025,5,HAPAG,0.0,2026,0.0,B.OPR INT
2025-05-15,2025,5,YML,0.0,2026,0.0,B.OPR INT
2025-05-16,2025,5,KMTC,0.0,2026,0.0,B.OPR INT
2025-05-17,2025,5,GSL,0.0,2026,0.0,B.OPR INT
2025-05-18,2025,5,SSL,0.0,2026,0.0,B.OPR INT
2025-05-19,2025,5,PIL,0.0,2026,0.0,B.OPR INT
2025-05-20,2025,5,TSL,0.0,2026,0.0,B.OPR INT
2025-05-21,2025,5,NSS,0.0,2026,0.0,B.OPR INT
2025-05-22,2025,5,OTHERS,0.0,2026,0.0,B.OPR INT
2025-05-23,2025,5,XCL,0.0,2026,0.0,B.OPR INT
2025-05-24,2025,5,HMM,0.0,2026,0.0,B.OPR INT
2025-05-25,2025,5,MELL,0.0,2026,0.0,B.OPR INT
2025-05-26,2025,5,SWI,0.0,2026,0.0,B.OPR INT
2025-05-27,2025,5,KRL,0.0,2026,0.0,B.OPR INT
2025-05-28,2025,5,BEN,0.0,2026,0.0,B.OPR INT
2025-05-29,2025,5,KSL,0.0,2026,0.0,B.OPR INT
2025-06-01,2025,6,CMA,0.0,2026,0.0,B.OPR INT
2025-06-01,2025,6,MSK,0.0,2026,0.0,B.OPR INT
2025-06-01,2025,6,EMC,0.0,2026,0.0,B.OPR INT
2025-06-01,2025,6,ONE,0.0,2026,0.0,B.OPR INT
2025-06-01,2025,6,COSCO,0.0,2026,0.0,B.OPR INT
2025-06-01,2025,6,MSC,0.0,2026,0.0,B.OPR INT
2025-06-01,2025,6,OOCL,0.0,2026,0.0,B.OPR INT
2025-06-01,2025,6,WHL,0.0,2026,0.0,B.OPR INT
2025-06-01,2025,6,SITC,0.0,2026,0.0,B.OPR INT
2025-06-01,2025,6,RCL,0.0,2026,0.0,B.OPR INT
2025-06-01,2025,6,HAPAG,0.0,2026,0.0,B.OPR INT
2025-06-01,2025,6,YML,0.0,2026,0.0,B.OPR INT
2025-06-01,2025,6,KMTC,0.0,2026,0.0,B.OPR INT
2025-06-01,2025,6,GSL,0.0,2026,0.0,B.OPR INT
2025-06-01,2025,6,SSL,0.0,2026,0.0,B.OPR INT
2025-06-01,2025,6,PIL,0.0,2026,0.0,B.OPR INT
2025-06-01,2025,6,TSL,0.0,2026,0.0,B.OPR INT
2025-06-01,2025,6,NSS,0.0,2026,0.0,B.OPR INT
2025-06-02,2025,6,OTHERS,0.0,2026,0.0,B.OPR INT
2025-06-03,2025,6,XCL,0.0,2026,0.0,B.OPR INT
2025-06-04,2025,6,HMM,0.0,2026,0.0,B.OPR INT
2025-06-05,2025,6,MELL,0.0,2026,0.0,B.OPR INT
2025-06-06,2025,6,SWI,0.0,2026,0.0,B.OPR INT
2025-06-07,2025,6,KRL,0.0,2026,0.0,B.OPR INT
2025-06-08,2025,6,BEN,0.0,2026,0.0,B.OPR INT
2025-06-09,2025,6,KSL,0.0,2026,0.0,B.OPR INT
2025-07-01,2025,7,OOCL,0.0,2026,0.0,B.OPR INT
2025-07-01,2025,7,RCL,0.0,2026,0.0,B.OPR INT
2025-07-01,2025,7,SITC,0.0,2026,0.0,B.OPR INT
2025-07-01,2025,7,HAPAG,0.0,2026,0.0,B.OPR INT
2025-07-01,2025,7,YML,0.0,2026,0.0,B.OPR INT
2025-07-01,2025,7,KMTC,0.0,2026,0.0,B.OPR INT
2025-07-01,2025,7,OTHER,0.0,2026,0.0,B.OPR INT
2025-07-01,2025,7,GSL,0.0,2026,0.0,B.OPR INT
2025-07-01,2025,7,SSL,0.0,2026,0.0,B.OPR INT
2025-07-01,2025,7,PIL,0.0,2026,0.0,B.OPR INT
2025-07-01,2025,7,ANL,0.0,2026,0.0,B.OPR INT
2025-07-01,2025,7,HMM,0.0,2026,0.0,B.OPR INT
2025-07-01,2025,7,XCL,0.0,2026,0.0,B.OPR INT
2025-07-01,2025,7,MELL,0.0,2026,0.0,B.OPR INT
2025-07-01,2025,7,KRL,0.0,2026,0.0,B.OPR INT
2025-07-01,2025,7,KSL,0.0,2026,0.0,B.OPR INT
2025-08-01,2025,8,CMA,0.0,2026,0.0,B.OPR INT
2025-08-01,2025,8,EMC,0.0,2026,0.0,B.OPR INT
2025-08-01,2025,8,MSK,0.0,2026,0.0,B.OPR INT
2025-08-01,2025,8,MSC,0.0,2026,0.0,B.OPR INT
2025-08-01,2025,8,ONE,0.0,2026,0.0,B.OPR INT
2025-08-01,2025,8,WHL,0.0,2026,0.0,B.OPR INT
2025-08-01,2025,8,COSCO,0.0,2026,0.0,B.OPR INT
2025-08-01,2025,8,OOCL,0.0,2026,0.0,B.OPR INT
2025-08-01,2025,8,RCL,0.0,2026,0.0,B.OPR INT
2025-08-01,2025,8,SITC,0.0,2026,0.0,B.OPR INT
2025-08-01,2025,8,HAPAG,0.0,2026,0.0,B.OPR INT
2025-08-01,2025,8,YML,0.0,2026,0.0,B.OPR INT
2025-08-01,2025,8,KMTC,0.0,2026,0.0,B.OPR INT
2025-08-01,2025,8,OTHER,0.0,2026,0.0,B.OPR INT
2025-08-01,2025,8,GSL,0.0,2026,0.0,B.OPR INT
2025-08-01,2025,8,SSL,0.0,2026,0.0,B.OPR INT
2025-08-01,2025,8,PIL,0.0,2026,0.0,B.OPR INT
2025-08-01,2025,8,ANL,0.0,2026,0.0,B.OPR INT
2025-08-01,2025,8,HMM,0.0,2026,0.0,B.OPR INT
2025-08-01,2025,8,XCL,0.0,2026,0.0,B.OPR INT
2025-08-01,2025,8,MELL,0.0,2026,0.0,B.OPR INT
2025-08-01,2025,8,BEN,0.0,2026,0.0,B.OPR INT
2025-08-01,2025,8,KRL,0.0,2026,0.0,B.OPR INT
2025-09-01,2025,9,CMA,0.0,2026,0.0,B.OPR INT
2025-09-01,2025,9,EMC,0.0,2026,0.0,B.OPR INT
2025-09-01,2025,9,MSK,0.0,2026,0.0,B.OPR INT
2025-09-01,2025,9,MSC,0.0,2026,0.0,B.OPR INT
2025-09-01,2025,9,ONE,0.0,2026,0.0,B.OPR INT
2025-09-01,2025,9,WHL,0.0,2026,0.0,B.OPR INT
2025-09-01,2025,9,COSCO,0.0,2026,0.0,B.OPR INT
2025-09-01,2025,9,OOCL,0.0,2026,0.0,B.OPR INT
2025-09-01,2025,9,RCL,0.0,2026,0.0,B.OPR INT
2025-09-01,2025,9,SITC,0.0,2026,0.0,B.OPR INT
2025-09-01,2025,9,HAPAG,0.0,2026,0.0,B.OPR INT
2025-09-01,2025,9,YML,0.0,2026,0.0,B.OPR INT
2025-09-01,2025,9,KMTC,0.0,2026,0.0,B.OPR INT
2025-09-01,2025,9,OTHER,0.0,2026,0.0,B.OPR INT
2025-09-01,2025,9,GSL,0.0,2026,0.0,B.OPR INT
2025-09-01,2025,9,SSL,0.0,2026,0.0,B.OPR INT
2025-09-01,2025,9,PIL,0.0,2026,0.0,B.OPR INT
2025-09-01,2025,9,ANL,0.0,2026,0.0,B.OPR INT
2025-09-01,2025,9,HMM,0.0,2026,0.0,B.OPR INT
2025-09-01,2025,9,XCL,0.0,2026,0.0,B.OPR INT
2025-09-01,2025,9,MELL,0.0,2026,0.0,B.OPR INT
2025-09-01,2025,9,BEN,0.0,2026,0.0,B.OPR INT
2025-09-01,2025,9,KRL,0.0,2026,0.0,B.OPR INT
2025-10-01,2025,10,CMA,0.0,2026,0.0,B.OPR INT
2025-10-01,2025,10,EMC,0.0,2026,0.0,B.OPR INT
2025-10-01,2025,10,MSK,0.0,2026,0.0,B.OPR INT
2025-10-01,2025,10,MSC,0.0,2026,0.0,B.OPR INT
2025-10-01,2025,10,ONE,0.0,2026,0.0,B.OPR INT
2025-10-01,2025,10,WHL,0.0,2026,0.0,B.OPR INT
2025-10-01,2025,10,COSCO,0.0,2026,0.0,B.OPR INT
2025-10-01,2025,10,OOCL,0.0,2026,0.0,B.OPR INT
2025-10-01,2025,10,RCL,0.0,2026,0.0,B.OPR INT
2025-10-01,2025,10,SITC,0.0,2026,0.0,B.OPR INT
2025-10-01,2025,10,HAPAG,0.0,2026,0.0,B.OPR INT
2025-10-01,2025,10,YML,0.0,2026,0.0,B.OPR INT
2025-10-01,2025,10,KMTC,0.0,2026,0.0,B.OPR INT
2025-10-01,2025,10,OTHER,0.0,2026,0.0,B.OPR INT
2025-10-01,2025,10,GSL,0.0,2026,0.0,B.OPR INT
2025-10-01,2025,10,SSL,0.0,2026,0.0,B.OPR INT
2025-10-01,2025,10,PIL,0.0,2026,0.0,B.OPR INT
2025-10-01,2025,10,ANL,0.0,2026,0.0,B.OPR INT
2025-10-01,2025,10,HMM,0.0,2026,0.0,B.OPR INT
2025-10-01,2025,10,XCL,0.0,2026,0.0,B.OPR INT
2025-10-01,2025,10,MELL,0.0,2026,0.0,B.OPR INT
2025-10-01,2025,10,BEN,0.0,2026,0.0,B.OPR INT
2025-10-01,2025,10,KRL,0.0,2026,0.0,B.OPR INT
2025-11-01,2025,11,CMA,0.0,2026,0.0,B.OPR INT
2025-11-01,2025,11,EMC,0.0,2026,0.0,B.OPR INT
2025-11-01,2025,11,MSK,0.0,2026,0.0,B.OPR INT
2025-11-01,2025,11,MSC,0.0,2026,0.0,B.OPR INT
2025-11-01,2025,11,ONE,0.0,2026,0.0,B.OPR INT
2025-11-01,2025,11,WHL,0.0,2026,0.0,B.OPR INT
2025-11-01,2025,11,COSCO,0.0,2026,0.0,B.OPR INT
2025-11-01,2025,11,OOCL,0.0,2026,0.0,B.OPR INT
2025-11-01,2025,11,RCL,0.0,2026,0.0,B.OPR INT
2025-11-01,2025,11,HAPAG,0.0,2026,0.0,B.OPR INT
2025-11-01,2025,11,SITC,0.0,2026,0.0,B.OPR INT
2025-11-01,2025,11,KMTC,0.0,2026,0.0,B.OPR INT
2025-11-01,2025,11,YML,0.0,2026,0.0,B.OPR INT
2025-11-01,2025,11,GSL,0.0,2026,0.0,B.OPR INT
2025-11-01,2025,11,OTHER,0.0,2026,0.0,B.OPR INT
2025-11-01,2025,11,SSL,0.0,2026,0.0,B.OPR INT
2025-11-01,2025,11,PIL,0.0,2026,0.0,B.OPR INT
2025-11-01,2025,11,ANL,0.0,2026,0.0,B.OPR INT
2025-11-01,2025,11,HMM,0.0,2026,0.0,B.OPR INT
2025-11-01,2025,11,XCL,0.0,2026,0.0,B.OPR INT
2025-11-01,2025,11,MELL,0.0,2026,0.0,B.OPR INT
2025-11-01,2025,11,BEN,0.0,2026,0.0,B.OPR INT
2025-11-01,2025,11,KRL,0.0,2026,0.0,B.OPR INT
2025-12-01,2025,12,CMA,0.0,2026,0.0,B.OPR INT
2025-12-01,2025,12,MSK,0.0,2026,0.0,B.OPR INT
2025-12-01,2025,12,EMC,0.0,2026,0.0,B.OPR INT
2025-12-01,2025,12,MSC,0.0,2026,0.0,B.OPR INT
2025-12-01,2025,12,ONE,0.0,2026,0.0,B.OPR INT
2025-12-01,2025,12,COSCO,0.0,2026,0.0,B.OPR INT
2025-12-01,2025,12,OOCL,0.0,2026,0.0,B.OPR INT
2025-12-01,2025,12,WHL,0.0,2026,0.0,B.OPR INT
2025-12-01,2025,12,SITC,0.0,2026,0.0,B.OPR INT
2025-12-01,2025,12,HAPAG,0.0,2026,0.0,B.OPR INT
2025-12-01,2025,12,RCL,0.0,2026,0.0,B.OPR INT
2025-12-01,2025,12,PIL,0.0,2026,0.0,B.OPR INT
2025-12-01,2025,12,YML,0.0,2026,0.0,B.OPR INT
2025-12-01,2025,12,KMTC,0.0,2026,0.0,B.OPR INT
2025-12-01,2025,12,OTHERS,0.0,2026,0.0,B.OPR INT
2025-12-01,2025,12,TSL,0.0,2026,0.0,B.OPR INT
2025-12-01,2025,12,SSL,0.0,2026,0.0,B.OPR INT
2025-12-01,2025,12,GSL,0.0,2026,0.0,B.OPR INT
2025-12-01,2025,12,NSS,0.0,2026,0.0,B.OPR INT
2025-12-01,2025,12,HMM,0.0,2026,0.0,B.OPR INT
2025-12-01,2025,12,XCL,0.0,2026,0.0,B.OPR INT
2025-12-01,2025,12,SWI,0.0,2026,0.0,B.OPR INT
2025-12-01,2025,12,MELL,0.0,2026,0.0,B.OPR INT
2025-12-02,2025,12,KRL,0.0,2026,0.0,B.OPR INT
2026-01-01,2026,1,CMA,0.1683,2026,25049.0,B.OPR INT
2026-01-02,2026,1,EMC,0.1768,2026,16841.0,B.OPR INT
2026-01-03,2026,1,MSK,0.0499,2026,14918.0,B.OPR INT
2026-01-04,2026,1,MSC,0.4508,2026,12944.0,B.OPR INT
2026-01-05,2026,1,ONE,-0.0993,2026,11806.0,B.OPR INT
2026-01-06,2026,1,COSCO,-0.4347,2026,6690.0,B.OPR INT
2026-01-07,2026,1,OOCL,-0.1427,2026,5575.0,B.OPR INT
2026-01-08,2026,1,PIL,1.6793,2026,3601.0,B.OPR INT
2026-01-09,2026,1,HAPAG,-0.0732,2026,2910.0,B.OPR INT
2026-01-10,2026,1,SITC,-0.3406,2026,2799.0,B.OPR INT
2026-01-11,2026,1,WHL,-0.5851,2026,2695.0,B.OPR INT
2026-01-12,2026,1,RCL,-0.2345,2026,2615.0,B.OPR INT
2026-01-13,2026,1,YML,-0.0046,2026,2143.0,B.OPR INT
2026-01-14,2026,1,SSL,0.2373,2026,1674.0,B.OPR INT
2026-01-15,2026,1,KMTC,-0.2787,2026,1537.0,B.OPR INT
2026-01-16,2026,1,TSL,0.0,2026,1421.0,B.OPR INT
2026-01-17,2026,1,HMM,1.7778,2026,1175.0,B.OPR INT
2026-01-18,2026,1,GSL,-0.231,2026,1082.0,B.OPR INT
2026-01-19,2026,1,OTHERS,0.1077,2026,967.0,B.OPR INT
2026-01-20,2026,1,XCL,0.4459,2026,856.0,B.OPR INT
2026-01-21,2026,1,NSS,0.0,2026,683.0,B.OPR INT
2026-01-22,2026,1,SWI,9.5769,2026,275.0,B.OPR INT
2026-01-23,2026,1,MELL,-0.465,2026,130.0,B.OPR INT
2026-01-24,2026,1,KRL,0.0,2026,0.0,B.OPR INT
2026-01-25,2026,1,BEN,0.0,2026,0.0,B.OPR INT
2026-01-26,2026,1,KSL,0.0,2026,0.0,B.OPR INT
